Accelerator,Steering Wheel,Brake
0.0011053383350372314,0.5013613700866699,-0.0037860581651329994
0.0011040889658033848,0.5013766288757324,-0.0037685884162783623
0.0011122473515570164,0.5013806819915771,-0.0037650223821401596
0.0011233189143240452,0.5013707280158997,-0.0037551606073975563
0.00111295934766531,0.5013637542724609,-0.0037421761080622673
0.0010940656065940857,0.5013628005981445,-0.003748788498342037
0.0010952684096992016,0.5013730525970459,-0.0037562157958745956
0.0011169295758008957,0.5013654828071594,-0.0037611937150359154
0.0011105290614068508,0.5013734102249146,-0.003778577782213688
0.0011249356903135777,0.5013747215270996,-0.00375183392316103
0.0011174795217812061,0.501370370388031,-0.0037792259827256203
0.0011038999073207378,0.5013798475265503,-0.003809426911175251
0.0011028330773115158,0.5013591051101685,-0.003785761073231697
0.0010815802961587906,0.5013673305511475,-0.0037853801622986794
0.0010606576688587666,0.5013828277587891,-0.0038052378222346306
0.001051093451678753,0.5013789534568787,-0.003801182843744755
0.00107128219678998,0.5013777613639832,-0.0037799980491399765
0.0010747122578322887,0.5013843774795532,-0.0038007358089089394
0.001094777137041092,0.5013712644577026,-0.0038127517327666283
0.001092816237360239,0.5013613700866699,-0.003807918168604374
0.0010965554974973202,0.5013752579689026,-0.0038015805184841156
0.001092792022973299,0.5013683438301086,-0.003786858171224594
0.0011098673567175865,0.5013706088066101,-0.0037954915314912796
0.0010837502777576447,0.5013801455497742,-0.003805987536907196
0.0010885805822908878,0.5013657808303833,-0.0038023926317691803
0.0010731234215199947,0.5013689398765564,-0.0038102297112345695
0.001077528577297926,0.5013638138771057,-0.0038161873817443848
0.0011012139730155468,0.5013710260391235,-0.0038150157779455185
0.0010717441327869892,0.5013718605041504,-0.003785335458815098
0.0010789036750793457,0.5013799667358398,-0.0038215145468711853
0.0011033625341951847,0.5013541579246521,-0.0038187578320503235
0.0011155139654874802,0.501356840133667,-0.0037922821938991547
0.0011270707473158836,0.5013838410377502,-0.003788227215409279
0.0011217091232538223,0.5013688802719116,-0.003764541819691658
0.0011293143033981323,0.5013691782951355,-0.003749990835785866
0.0011081062257289886,0.5013680458068848,-0.0037652384489774704
0.0011210115626454353,0.5013583302497864,-0.003782767802476883
0.0011219470761716366,0.5013650059700012,-0.003767548128962517
0.0011192052625119686,0.5013605356216431,-0.0037910426035523415
0.0011103656142950058,0.5013541579246521,-0.003790592774748802
0.001105794683098793,0.5013703107833862,-0.0037618232890963554
0.0011209291405975819,0.5013730525970459,-0.003768777474761009
0.001144962850958109,0.5013626217842102,-0.0037646256387233734
0.0011610370129346848,0.5013419389724731,-0.0037709632888436317
0.001202036626636982,0.5013351440429688,-0.003854457288980484
0.001194873359054327,0.5013341307640076,-0.003980879671871662
0.001208741683512926,0.5013214349746704,-0.004092096351087093
0.001243196427822113,0.5013316869735718,-0.004241890273988247
0.001270295586436987,0.5012434124946594,-0.00425692368298769
0.0014413222670555115,0.5012071132659912,-0.00409757811576128
0.0016225124709308147,0.5012064576148987,-0.004075861535966396
0.0016641011461615562,0.5011959671974182,-0.004009944386780262
0.0015825903974473476,0.5012645125389099,-0.004042438231408596
0.0012846379540860653,0.5013070106506348,-0.004282064735889435
0.001028161495923996,0.501336932182312,-0.004575742408633232
0.0006776708178222179,0.5013223886489868,-0.00488529447466135
0.0005701952613890171,0.5013089179992676,-0.005132250487804413
0.0004362049512565136,0.5013449788093567,-0.005292578600347042
0.000261697918176651,0.5013419985771179,-0.005318217910826206
0.00025481078773736954,0.5013477802276611,-0.005227940157055855
0.00025689927861094475,0.5013148784637451,-0.005163256078958511
0.000297358725219965,0.5012853145599365,-0.005138630047440529
0.00041426485404372215,0.5012805461883545,-0.005164767615497112
0.00041209766641259193,0.5013588666915894,-0.005242005921900272
0.0004860353656113148,0.5013280510902405,-0.0053759366273880005
0.00045733386650681496,0.5012528896331787,-0.0055951401591300964
0.0004558502696454525,0.5012544989585876,-0.0056874072179198265
0.0005099358968436718,0.5012514591217041,-0.005625800229609013
0.0004658154211938381,0.5012863874435425,-0.005637397989630699
0.0004438105970621109,0.501156210899353,-0.005737431347370148
0.0004254351370036602,0.5011284947395325,-0.005897905677556992
0.0005224347114562988,0.501175045967102,-0.0059662796556949615
0.00045127514749765396,0.5011526942253113,-0.006091151386499405
0.000307359267026186,0.5010861754417419,-0.006107160821557045
0.00022560730576515198,0.5011131763458252,-0.005871662870049477
-3.358256071805954e-05,0.501159131526947,-0.005296031013131142
-0.00015694927424192429,0.5012436509132385,-0.004885794594883919
-0.0003821374848484993,0.5013455152511597,-0.004899710416793823
-0.0006144503131508827,0.5014184713363647,-0.0048999181017279625
-0.0007145456038415432,0.5015357136726379,-0.004953070543706417
-0.0007084538228809834,0.5015289783477783,-0.004683402366936207
-0.00045853201299905777,0.5014928579330444,-0.004244332201778889
-0.00013474654406309128,0.5014480352401733,-0.004032563418149948
7.901806384325027e-05,0.5014774799346924,-0.0041680848225951195
-0.00016955845057964325,0.5013973712921143,-0.004529180936515331
-0.00034381868317723274,0.5014153122901917,-0.00455769058316946
-0.00036773039028048515,0.5014811158180237,-0.004205186851322651
-0.0003508324734866619,0.501390278339386,-0.003931315615773201
-0.00010719336569309235,0.5014356374740601,-0.00389301311224699
-7.116468623280525e-05,0.5014984607696533,-0.004159698262810707
-0.0002649347297847271,0.5015418529510498,-0.004700451157987118
-0.0005197734571993351,0.5013532042503357,-0.005178617313504219
-0.000872595701366663,0.5012676119804382,-0.0053245797753334045
-0.0010493225418031216,0.501352071762085,-0.005516635254025459
-0.0009912247769534588,0.5016096234321594,-0.005211367271840572
-0.001162718515843153,0.5015717148780823,-0.004759207367897034
-0.0010537588968873024,0.5016826391220093,-0.0048080915585160255
-0.0012395139783620834,0.5017750263214111,-0.005318312905728817
-0.0016829264350235462,0.5017867088317871,-0.005545248277485371
-0.0017982791177928448,0.5019688606262207,-0.005352891981601715
-0.0021450663916766644,0.5022638440132141,-0.005067815072834492
-0.0017621167935431004,0.5021094083786011,-0.005258950404822826
-0.0015714503824710846,0.5016758441925049,-0.0057334015145897865
-0.0003354772925376892,0.5016491413116455,-0.006150579079985619
0.00027979258447885513,0.5016889572143555,-0.0055687641724944115
0.0007982267998158932,0.501179039478302,-0.004075293429195881
0.0005622315220534801,0.5012396574020386,-0.00402446836233139
-5.7898927479982376e-05,0.5012166500091553,-0.004399382509291172
-0.0006400039419531822,0.501011312007904,-0.005369804799556732
-0.0012678001075983047,0.501416027545929,-0.0062364861369132996
-0.001557334791868925,0.5013747811317444,-0.006345955654978752
-0.00130187114700675,0.5013614892959595,-0.006294611841440201
-0.0011412645690143108,0.5015526413917542,-0.006335807964205742
-0.0008156532421708107,0.5018373131752014,-0.005980437621474266
-0.0005067288875579834,0.5019336342811584,-0.0057878680527210236
-0.001419256441295147,0.5020279288291931,-0.00556725449860096
-0.001531403511762619,0.5018754601478577,-0.0059906188398599625
-0.002552978228777647,0.502123236656189,-0.005648583173751831
-0.0017984532751142979,0.5020484328269958,-0.005485894158482552
-0.0016903704963624477,0.5020623803138733,-0.0049964068457484245
-0.002073716837912798,0.5024979114532471,-0.005168860778212547
-0.002560970839112997,0.5022836327552795,-0.004916033707559109
-0.0025500007905066013,0.5022455453872681,-0.004580758512020111
-0.002938773948699236,0.502220869064331,-0.004422968253493309
-0.0021806047298014164,0.5021210312843323,-0.00413909275084734
-0.0023954673670232296,0.5019875168800354,-0.003326461650431156
-0.0015423381701111794,0.501793622970581,-0.0029241302981972694
-0.0008953064680099487,0.5016843676567078,-0.0026859957724809647
-0.0006032921373844147,0.5017082691192627,-0.002569034695625305
-6.089732050895691e-05,0.5018631219863892,-0.0018481453880667686
0.00025478051975369453,0.5017838478088379,-0.0013201115652918816
0.0005895295180380344,0.5016844868659973,-0.0010333778336644173
0.0011930130422115326,0.5014599561691284,-0.0007667066529393196
0.0014123022556304932,0.5015575885772705,-0.000540541484951973
0.0017533828504383564,0.5015871524810791,-0.0004136767238378525
0.0016003921627998352,0.5014888644218445,-0.0006061811000108719
0.0013903421349823475,0.5014705061912537,-0.0012405607849359512
0.0014883540570735931,0.5014314651489258,-0.0018680505454540253
0.0015449551865458488,0.5013529062271118,-0.0022012945264577866
0.0015864265151321888,0.5014095306396484,-0.0023266486823558807
0.001712967175990343,0.5014048218727112,-0.0022283298894762993
0.001585470512509346,0.5014616847038269,-0.0021734731271862984
0.0015659998171031475,0.5016299486160278,-0.0019068820402026176
0.0016229795292019844,0.5017484426498413,-0.0017651589587330818
0.001333164982497692,0.5018218755722046,-0.0015905508771538734
0.0010413522832095623,0.5017208456993103,-0.0018104445189237595
0.0006380951963365078,0.5019193887710571,-0.002146572805941105
0.0007358095608651638,0.5014866590499878,-0.0024183206260204315
0.0007543931715190411,0.5015426874160767,-0.0026394110172986984
0.0012105624191462994,0.5017774105072021,-0.00213022343814373
0.0013839327730238438,0.5017316341400146,-0.0016371486708521843
0.001811391208320856,0.5017087459564209,-0.0016122981905937195
0.001678920816630125,0.5017776489257812,-0.0017834585160017014
0.0015789936296641827,0.5016686320304871,-0.0017196983098983765
0.0018892530351877213,0.5015334486961365,-0.001808171160519123
0.0017985226586461067,0.5015116930007935,-0.0016832351684570312
0.0017390395514667034,0.501655638217926,-0.0017612427473068237
0.0018525635823607445,0.5017444491386414,-0.0018948204815387726
0.001344666350632906,0.5017192363739014,-0.0020598284900188446
0.001118633896112442,0.501783549785614,-0.002213810570538044
0.0012871022336184978,0.5017697811126709,-0.0021461350843310356
0.001117868348956108,0.5017564296722412,-0.0021656397730112076
0.0010776934213936329,0.5017757415771484,-0.0024697287008166313
0.0009846314787864685,0.5017675757408142,-0.0027064373716712
0.00046119699254631996,0.5019835233688354,-0.0029051341116428375
0.000323660671710968,0.5020574331283569,-0.002650698646903038
0.00028470950201153755,0.501953125,-0.002476942725479603
0.000553566962480545,0.5017321705818176,-0.002560584805905819
0.0005474123172461987,0.5016281008720398,-0.0024843988940119743
0.0005462286062538624,0.5014163851737976,-0.0024862512946128845
0.0003980877809226513,0.5012417435646057,-0.0025782855227589607
0.00013482524082064629,0.5013823509216309,-0.002980145625770092
-0.00016607297584414482,0.5016238689422607,-0.0033305399119853973
-0.0006529134698212147,0.5017496943473816,-0.003647652454674244
-0.0008807145059108734,0.501907229423523,-0.0038601839914917946
-0.0007366901263594627,0.5020491480827332,-0.0035843737423419952
-0.0005010068416595459,0.5019057989120483,-0.003171110525727272
-2.1131709218025208e-06,0.5016855597496033,-0.0026946403086185455
0.00012359395623207092,0.5014950633049011,-0.0024012699723243713
-0.00038162432610988617,0.5015018582344055,-0.0026007797569036484
-0.0006473078392446041,0.5013852715492249,-0.0026177819818258286
-0.0007793824188411236,0.5013098120689392,-0.0025057904422283173
-0.0010858350433409214,0.5013024210929871,-0.0024577034637331963
-0.0014093732461333275,0.5014798045158386,-0.002304854802787304
-0.0015297243371605873,0.5016218423843384,-0.002056848257780075
-0.001574282068759203,0.5017457008361816,-0.0019670380279421806
-0.0015640067867934704,0.5017163753509521,-0.0018847938627004623
-0.0015954258851706982,0.5016611218452454,-0.0018871314823627472
-0.001671948004513979,0.5016542077064514,-0.0019839396700263023
-0.0016389801166951656,0.5016741156578064,-0.0018597552552819252
-0.0014575081877410412,0.5017033219337463,-0.0017472049221396446
-0.00139180151745677,0.5016927719116211,-0.001768314279615879
-0.0013216393999755383,0.5016790628433228,-0.0017821528017520905
-0.001343639101833105,0.5017141103744507,-0.001781604252755642
-0.0013536768965423107,0.5017237067222595,-0.0018621142953634262
-0.0013965368270874023,0.5017208456993103,-0.0019361451268196106
-0.001447248738259077,0.5017096400260925,-0.0019869161769747734
-0.0014701876789331436,0.5017143487930298,-0.0020094607025384903
-0.0014518438838422298,0.5017291903495789,-0.0020248768851161003
-0.0014465581625699997,0.5017614960670471,-0.002148333005607128
-0.0015024053864181042,0.5017427206039429,-0.002208653837442398
-0.0015203324146568775,0.5017601847648621,-0.0022600162774324417
-0.0016154688782989979,0.5017598271369934,-0.0024302294477820396
-0.0016711163334548473,0.5017619729042053,-0.002704896032810211
-0.0017873677425086498,0.5016986131668091,-0.002861201763153076
-0.0017129932530224323,0.5016918778419495,-0.0031589316204190254
-0.0015126042999327183,0.5014989376068115,-0.0033086566254496574
-0.001343797892332077,0.5014797449111938,-0.00346315186470747
-0.001485419925302267,0.5018382668495178,-0.0038402043282985687
-0.0013755620457231998,0.5015465617179871,-0.004194554872810841
-0.0009040473960340023,0.5012108087539673,-0.004317952319979668
-0.0006767311133444309,0.5013701915740967,-0.0050838906317949295
-0.00023241620510816574,0.5016145706176758,-0.0046363649889826775
8.305860683321953e-05,0.5015212893486023,-0.004374069161713123
0.00043181609362363815,0.501383900642395,-0.004912766627967358
0.00042082369327545166,0.5013778209686279,-0.00460154190659523
0.000282864086329937,0.5012877583503723,-0.004336142912507057
0.00023040315136313438,0.5014424920082092,-0.0044423239305615425
0.0004739263094961643,0.5018190741539001,-0.004022066481411457
0.0009206910617649555,0.5008369088172913,-0.0038476483896374702
0.001158120110630989,0.5009890198707581,-0.004224618896842003
0.0013687810860574245,0.5016873478889465,-0.002972567453980446
0.0015896824188530445,0.5016071796417236,-0.002994343638420105
0.0020398912020027637,0.5012190341949463,-0.0026668692007660866
0.0014258171431720257,0.5011122226715088,-0.00357680581510067
0.0004044617526233196,0.5013460516929626,-0.004563638009130955
0.00019555212929844856,0.5011199116706848,-0.004472106695175171
0.0009835781529545784,0.5013997554779053,-0.004093931056559086
0.0012067975476384163,0.5013808608055115,-0.003557102754712105
0.0013835416175425053,0.501745343208313,-0.003424929454922676
0.0016513806767761707,0.5011802911758423,-0.0037434380501508713
0.0008326470851898193,0.5015434622764587,-0.0034807752817869186
0.0009378432296216488,0.5012080073356628,-0.0032721059396862984
0.0007739095017313957,0.5011923909187317,-0.0032939091324806213
0.0016427631489932537,0.5009080767631531,-0.0026928549632430077
0.0016103480011224747,0.50138258934021,-0.0032462328672409058
0.0016189413145184517,0.5012181997299194,-0.0029300330206751823
0.0015469868667423725,0.5014879703521729,-0.0024703415110707283
0.002107118722051382,0.5012178421020508,-0.0019426504150032997
0.0030421691481024027,0.5012845396995544,-0.0014304043725132942
0.002963123843073845,0.5011820197105408,-0.0010977312922477722
0.003034557681530714,0.5011768341064453,-0.0010754149407148361
0.003567476524040103,0.501015841960907,-0.0013244887813925743
0.003776224097236991,0.5012745261192322,-0.0010214811190962791
0.0033307590056210756,0.5018612146377563,-0.0007495870813727379
0.002443484030663967,0.5015318393707275,-0.0007951157167553902
0.0015281205996870995,0.5010107755661011,-0.0011232290416955948
0.00099572679027915,0.5009159445762634,-0.002249990589916706
0.0007970738224685192,0.5012500882148743,-0.0023065274581313133
0.0015698052011430264,0.5011951327323914,-0.002506142482161522
0.001382680144160986,0.5008254647254944,-0.0028212890028953552
0.0013625570572912693,0.5016424655914307,-0.002346327528357506
0.00088867312297225,0.5013591051101685,-0.00285466481000185
0.0005331980064511299,0.5010886192321777,-0.0038280943408608437
-0.000315655954182148,0.5013242959976196,-0.005383450537919998
-0.0017613940872251987,0.5014374852180481,-0.0066393353044986725
-0.001557360403239727,0.5014351606369019,-0.0065268781036138535
-0.0011445209383964539,0.5014423131942749,-0.006222255527973175
-0.0007881452329456806,0.5015661716461182,-0.0058475881814956665
-0.0006753872148692608,0.5015714168548584,-0.005566851235926151
-0.0008156388066709042,0.50144362449646,-0.005944708362221718
-0.0007776194252073765,0.5011722445487976,-0.006378872320055962
-0.0008047712035477161,0.5010910034179688,-0.006312841549515724
-0.0006658867932856083,0.5012007355690002,-0.005635431967675686
-0.00043520377948880196,0.5014007091522217,-0.00482761487364769
0.0004265857860445976,0.5013045072555542,-0.004607685841619968
0.0007612830959260464,0.5012059807777405,-0.004225199110805988
0.0009844368323683739,0.5017567873001099,-0.0036034919321537018
0.0014070631004869938,0.5019655227661133,-0.0030656708404421806
0.0010900474153459072,0.5014457702636719,-0.0025204960256814957
0.0007659732364118099,0.5009075403213501,-0.0032462365925312042
-0.00020113075152039528,0.5011431574821472,-0.004650206305086613
-0.0007145116105675697,0.501173198223114,-0.005256767384707928
-0.0016760271973907948,0.5013881921768188,-0.006187360733747482
-0.0019680080004036427,0.5014353394508362,-0.005848171189427376
-0.0016949637793004513,0.5015538334846497,-0.005929877981543541
-0.0005157347768545151,0.5016799569129944,-0.005124778486788273
8.412869647145271e-05,0.5012049078941345,-0.004778865724802017
0.00023937830701470375,0.5017259120941162,-0.004523104056715965
-0.00024005956947803497,0.5011429786682129,-0.004697853699326515
0.00024259695783257484,0.5008384585380554,-0.004800829105079174
0.0010117534548044205,0.500881016254425,-0.00513171311467886
0.0011713220737874508,0.5011038780212402,-0.003674730658531189
0.0019755540415644646,0.5010611414909363,-0.0033808713778853416
0.0010813004337251186,0.5012141466140747,-0.004067430272698402
0.0013206573203206062,0.5011699199676514,-0.00340360589325428
0.0003190399147570133,0.5012180805206299,-0.0028210068121552467
0.0010899505577981472,0.5013192296028137,-0.00406158622354269
0.0008612498641014099,0.5013555884361267,-0.003422033041715622
0.001191247720271349,0.5010818839073181,-0.004195073619484901
0.0008895080536603928,0.5017759799957275,-0.004177406430244446
0.0013192989863455296,0.5012560486793518,-0.0032038381323218346
0.0015556961297988892,0.5012522339820862,-0.003344431519508362
0.0014078505337238312,0.501234769821167,-0.0031195301562547684
0.001417773775756359,0.5010755658149719,-0.0033402731642127037
0.0015956978313624859,0.5013958811759949,-0.0024172989651560783
0.0018573598936200142,0.5010156631469727,-0.0024811048060655594
0.0020612021908164024,0.5010035634040833,-0.002946442924439907
0.0017376476898789406,0.5012525320053101,-0.0025351354852318764
0.0010673278011381626,0.5014024972915649,-0.002422252669930458
0.001283392310142517,0.5012180209159851,-0.002437816932797432
0.001800233032554388,0.5014349818229675,-0.0024263793602585793
0.001938471570611,0.5013972520828247,-0.0020580915734171867
0.0015090582892298698,0.5011957287788391,-0.0020431801676750183
0.0012942454777657986,0.501124918460846,-0.0025718724355101585
0.0008676433935761452,0.5011910796165466,-0.003035818226635456
4.422757774591446e-05,0.5011661052703857,-0.0031402213498950005
0.00025558751076459885,0.5014158487319946,-0.0032620662823319435
-0.0001514875330030918,0.5016536116600037,-0.0034315967932343483
0.00016506249085068703,0.5015708804130554,-0.003902170807123184
0.0002546878531575203,0.5012816190719604,-0.004496502690017223
7.182825356721878e-05,0.5011090040206909,-0.004350725561380386
0.00042369402945041656,0.5013221502304077,-0.004817585460841656
0.00046269502490758896,0.5013248324394226,-0.004674163646996021
0.000677810050547123,0.5009952187538147,-0.004360772669315338
0.0008954773657023907,0.5012298226356506,-0.0038841916248202324
0.0012063807807862759,0.5011019706726074,-0.0033555254340171814
0.001324075274169445,0.501139760017395,-0.0031442511826753616
0.0013839253224432468,0.5011351704597473,-0.0028540054336190224
0.001458645798265934,0.5012467503547668,-0.0032854359596967697
0.0011086752638220787,0.5011114478111267,-0.00413602776825428
0.00041196634992957115,0.5011355876922607,-0.004653393290936947
-0.00017955666407942772,0.5012491941452026,-0.004688841290771961
-0.000753581989556551,0.5012182593345642,-0.0040912507101893425
-0.0005940976552665234,0.5014986395835876,-0.003917978145182133
-0.0006385198794305325,0.501240611076355,-0.00456063449382782
-0.0007141320966184139,0.5010891556739807,-0.004967809654772282
-0.00099605368450284,0.5015275478363037,-0.005281815305352211
-0.000769561156630516,0.501910388469696,-0.00512442272156477
-0.0005364813841879368,0.5018579959869385,-0.004904943518340588
-0.00037055928260087967,0.5012321472167969,-0.005367646925151348
-0.0004967772401869297,0.5014228224754333,-0.005217801779508591
-0.0005584433674812317,0.5014099478721619,-0.005004364065825939
-0.0004620649851858616,0.5012476444244385,-0.0048430850729346275
-0.0001937197521328926,0.5013458728790283,-0.004311719909310341
-0.0005479049868881702,0.501646101474762,-0.004528059624135494
-0.0004619518294930458,0.5016666650772095,-0.004997028037905693
-0.0005090651102364063,0.5016019344329834,-0.004590146243572235
-0.0006993901915848255,0.5016950368881226,-0.004366207867860794
-0.0008986261673271656,0.5016480684280396,-0.0045740967616438866
-0.0008030347526073456,0.5016744136810303,-0.004337115213274956
-0.0005508535541594028,0.5018194913864136,-0.004216702654957771
-0.0004324191249907017,0.5016737580299377,-0.004283354617655277
-6.89350999891758e-05,0.5018385648727417,-0.004571695812046528
-0.00033070938661694527,0.501773476600647,-0.005010393448174
-0.0006890380755066872,0.5015823841094971,-0.005631577223539352
-0.0007868562825024128,0.5015456080436707,-0.006188597530126572
-0.0008683130145072937,0.5016137957572937,-0.006395414471626282
-0.0009299390949308872,0.5015680193901062,-0.0060476940125226974
-0.0005570086650550365,0.5013719201087952,-0.0058160703629255295
-0.0001917523331940174,0.5013628005981445,-0.0059791263192892075
-0.0002547241747379303,0.5011711716651917,-0.005700099281966686
-0.00023464253172278404,0.5012426376342773,-0.00483382772654295
8.723745122551918e-05,0.5014016032218933,-0.00347231887280941
0.0005267797969281673,0.5014908313751221,-0.0024219918996095657
0.0014773630537092686,0.5013771653175354,-0.0018098019063472748
0.0018502348102629185,0.5012412071228027,-0.0022799819707870483
0.0012774528004229069,0.5012449026107788,-0.003297911025583744
0.0007224311120808125,0.5016399025917053,-0.004082700237631798
-6.168615072965622e-06,0.5014182925224304,-0.0041094087064266205
-0.0006695045158267021,0.5010750889778137,-0.00432936754077673
-0.00020825956016778946,0.5014156699180603,-0.005072193220257759
9.829876944422722e-05,0.5016182661056519,-0.0047601368278265
-0.0001396513544023037,0.5015242099761963,-0.005136720836162567
0.0009262668900191784,0.501060962677002,-0.0054032402113080025
0.0007468485273420811,0.5008965134620667,-0.005054791457951069
0.00015245424583554268,0.5018957853317261,-0.005601953715085983
-0.0005807843990623951,0.5014891624450684,-0.005911264568567276
-0.00044770073145627975,0.501078188419342,-0.005710740573704243
0.00012818491086363792,0.5013605952262878,-0.005775630474090576
8.05598683655262e-05,0.501481831073761,-0.005263470113277435
6.853882223367691e-05,0.5017222166061401,-0.0043898094445466995
-0.0005912561900913715,0.5015301704406738,-0.00474909134209156
-0.0008301795460283756,0.5011680722236633,-0.005148202180862427
-0.0012742476537823677,0.5016058683395386,-0.0049467068165540695
-0.0002687019295990467,0.5012215375900269,-0.005278169177472591
-0.00015123188495635986,0.5012003779411316,-0.005098350346088409
0.0003044363111257553,0.5016883611679077,-0.004932956770062447
0.00014360761269927025,0.5014896392822266,-0.005143747664988041
0.00013945484533905983,0.5017726421356201,-0.004370573908090591
-0.00027554016560316086,0.5015628337860107,-0.00391962006688118
-2.885144203901291e-05,0.501629650592804,-0.003922050818800926
7.466785609722137e-05,0.5015125870704651,-0.005047258920967579
0.00024927034974098206,0.5013810396194458,-0.004627327434718609
0.0004874798469245434,0.5013694167137146,-0.00491352379322052
0.0011278302408754826,0.5016418695449829,-0.004156962968409061
0.0018553375266492367,0.5015090703964233,-0.003654077649116516
0.0016135484911501408,0.5016231536865234,-0.0035469084978103638
0.001725854817777872,0.5015193223953247,-0.003185248002409935
0.0013154582120478153,0.5013861060142517,-0.002369701862335205
0.0010758270509541035,0.5014726519584656,-0.0030019059777259827
0.0011047287844121456,0.5015534162521362,-0.0037611182779073715
0.0015671160072088242,0.5016133189201355,-0.0035256454721093178
0.0013145115226507187,0.5013869404792786,-0.003346172161400318
0.0013912292197346687,0.501586377620697,-0.0024962695315480232
0.002051941119134426,0.501463770866394,-0.0024080174043774605
0.0020726821385324,0.5016554594039917,-0.002200476825237274
0.0017130929045379162,0.5016927719116211,-0.002286371774971485
0.0009299139492213726,0.5016222596168518,-0.003592369146645069
0.0003475099802017212,0.5012804865837097,-0.004088368266820908
0.0004109572619199753,0.5013858079910278,-0.004084058105945587
0.0003551756963133812,0.5017529129981995,-0.003783831372857094
0.0005488526076078415,0.5013213753700256,-0.00378519669175148
0.0009132111445069313,0.5018423199653625,-0.0029358956962823868
0.0011449772864580154,0.5014963150024414,-0.0030623115599155426
0.0007512583397328854,0.5014358758926392,-0.0031202249228954315
0.0010327049531042576,0.5011887550354004,-0.0030393945053219795
0.0006605377420783043,0.5015416145324707,-0.0034835850819945335
0.0006980621255934238,0.5017440915107727,-0.003067854791879654
0.00046321144327521324,0.501448929309845,-0.003358837217092514
0.0007099574431777,0.5013763308525085,-0.003344559110701084
0.0006069941446185112,0.5013300180435181,-0.0036051664501428604
0.0007205400615930557,0.5011801719665527,-0.003849521279335022
0.001482214778661728,0.5014339685440063,-0.003527582623064518
0.0016075563617050648,0.5013849139213562,-0.003472674638032913
0.0018364512361586094,0.5016438961029053,-0.00329394917935133
0.0018666721880435944,0.501186728477478,-0.002886751666665077
0.0019162478856742382,0.50126051902771,-0.0031618084758520126
0.0016565904952585697,0.5014325976371765,-0.0031053954735398293
0.001265497412532568,0.5013488531112671,-0.0029742810875177383
0.001564646139740944,0.501220166683197,-0.0029283566400408745
0.0015626060776412487,0.5014526844024658,-0.00242465827614069
0.0016461480408906937,0.5014697909355164,-0.0022743921726942062
0.002092852257192135,0.5014374852180481,-0.0022222530096769333
0.0023215278051793575,0.5015126466751099,-0.002316209487617016
0.00212285527959466,0.5016440749168396,-0.0020141974091529846
0.0019558132626116276,0.5011459589004517,-0.0013500675559043884
0.0016076015308499336,0.501018762588501,-0.0014925692230463028
0.0015767398290336132,0.5009374618530273,-0.0015289606526494026
0.002142398152500391,0.5009363889694214,-0.0017553186044096947
0.0020827348344027996,0.5011749267578125,-0.0017492333427071571
0.002413790673017502,0.5011926889419556,-0.00148015096783638
0.002789292484521866,0.5011349320411682,-0.0016802400350570679
0.0025157961063086987,0.5013304352760315,-0.0013099731877446175
0.0021854080259799957,0.5009852051734924,-0.002031201496720314
0.0019463766366243362,0.500856876373291,-0.0022646691650152206
0.002081073820590973,0.5011172294616699,-0.0017479527741670609
0.0019490881823003292,0.5013793706893921,-0.0019245091825723648
0.002298885490745306,0.5011048316955566,-0.0019623730331659317
0.002089985180646181,0.5010604858398438,-0.0017925389111042023
0.0018980475142598152,0.501015305519104,-0.001984097994863987
0.0018430077470839024,0.5010218024253845,-0.002227233722805977
0.001557422336190939,0.5011438727378845,-0.002389904111623764
0.0012823105789721012,0.5010308623313904,-0.0024831322953104973
0.0010944986715912819,0.5010297298431396,-0.0027283858507871628
0.0009244773536920547,0.5012579560279846,-0.0028530126437544823
0.001049607526510954,0.5014021396636963,-0.0027516623958945274
0.0011236825957894325,0.5013960599899292,-0.00277567096054554
0.0013868617825210094,0.5011969804763794,-0.0030345702543854713
0.0015132930129766464,0.5013920068740845,-0.0032800640910863876
0.0009041787125170231,0.5012847185134888,-0.0031665489077568054
0.001201331615447998,0.5012530088424683,-0.0032339394092559814
0.001048849429935217,0.5015055537223816,-0.003355545923113823
0.0008577653206884861,0.5014595985412598,-0.0035476991906762123
0.0009977337904274464,0.5015283226966858,-0.0034058047458529472
0.0010084300301969051,0.5014764070510864,-0.003429676406085491
0.0011465437710285187,0.5014592409133911,-0.0033640600740909576
0.0014545782469213009,0.5012649893760681,-0.003196767531335354
0.0017304481007158756,0.5009891986846924,-0.0030196476727724075
0.002157457172870636,0.5009045600891113,-0.002387452870607376
0.0019111493602395058,0.501198947429657,-0.001622479408979416
0.0023200721479952335,0.5010137557983398,-0.0015777833759784698
0.0030134194530546665,0.5011917352676392,-0.0018317801877856255
0.00304864882491529,0.5012170076370239,-0.0018163518980145454
0.0029528720770031214,0.5011342167854309,-0.0017525553703308105
0.0029033503960818052,0.5010444521903992,-0.001958157867193222
0.0026693169493228197,0.5010978579521179,-0.0022863755002617836
0.0023837080225348473,0.5012154579162598,-0.0022788764908909798
0.002115003764629364,0.5012025237083435,-0.0020119454711675644
0.0022040652111172676,0.5013189911842346,-0.0020228326320648193
0.00235964497551322,0.5013530254364014,-0.00203554704785347
0.0019387160427868366,0.5013182759284973,-0.0020273616537451744
0.0015083909966051579,0.5012484788894653,-0.0026246756315231323
0.0015127575024962425,0.501172661781311,-0.003100636415183544
0.0011260095052421093,0.5016594529151917,-0.0037799738347530365
0.0007108240388333797,0.5016895532608032,-0.004081317223608494
0.0004861033521592617,0.5014482140541077,-0.004189377650618553
0.0002945065498352051,0.5015029907226562,-0.004279371351003647
6.177835166454315e-05,0.5017524361610413,-0.004324659705162048
-2.0157545804977417e-05,0.5017359256744385,-0.004100380465388298
-3.842869773507118e-05,0.5018182992935181,-0.0035632625222206116
7.672049105167389e-05,0.5015681982040405,-0.003553055226802826
0.00029115378856658936,0.5010986328125,-0.004151621833443642
8.251192048192024e-05,0.5016183853149414,-0.004453569650650024
0.00039364956319332123,0.5016079545021057,-0.004633191041648388
0.00027451757341623306,0.5014296174049377,-0.0041375430300831795
0.00046022702008485794,0.5016021132469177,-0.0030352994799613953
0.0006825332529842854,0.5014206767082214,-0.0031256210058927536
0.0007142201066017151,0.5010119676589966,-0.0030998270958662033
0.001302097924053669,0.501190721988678,-0.002681652083992958
0.001385736744850874,0.5011511445045471,-0.0024784989655017853
0.0019691288471221924,0.5011579990386963,-0.0025747977197170258
0.002195201814174652,0.5012186169624329,-0.0026945890858769417
0.00206953939050436,0.5012640953063965,-0.002599462866783142
0.002204681746661663,0.5011721253395081,-0.002414058893918991
0.002026067581027746,0.5013885498046875,-0.0023178867995738983
0.0019226674921810627,0.5014865398406982,-0.0024111345410346985
0.0017626476474106312,0.5014212727546692,-0.002510925754904747
0.0016077212058007717,0.5013421773910522,-0.002975394017994404
0.0010368726216256618,0.5013387203216553,-0.0033378619700670242
0.0007683262228965759,0.5013096928596497,-0.0032968642190098763
0.0010015512816607952,0.5014336705207825,-0.003391633741557598
0.0010491721332073212,0.5012260675430298,-0.003271595574915409
0.0011213519610464573,0.5012827515602112,-0.003010772168636322
0.0010598828084766865,0.5012779831886292,-0.002940673381090164
0.0018929699435830116,0.5010287761688232,-0.003111722879111767
0.001918806228786707,0.5011003017425537,-0.003073844127357006
0.0016462826170027256,0.5012009143829346,-0.0027464237064123154
0.0016740723513066769,0.5013652443885803,-0.0029658135026693344
0.002047439571470022,0.5013208985328674,-0.0034188926219940186
0.0019111628644168377,0.5013660788536072,-0.003836020827293396
0.002103867009282112,0.5015668869018555,-0.0044702524319291115
0.0010929778218269348,0.5015215873718262,-0.0047002872452139854
0.0004130769520998001,0.5016209483146667,-0.004902174696326256
-3.5618431866168976e-06,0.5016008615493774,-0.004963827319443226
-0.00015556253492832184,0.501510739326477,-0.005058467388153076
-0.000449291430413723,0.5014851689338684,-0.0051346225664019585
-0.0004211021587252617,0.5014482140541077,-0.00515405647456646
-0.0004322710447013378,0.5014888644218445,-0.005019557662308216
-0.00025621475651860237,0.5014752745628357,-0.004762163385748863
0.00011695176362991333,0.5014263987541199,-0.0043136952444911
0.0006539742462337017,0.5014272928237915,-0.003981773741543293
0.0009395424276590347,0.5013442635536194,-0.0041558751836419106
0.0011073159985244274,0.5013025999069214,-0.004238385707139969
0.0012459196150302887,0.5012701749801636,-0.004223215393722057
0.0011238991282880306,0.5012771487236023,-0.003922811709344387
0.001164889894425869,0.5013895630836487,-0.003572230227291584
0.0012465035542845726,0.5013681650161743,-0.0035578226670622826
0.0013939691707491875,0.5012913346290588,-0.0038322340697050095
0.0013323468156158924,0.50130295753479,-0.004032991826534271
0.0011545992456376553,0.5013276934623718,-0.004228931851685047
0.0010246657766401768,0.5013689994812012,-0.004333793185651302
0.0009093456901609898,0.5013721585273743,-0.004344198852777481
0.000742889940738678,0.5014659762382507,-0.004315674304962158
0.0006206762045621872,0.5015169978141785,-0.004389902576804161
0.0005100634880363941,0.5014925003051758,-0.004555562511086464
0.0004237084649503231,0.5014634728431702,-0.004711190238595009
0.0003300374373793602,0.5014898777008057,-0.004974551498889923
0.00025701476261019707,0.5014693140983582,-0.005146476440131664
0.00017628073692321777,0.5014205574989319,-0.005446198396384716
-1.6721896827220917e-06,0.5014284253120422,-0.005797467194497585
-0.00016681384295225143,0.5014783143997192,-0.006024360656738281
-0.0002719373442232609,0.50146484375,-0.006117438897490501
-0.00031585292890667915,0.5014604926109314,-0.005938215181231499
-0.00023392494767904282,0.5014224052429199,-0.0057090697810053825
-7.385667413473129e-05,0.5014132857322693,-0.0053712595254182816
0.00022157281637191772,0.501387894153595,-0.00494682602584362
0.0005320184864103794,0.5013328194618225,-0.004554571583867073
0.0008440124802291393,0.501275897026062,-0.004117430187761784
0.001076169777661562,0.5012139678001404,-0.003930451348423958
0.0010429196991026402,0.5012077689170837,-0.003702147863805294
0.0011278805322945118,0.5011516213417053,-0.003533247858285904
0.0012217946350574493,0.5011093616485596,-0.0035854997113347054
0.0015997658483684063,0.5011281967163086,-0.003397672437131405
0.0017821281217038631,0.5011034607887268,-0.003140801563858986
0.0018822690472006798,0.5011776685714722,-0.0031579183414578438
0.0019056997261941433,0.5011621117591858,-0.0028136922046542168
0.001725801732391119,0.5012397766113281,-0.0027308641001582146
0.0017997026443481445,0.501460611820221,-0.0026400871574878693
0.0018482399173080921,0.5014495849609375,-0.0024965088814496994
0.001881444826722145,0.5016055703163147,-0.002556311897933483
0.001698632724583149,0.5013560056686401,-0.0027446895837783813
0.0016031530685722828,0.501264750957489,-0.0027665849775075912
0.0015949723310768604,0.5014088153839111,-0.0027468744665384293
0.0016935761086642742,0.5014839768409729,-0.0025089289993047714
0.0021966579370200634,0.5013903975486755,-0.002091502770781517
0.002302879001945257,0.5013241171836853,-0.002283848822116852
0.0024181564804166555,0.5013327598571777,-0.0022914698347449303
0.0025879861786961555,0.5013507008552551,-0.002184411510825157
0.002280955668538809,0.5016225576400757,-0.0019189491868019104
0.0017174375243484974,0.50143963098526,-0.0022189468145370483
0.0011770925484597683,0.5011387467384338,-0.0028018662706017494
0.0007845140062272549,0.5012438893318176,-0.003252004273235798
0.00028575584292411804,0.5013160109519958,-0.003828899934887886
0.0004949341528117657,0.5014045834541321,-0.0040524667128920555
0.0008533881045877934,0.501548171043396,-0.0035645626485347748
0.0009865378960967064,0.5016469955444336,-0.0036929985508322716
0.0009011086076498032,0.5019437670707703,-0.0038687484338879585
0.0008038454689085484,0.5015031099319458,-0.004076789133250713
0.0002414323389530182,0.5015393495559692,-0.004270607605576515
-0.00012383190914988518,0.5016303658485413,-0.004700980149209499
-4.6360306441783905e-05,0.5014673471450806,-0.004813184030354023
-6.581330671906471e-05,0.5017632842063904,-0.004349115304648876
-0.00024420442059636116,0.5017725229263306,-0.004294205456972122
0.0004785279743373394,0.5014705657958984,-0.003910506144165993
0.0010494650341570377,0.5017826557159424,-0.0038417158648371696
0.0011129886843264103,0.501514196395874,-0.004316308535635471
0.0010705627501010895,0.5012216567993164,-0.003905726596713066
0.0010416633449494839,0.5017297267913818,-0.0034615090116858482
0.0004934030584990978,0.5014797449111938,-0.0035044047981500626
0.000315758865326643,0.5013412237167358,-0.004186255857348442
0.0005746246315538883,0.501278817653656,-0.004671202041208744
0.0002276487648487091,0.5014427304267883,-0.004686752334237099
0.0002607307396829128,0.5015064477920532,-0.004285793751478195
0.0006877882406115532,0.5013505816459656,-0.003890523687005043
0.0006885835900902748,0.5012029409408569,-0.003560338169336319
0.0010673659853637218,0.5013146996498108,-0.0032630153000354767
0.001237715594470501,0.5013080835342407,-0.0027522947639226913
0.001167483627796173,0.5013611316680908,-0.0028113313019275665
0.001293982844799757,0.5015252828598022,-0.003199067898094654
0.0010193516500294209,0.5014708042144775,-0.003367763012647629
0.0007583466358482838,0.5014935731887817,-0.00354939978569746
0.0006529809907078743,0.5015490651130676,-0.0035867001861333847
0.0005104136653244495,0.5015846490859985,-0.0038084248080849648
0.0003491337411105633,0.5015147924423218,-0.00410093367099762
6.0807447880506516e-05,0.5014916658401489,-0.004570056684315205
-0.00023609306663274765,0.5014141201972961,-0.004956064745783806
-0.00045034848153591156,0.5014148354530334,-0.005107013508677483
-0.0005380688235163689,0.5014922618865967,-0.005163297057151794
-0.000490361824631691,0.5013988614082336,-0.005383175797760487
-0.00028825365006923676,0.5013993382453918,-0.005454736761748791
-0.00029639946296811104,0.5016043186187744,-0.004960950464010239
-0.00017759157344698906,0.5017570853233337,-0.004593735560774803
-0.00010566180571913719,0.5014313459396362,-0.004645999521017075
0.0004519503563642502,0.5013601779937744,-0.00492960587143898
0.00021016504615545273,0.5013628005981445,-0.005000378005206585
-0.00013671116903424263,0.5015674829483032,-0.004972377792000771
5.680462345480919e-05,0.5015133023262024,-0.004695933312177658
0.00034790532663464546,0.5014180541038513,-0.004449930973351002
0.0005240519531071186,0.5014516115188599,-0.004175955429673195
0.0006043855100870132,0.5014863014221191,-0.004003974609076977
0.0006883540190756321,0.5015226006507874,-0.0036978907883167267
0.0008831536397337914,0.5015055537223816,-0.003495273180305958
0.000995181966573,0.5012925267219543,-0.0035426784306764603
0.0008945981971919537,0.5015723705291748,-0.0037284353747963905
0.0005102790892124176,0.5016181468963623,-0.0037986552342772484
1.804390922188759e-05,0.5016092658042908,-0.0041102077811956406
2.265535295009613e-05,0.5014126896858215,-0.0042502908036112785
-0.00023055542260408401,0.501497209072113,-0.0044927094131708145
-0.0003274860791862011,0.5014811754226685,-0.0044936081394553185
3.272341564297676e-05,0.5014480948448181,-0.004569961689412594
0.00039011333137750626,0.5015203356742859,-0.00422050803899765
0.0005526123568415642,0.5015348792076111,-0.004216007888317108
0.0005495254881680012,0.501611053943634,-0.0043311407789587975
0.000879999715834856,0.5014063715934753,-0.004275646060705185
0.0009250761941075325,0.5014165639877319,-0.0042104413732886314
0.0008257534354925156,0.5014933943748474,-0.004014941863715649
0.0007462878711521626,0.5014965534210205,-0.003944016993045807
0.0007914751768112183,0.501248300075531,-0.0038891760632395744
0.0006212661974132061,0.5015063285827637,-0.0040105292573571205
0.0005772961303591728,0.5014516115188599,-0.003936160355806351
0.00020629633218050003,0.5014434456825256,-0.003814532421529293
0.0002452791668474674,0.5013981461524963,-0.0036076558753848076
0.00033893436193466187,0.501407265663147,-0.003945276141166687
0.0005271430127322674,0.5014116764068604,-0.0041335877031087875
0.00046359095722436905,0.5015681385993958,-0.004350434057414532
8.656643331050873e-05,0.501674473285675,-0.004537462256848812
2.18893401324749e-05,0.5014162063598633,-0.004964388906955719
-0.0002739857882261276,0.501477837562561,-0.005366158671677113
-0.00047122128307819366,0.5015862584114075,-0.005708102136850357
-0.0006962609477341175,0.501663863658905,-0.005795612931251526
-0.00046934373676776886,0.5013435482978821,-0.005602728575468063
-0.00014477549120783806,0.5014737248420715,-0.005176853388547897
-0.0003521540202200413,0.5015813708305359,-0.004713532514870167
-0.00024414481595158577,0.5015270113945007,-0.00481500755995512
-8.51089134812355e-05,0.5011865496635437,-0.005135725252330303
-0.0005417331121861935,0.5013740062713623,-0.005288838408887386
-0.00046345964074134827,0.5016512274742126,-0.005600892007350922
-0.0001957346685230732,0.5016267895698547,-0.0053438423201441765
0.00043496256694197655,0.501750648021698,-0.004858457483351231
0.0003261389210820198,0.5017392039299011,-0.004334696568548679
0.0005300631746649742,0.5014743804931641,-0.004054493270814419
0.0006874203681945801,0.5013958215713501,-0.0038915053009986877
0.000658984761685133,0.5010583400726318,-0.003908956423401833
0.000896697398275137,0.5014270544052124,-0.0039107901975512505
0.001073095016181469,0.5009844899177551,-0.003793889656662941
0.001275679562240839,0.5013717412948608,-0.0037034880369901657
0.001280234195291996,0.5014415979385376,-0.003522695042192936
0.0011258246377110481,0.5014988780021667,-0.003950739279389381
0.0015807212330400944,0.5013507604598999,-0.0037876907736063004
0.0015970650129020214,0.5013410449028015,-0.0036696940660476685
0.0018777018412947655,0.501299262046814,-0.003518342040479183
0.002355145988985896,0.5012806057929993,-0.002998869866132736
0.0025669741444289684,0.5014539361000061,-0.002957216463983059
0.002694702474400401,0.5015524625778198,-0.0026227477937936783
0.0025333608500659466,0.501444935798645,-0.002400362864136696
0.002096057403832674,0.5014544129371643,-0.0025750668719410896
0.002069746144115925,0.5011663436889648,-0.0027519091963768005
0.0019245431758463383,0.5014188289642334,-0.002948981709778309
0.0017589209601283073,0.5013914108276367,-0.0031356951221823692
0.001551344059407711,0.5014488101005554,-0.0034199384972453117
0.0012980857864022255,0.5013498067855835,-0.0037988657131791115
0.0006739208474755287,0.5016766786575317,-0.004342561587691307
0.00036526378244161606,0.5016363859176636,-0.004612871445715427
0.0005765086971223354,0.5014443397521973,-0.0046216025948524475
0.0005646212957799435,0.5015987157821655,-0.0044393520802259445
0.00038768909871578217,0.5016044974327087,-0.004058187827467918
0.00032577337697148323,0.5015227794647217,-0.0037800725549459457
0.00020644348114728928,0.5013507604598999,-0.00442021619528532
3.3128075301647186e-05,0.5013785362243652,-0.004792470484972
-0.00010403385385870934,0.5014800429344177,-0.004668255336582661
0.0001627686433494091,0.5016534328460693,-0.004575650207698345
-5.018850788474083e-05,0.5015258193016052,-0.004426624625921249
-0.00016785738989710808,0.5016285181045532,-0.004546573385596275
-0.00043753115460276604,0.5016456842422485,-0.00472596101462841
-0.0005537248216569424,0.5016141533851624,-0.005205352790653706
-0.000637297984212637,0.5015813112258911,-0.005361455492675304
-0.0005799322389066219,0.5014938712120056,-0.005749031901359558
-0.0008003814145922661,0.5014604926109314,-0.0062050968408584595
-0.0009193378500640392,0.501586377620697,-0.006268713623285294
-0.001314693596214056,0.5017014145851135,-0.006466155871748924
-0.0012787659652531147,0.5015087127685547,-0.006715469062328339
-0.0010612523183226585,0.5014863610267639,-0.006749523803591728
-0.0007163695991039276,0.5015001893043518,-0.006101436913013458
-0.0006057522259652615,0.5014293193817139,-0.005774062126874924
-0.0005462756380438805,0.5013331174850464,-0.006108159199357033
-0.0007207510061562061,0.5015589594841003,-0.006220940500497818
-0.0007955580949783325,0.5014362931251526,-0.006111007183790207
-0.0009157811291515827,0.5012813210487366,-0.006049970164895058
-0.0011335592716932297,0.5014187097549438,-0.006549244746565819
-0.0011788182891905308,0.5014262199401855,-0.006772687658667564
-0.0011011031456291676,0.5012831091880798,-0.006453365087509155
-0.0009846682660281658,0.5014169812202454,-0.006318256258964539
-0.0005036657676100731,0.5014303922653198,-0.005720612592995167
-0.00034500565379858017,0.5012348890304565,-0.005671696737408638
6.876839324831963e-05,0.5012725591659546,-0.005631525069475174
0.0002996767871081829,0.5013367533683777,-0.004850199446082115
0.0005717556923627853,0.5015304088592529,-0.003750746138393879
0.0011262116022408009,0.5013397336006165,-0.0033314842730760574
0.0013361559249460697,0.5010799765586853,-0.0029070675373077393
0.0013318262062966824,0.5013700723648071,-0.002335047349333763
0.0012405836023390293,0.5014469027519226,-0.0018023960292339325
0.0015423847362399101,0.5013478398323059,-0.0020728548988699913
0.001305718906223774,0.5012900829315186,-0.0023294808343052864
0.0016539925709366798,0.501197338104248,-0.0026956191286444664
0.0018539694137871265,0.5012294054031372,-0.0027590589597821236
0.0017099427059292793,0.5013707280158997,-0.002398066222667694
0.0018068770878016949,0.501620352268219,-0.002333751879632473
0.0017553633078932762,0.5013411045074463,-0.0025069676339626312
0.0020514260977506638,0.5013696551322937,-0.0025480231270194054
0.001951135229319334,0.5014176964759827,-0.002535738982260227
0.0015227282419800758,0.5015105605125427,-0.0028090309351682663
0.0015768548473715782,0.5013226866722107,-0.0032465914264321327
0.0013992302119731903,0.501297652721405,-0.0040157753974199295
0.0012066420167684555,0.5013366937637329,-0.004153421148657799
0.0008445759303867817,0.5014775991439819,-0.004329802468419075
0.0009938590228557587,0.5014610290527344,-0.004312785342335701
0.0009572794660925865,0.501351535320282,-0.004197397269308567
0.0007408680394291878,0.5013730525970459,-0.004088525660336018
0.0008431044407188892,0.5013597011566162,-0.0038513056933879852
0.0011250264942646027,0.501508891582489,-0.0035999026149511337
0.0007173703052103519,0.5015537738800049,-0.003419889137148857
0.0006593791767954826,0.5014350414276123,-0.0032318253070116043
0.0008707107044756413,0.5013361573219299,-0.0031215036287903786
0.0011867079883813858,0.5013381242752075,-0.003034314140677452
0.0015741470269858837,0.5012289881706238,-0.0029287366196513176
0.0019383183680474758,0.5013689994812012,-0.0028511807322502136
0.0025759078562259674,0.5015131831169128,-0.002559027634561062
0.002534679602831602,0.5015226006507874,-0.0025402912870049477
0.001811209600418806,0.5011764168739319,-0.0027979156002402306
0.001401820220053196,0.5011669397354126,-0.003387722186744213
0.0012850221246480942,0.501344621181488,-0.0036405008286237717
0.0014570173807442188,0.5013939738273621,-0.003888600505888462
0.00168667733669281,0.5014302134513855,-0.003927057608962059
0.001729907002300024,0.5016717910766602,-0.0033880528062582016
0.0019877050071954727,0.5014355778694153,-0.0027076127007603645
0.002487733494490385,0.5013700127601624,-0.0022374670952558517
0.0024126474745571613,0.501458466053009,-0.001954019069671631
0.0023504088167101145,0.5015208125114441,-0.002415263094007969
0.0021239961497485638,0.5012451410293579,-0.0028599798679351807
0.0019828793592751026,0.5015254020690918,-0.0027850698679685593
0.0020299339666962624,0.5014895796775818,-0.0027927178889513016
0.0019989232532680035,0.501534104347229,-0.0030383775010704994
0.001971086021512747,0.501327633857727,-0.0030198637396097183
0.001825943123549223,0.5012968182563782,-0.0034690434113144875
0.0013431343249976635,0.5012452602386475,-0.0035856943577528
0.0009880759753286839,0.5013830661773682,-0.0034330300986766815
0.0008383486419916153,0.5015641450881958,-0.0033373869955539703
0.0013479297049343586,0.5016584992408752,-0.0034214025363326073
0.0014000758528709412,0.501661479473114,-0.003282329998910427
0.0014760461635887623,0.5012379288673401,-0.0035123098641633987
0.001034158281981945,0.5015250444412231,-0.0034750523045659065
0.0008467971347272396,0.5015221238136292,-0.0032824156805872917
0.001175206620246172,0.5016980171203613,-0.002841206267476082
0.0014767958782613277,0.5014703869819641,-0.002384609542787075
0.0012239865027368069,0.5013716816902161,-0.0028731971979141235
0.0011124047450721264,0.5011764168739319,-0.0036103110760450363
0.0005202698521316051,0.5012444257736206,-0.003961747512221336
0.00022890279069542885,0.5013524889945984,-0.003868428058922291
0.0005322960205376148,0.5011549592018127,-0.00349302776157856
0.0008918736129999161,0.5010534524917603,-0.0032295985147356987
0.0012328317388892174,0.5011869072914124,-0.0030950093641877174
0.0014946027658879757,0.5010549426078796,-0.0030935481190681458
0.0016971188597381115,0.5011870861053467,-0.0028948327526450157
0.0017617261037230492,0.5011976361274719,-0.002801673486828804
0.0016934857703745365,0.5012875199317932,-0.0028352895751595497
0.001853596419095993,0.5013360977172852,-0.002891142852604389
0.0017792824655771255,0.5012787580490112,-0.0028519388288259506
0.001756927464157343,0.5012045502662659,-0.0027814991772174835
0.00169040123000741,0.501133143901825,-0.002733674831688404
0.0017157443799078465,0.5011430382728577,-0.002757154405117035
0.0016128499992191792,0.5011729598045349,-0.002801802009344101
0.0015688445419073105,0.5011445879936218,-0.002984597347676754
0.0014266991056501865,0.5011662840843201,-0.0032226573675870895
0.0012846831232309341,0.5012272596359253,-0.0034650396555662155
0.0011525820009410381,0.5012105703353882,-0.0037010014057159424
0.00104064354673028,0.5012670159339905,-0.0038487138226628304
0.001017390750348568,0.5012670159339905,-0.003825495019555092
0.0012028655037283897,0.5012928247451782,-0.00364006869494915
0.0013794973492622375,0.5011916756629944,-0.0033569633960723877
0.0014263479970395565,0.5011282563209534,-0.003216576762497425
0.0014277687296271324,0.5011661648750305,-0.0032649021595716476
0.001310455147176981,0.5012315511703491,-0.0034921029582619667
0.0011686300858855247,0.5012755990028381,-0.0038548093289136887
0.0010111276060342789,0.501295804977417,-0.004035172052681446
0.0009046853519976139,0.5013160109519958,-0.004067389294505119
0.0009505054913461208,0.5013389587402344,-0.004127657040953636
0.0009393859654664993,0.5013339519500732,-0.004114384762942791
0.000810601282864809,0.5013419985771179,-0.004035541787743568
0.0007925904355943203,0.5012574791908264,-0.004124896600842476
0.0007326682098209858,0.5012458562850952,-0.00403720885515213
0.0006079534068703651,0.5012626647949219,-0.003912869840860367
0.0006363219581544399,0.5012338161468506,-0.0037750955671072006
0.000929475761950016,0.501248300075531,-0.0035669421777129173
0.0011567403562366962,0.5013003945350647,-0.0034028077498078346
0.0013040942139923573,0.5012326240539551,-0.0032953638583421707
0.0013968241401016712,0.5011988282203674,-0.003283960744738579
0.0015031080693006516,0.5011711716651917,-0.0034392457455396652
0.0015415241941809654,0.501128077507019,-0.003511844202876091
0.0015101544559001923,0.501219630241394,-0.003479905426502228
0.0012117018923163414,0.5013033747673035,-0.003494981676340103
0.000990468543022871,0.5012219548225403,-0.003520684316754341
0.0008613625541329384,0.5012642741203308,-0.003689737990498543
0.0004758909344673157,0.5012496113777161,-0.003827672451734543
0.0002363063395023346,0.5012133121490479,-0.003996614366769791
0.000180873554199934,0.501087486743927,-0.004098829813301563
0.0003877994604408741,0.5011448264122009,-0.004354088567197323
0.0004421086050570011,0.5011888146400452,-0.0043657682836055756
0.0005575362592935562,0.5012986660003662,-0.004246092401444912
0.0006443271413445473,0.5013397932052612,-0.0038709575310349464
0.0005498412065207958,0.5012156367301941,-0.0035183848813176155
0.0007334579713642597,0.5012681484222412,-0.0036540748551487923
0.000784676056355238,0.5012339353561401,-0.0035669468343257904
0.0008089449256658554,0.5012947916984558,-0.0034732166677713394
0.0008493773639202118,0.5012980699539185,-0.0036987457424402237
0.0008529545739293098,0.5012356638908386,-0.0036774203181266785
0.000710527878254652,0.5013211965560913,-0.003629881888628006
0.0005937819369137287,0.5014209151268005,-0.003519004210829735
0.0006481455639004707,0.5013808608055115,-0.003397253341972828
0.0006862860172986984,0.5014355182647705,-0.0034986771643161774
0.0006159907206892967,0.5013223886489868,-0.0037001091986894608
0.00033020414412021637,0.5013455152511597,-0.003988969139754772
0.00019749067723751068,0.5013300180435181,-0.004182366654276848
0.0002061072736978531,0.5013068914413452,-0.004219572059810162
0.00034970976412296295,0.5013583898544312,-0.003982057794928551
0.0004929248243570328,0.5013030767440796,-0.0038917185738682747
0.0005787373520433903,0.5013732314109802,-0.0036897072568535805
0.0006624334491789341,0.5012757182121277,-0.003669322468340397
0.0006477753631770611,0.501326858997345,-0.0035987580195069313
0.0006423774175345898,0.5015078186988831,-0.0034176455810666084
0.000531370285898447,0.5013953447341919,-0.0038798563182353973
0.0005071391351521015,0.5013543367385864,-0.0042155953124165535
0.00031858915463089943,0.5012771487236023,-0.004433539696037769
1.5027355402708054e-05,0.5012776851654053,-0.0044609131291508675
0.0002267030067741871,0.5011002421379089,-0.004167668521404266
0.00024257274344563484,0.5012751817703247,-0.003901315852999687
0.00015652505680918694,0.5013202428817749,-0.003981392830610275
0.00014296872541308403,0.5013365149497986,-0.004127223044633865
0.0001170639880001545,0.5013474822044373,-0.0042624762281775475
0.00011450611054897308,0.501268744468689,-0.004495231434702873
7.091090083122253e-05,0.5013712644577026,-0.004330258816480637
0.00035071512684226036,0.5010799765586853,-0.004499552771449089
0.00045163650065660477,0.5011715292930603,-0.004564821720123291
0.0007349713705480099,0.5011828541755676,-0.004667013883590698
0.0005466006696224213,0.5013129115104675,-0.005037407390773296
0.0003656744956970215,0.5013842582702637,-0.0051748743280768394
0.00019353581592440605,0.5016006827354431,-0.005063689313828945
0.0002786004915833473,0.5014289021492004,-0.004770862869918346
0.0003454894758760929,0.5012442469596863,-0.004582339897751808
0.00033942796289920807,0.5011935830116272,-0.004391283728182316
0.00043645454570651054,0.5012972950935364,-0.004364592023193836
0.0005935491062700748,0.5012899041175842,-0.0041236672550439835
0.0005928822793066502,0.5012955069541931,-0.004124853760004044
0.0006887940689921379,0.5012233257293701,-0.0044207023456692696
0.0005776970647275448,0.5012097954750061,-0.004707883112132549
0.00040161609649658203,0.5012422800064087,-0.0048501016572117805
0.00025833072140812874,0.5012573599815369,-0.004777804017066956
0.000542433001101017,0.5011935830116272,-0.004714887589216232
0.0008339402265846729,0.5012989044189453,-0.004513873718678951
0.0010549514554440975,0.5014702081680298,-0.004126503132283688
0.0011040917597711086,0.5013614296913147,-0.003950426355004311
0.0009278664365410805,0.5013517141342163,-0.003924159333109856
0.0008420520462095737,0.5013156533241272,-0.004231937229633331
0.00047346483916044235,0.5013689398765564,-0.004524437710642815
0.00046904291957616806,0.5013446807861328,-0.004810803569853306
0.0004855087026953697,0.5014238357543945,-0.00485441368073225
0.0004061693325638771,0.5014094114303589,-0.004597250372171402
0.0003969105891883373,0.5012712478637695,-0.004722891375422478
0.0004983996041119099,0.5013377070426941,-0.004739095456898212
0.0002109394408762455,0.5013954043388367,-0.004989304579794407
3.712298348546028e-05,0.5014982223510742,-0.005065114237368107
0.00011869287118315697,0.501563549041748,-0.005087617784738541
-0.00024623703211545944,0.5016754865646362,-0.004902239888906479
-0.0003373711369931698,0.5017886757850647,-0.004586376249790192
-0.0001798318699002266,0.5015952587127686,-0.004516642540693283
0.0001919684000313282,0.5015164017677307,-0.0043062809854745865
0.00019245222210884094,0.5015275478363037,-0.004246930591762066
8.237594738602638e-05,0.5014922022819519,-0.00398925319314003
0.0006406046450138092,0.5014334321022034,-0.0034043658524751663
0.0008832085877656937,0.5014029145240784,-0.002898327074944973
0.0013600802049040794,0.501439094543457,-0.002612043172121048
0.0016594771295785904,0.501490592956543,-0.0027717044577002525
0.0016522868536412716,0.5012223720550537,-0.0027070892974734306
0.0017616823315620422,0.5013963580131531,-0.0023853322491049767
0.002023068256676197,0.5015130043029785,-0.0021808482706546783
0.0020001325756311417,0.5015145540237427,-0.0023902468383312225
0.001937356311827898,0.5014059543609619,-0.0025515565648674965
0.001853499561548233,0.5014656186103821,-0.002586420625448227
0.001982869580388069,0.5013920068740845,-0.0027249129489064217
0.0015863319858908653,0.501157820224762,-0.0029118116945028305
0.0016420381143689156,0.5011178255081177,-0.0031796228140592575
0.0017445236444473267,0.5014265179634094,-0.003166498616337776
0.0013659973628818989,0.5012452006340027,-0.0030055036768317223
0.0014524548314511776,0.5012530088424683,-0.00265409704297781
0.0016231094487011433,0.5013998746871948,-0.0025105923414230347
0.001566966064274311,0.5016170144081116,-0.0026034023612737656
0.0022210711613297462,0.5011565685272217,-0.002541586756706238
0.0020273751579225063,0.5014485716819763,-0.0020600249990820885
0.002228014636784792,0.5013373494148254,-0.0018633278086781502
0.0020702220499515533,0.5014881491661072,-0.0017840545624494553
0.0024871211498975754,0.5010630488395691,-0.0013460293412208557
0.0020343181677162647,0.501314640045166,-0.0019054645672440529
0.0019411309622228146,0.5011075139045715,-0.0021826792508363724
0.0014710999093949795,0.5010905861854553,-0.002288246527314186
0.0013329936191439629,0.5013562440872192,-0.0026525743305683136
0.0014647990465164185,0.5015339255332947,-0.002672262489795685
0.0017876815982162952,0.5014362335205078,-0.0022910144180059433
0.0020537334494292736,0.5018447041511536,-0.0021486403420567513
0.002308894880115986,0.5015539526939392,-0.0024074846878647804
0.00198166212067008,0.5011973977088928,-0.0028453124687075615
0.002024824731051922,0.5011009573936462,-0.0030356142669916153
0.0014529512263834476,0.501122772693634,-0.0030485065653920174
0.0017354609444737434,0.5012266635894775,-0.002887413837015629
0.001825861632823944,0.5011667609214783,-0.0030795391649007797
0.0017175055108964443,0.501107931137085,-0.0034591304138302803
0.001681606750935316,0.5011887550354004,-0.003671472892165184
0.0015502995811402798,0.5010460615158081,-0.0035104388371109962
0.0017109233886003494,0.5010789036750793,-0.003593546338379383
0.0021341205574572086,0.5010452270507812,-0.003605445846915245
0.002465818077325821,0.5010659694671631,-0.003505358472466469
0.0024514389224350452,0.5009871125221252,-0.003425885923206806
0.002325967885553837,0.5010128617286682,-0.0035582901909947395
0.0019230381585657597,0.501117467880249,-0.0034336578100919724
0.0017172717489302158,0.5010274648666382,-0.00340147502720356
0.0017854482866823673,0.5009573101997375,-0.003203318454325199
0.001895533874630928,0.5010128617286682,-0.002985547296702862
0.0019843154586851597,0.5010881423950195,-0.002893858589231968
0.0021149865351617336,0.501002848148346,-0.002629482187330723
0.002078437712043524,0.5009832382202148,-0.0024481816217303276
0.0017634909600019455,0.5010450482368469,-0.0024000992998480797
0.00155667494982481,0.5010702610015869,-0.002563348039984703
0.0013803965412080288,0.5010882019996643,-0.0024935435503721237
0.001310668420046568,0.5010696053504944,-0.0024437345564365387
0.001368742436170578,0.5010979771614075,-0.002795897424221039
0.0013735536485910416,0.5011930465698242,-0.0030318861827254295
0.0013496936298906803,0.501258373260498,-0.003161751665174961
0.001489243470132351,0.5012330412864685,-0.0029517803341150284
0.0015764115378260612,0.5012352466583252,-0.0026135388761758804
0.0016587483696639538,0.5012821555137634,-0.00263168103992939
0.0016836370341479778,0.5013020634651184,-0.0026518115773797035
0.001554290298372507,0.501282811164856,-0.0026056859642267227
0.0015033646486699581,0.5013676285743713,-0.0024621691554784775
0.0016858992166817188,0.5013855695724487,-0.002139182761311531
0.0018705399706959724,0.5013123154640198,-0.0020347898826003075
0.0019882190972566605,0.5012843012809753,-0.002046283334493637
0.0020056404173374176,0.5012756586074829,-0.0021704426035284996
0.001915602944791317,0.5012418031692505,-0.0021836822852492332
0.0018691583536565304,0.5012243986129761,-0.0020589614287018776
0.0018187733367085457,0.5012078285217285,-0.0019620684906840324
0.001886217389255762,0.5011835694313049,-0.0018695341423153877
0.0018558353185653687,0.5011658668518066,-0.0018715588375926018
0.0018338169902563095,0.5011653900146484,-0.0019645104184746742
0.0018926640041172504,0.5012375116348267,-0.002108294516801834
0.0018369685858488083,0.501298725605011,-0.0021046828478574753
0.0019062063656747341,0.5013043284416199,-0.002074405550956726
0.0019139102660119534,0.5012673735618591,-0.0021026479080319405
0.0019708331674337387,0.5013296008110046,-0.0019659195095300674
0.0019696494564414024,0.5014141798019409,-0.0019110608845949173
0.002003265079110861,0.5013471245765686,-0.0018965434283018112
0.002121416851878166,0.5013811588287354,-0.0019413260743021965
0.0022453726269304752,0.5014434456825256,-0.0021218452602624893
0.0020980839617550373,0.5012761354446411,-0.0022365543991327286
0.0021633459255099297,0.5012458562850952,-0.0021295733749866486
0.0019537718035280704,0.5013012886047363,-0.0018920684233307838
0.002043460961431265,0.5012683272361755,-0.0016176272183656693
0.0023358578328043222,0.5012586712837219,-0.001544557511806488
0.0022906139492988586,0.5012497901916504,-0.001497534103691578
0.002327635418623686,0.5012660622596741,-0.0015327250584959984
0.00238714343868196,0.5012349486351013,-0.001628427766263485
0.002325303852558136,0.5013085007667542,-0.0015698354691267014
0.0024065522011369467,0.5012707114219666,-0.0015960810706019402
0.002324314322322607,0.5013389587402344,-0.00170174241065979
0.002325812354683876,0.5013372898101807,-0.001772366464138031
0.0021469248458743095,0.5012660622596741,-0.0017044814303517342
0.0022099879570305347,0.5012547373771667,-0.0014972919598221779
0.0021935589611530304,0.5012567639350891,-0.0014435742050409317
0.0023012268356978893,0.5012578964233398,-0.0014789635315537453
0.0023565501905977726,0.5012538433074951,-0.0015188399702310562
0.0023044757544994354,0.5012683868408203,-0.001578526571393013
0.0022970368154346943,0.5012767910957336,-0.0016134819015860558
0.0022687132004648447,0.5012737512588501,-0.001617402769625187
0.002259940141811967,0.5012768507003784,-0.0016116639599204063
0.0022610765881836414,0.5012786984443665,-0.0016237357631325722
0.002266711089760065,0.5012714862823486,-0.0016442565247416496
0.002253282116726041,0.5012771487236023,-0.0016441447660326958
0.0022655148059129715,0.5012825727462769,-0.0016284696757793427
0.0022712084464728832,0.5012745261192322,-0.001621996983885765
0.0022730149794369936,0.5012825131416321,-0.001614786684513092
0.002264017704874277,0.5012776255607605,-0.0016548139974474907
0.0022459872998297215,0.5012658834457397,-0.0016755778342485428
0.0022800813894718885,0.5012812614440918,-0.0017526689916849136
0.00229952041991055,0.5013306736946106,-0.001760954037308693
0.002238980960100889,0.5012367963790894,-0.0019052289426326752
0.0022440277971327305,0.5015054941177368,-0.001731143333017826
0.0022472674027085304,0.5015323162078857,-0.001656247302889824
0.0021492340601980686,0.5014088153839111,-0.001652223989367485
0.0022486119996756315,0.5012593269348145,-0.0021003233268857002
0.0020497734658420086,0.5011956691741943,-0.0023718755692243576
0.002020453102886677,0.5012162327766418,-0.0023017972707748413
0.0016587800346314907,0.5012567043304443,-0.0021064002066850662
0.001986963674426079,0.5012834668159485,-0.0017808694392442703
0.0022333827801048756,0.5012832880020142,-0.0016617011278867722
0.0022957525216042995,0.5012802481651306,-0.0016345055773854256
0.002274849684908986,0.5012758374214172,-0.0016309740021824837
0.0022692536003887653,0.5012807250022888,-0.0016227271407842636
0.0022747544571757317,0.5012723803520203,-0.0016242759302258492
0.0022794795222580433,0.5012750625610352,-0.001613350585103035
0.0022891827393323183,0.501281201839447,-0.0016150213778018951
0.002279255073517561,0.5012825131416321,-0.0016133878380060196
0.002281851600855589,0.5012723207473755,-0.0016011586412787437
0.002269251737743616,0.5012746453285217,-0.001611286774277687
0.002283120062202215,0.5012730956077576,-0.0016127415001392365
0.0022820932790637016,0.5012797713279724,-0.001633262261748314
0.0022710999473929405,0.5012770295143127,-0.001636270433664322
0.002269065473228693,0.5012668967247009,-0.001635259948670864
0.0022717872634530067,0.501278817653656,-0.0016277637332677841
0.0022795479744672775,0.5012853741645813,-0.001620568335056305
0.0022781703155487776,0.50127774477005,-0.0016317712143063545
0.002262871479615569,0.5012746453285217,-0.0016386089846491814
0.002253337297588587,0.5012801289558411,-0.0016310345381498337
0.0022629539016634226,0.5012630820274353,-0.001665511168539524
0.0023078504018485546,0.5012513399124146,-0.0016649942845106125
0.002306513022631407,0.5013015270233154,-0.001605224795639515
0.002382699865847826,0.5012334585189819,-0.0016822116449475288
0.002379373647272587,0.501310408115387,-0.001770535483956337
0.002349155256524682,0.5013323426246643,-0.0018372908234596252
0.0021635405719280243,0.5015352368354797,-0.0018459698185324669
0.002170383930206299,0.5014687776565552,-0.0018876362591981888
0.0023255369160324335,0.5012320876121521,-0.0019379081204533577
0.002399169374257326,0.5011371374130249,-0.002037099562585354
0.0021308776922523975,0.501095712184906,-0.0022170767188072205
0.002004123292863369,0.5012400150299072,-0.002086290158331394
0.0020232456736266613,0.5013628602027893,-0.0018426543101668358
0.0021575521677732468,0.5012824535369873,-0.0016198959201574326
0.0023109931498765945,0.5012838840484619,-0.0015788525342941284
0.002307353774085641,0.5012715458869934,-0.00158623605966568
0.002276183571666479,0.5012617707252502,-0.0016116546466946602
0.002288585528731346,0.5012819766998291,-0.0016070995479822159
0.002289804397150874,0.5012766718864441,-0.0016091158613562584
0.0022847498767077923,0.5012710094451904,-0.0015978943556547165
0.0022810352966189384,0.5012699961662292,-0.0015991311520338058
0.002272055484354496,0.5012799501419067,-0.0016245627775788307
0.0022743912413716316,0.501277506351471,-0.0016302727162837982
0.0022659471724182367,0.5012715458869934,-0.0016299178823828697
0.0022653185296803713,0.5012754797935486,-0.001632779836654663
0.002275599166750908,0.5012748837471008,-0.0016156602650880814
0.0022822634782642126,0.5012834072113037,-0.0016040029004216194
0.0022806201595813036,0.5012769103050232,-0.0016040513291954994
0.00228170701302588,0.5012575387954712,-0.0016083456575870514
0.0023175643291324377,0.5012798309326172,-0.0016178982332348824
0.0023297639563679695,0.5012186169624329,-0.0018347520381212234
0.0023454693146049976,0.5013155341148376,-0.001915082335472107
0.002300073392689228,0.5013420581817627,-0.0020597875118255615
0.0021901805885136127,0.5015668272972107,-0.0018577054142951965
0.002281470922753215,0.5015621185302734,-0.001728719100356102
0.0022085290402173996,0.5013924837112427,-0.0017213299870491028
0.002149435691535473,0.5012215375900269,-0.0018379297107458115
0.002085717860609293,0.501151442527771,-0.0022193975746631622
0.0021469509229063988,0.5011807680130005,-0.0022531645372509956
0.0018061082810163498,0.5012801289558411,-0.0021522250026464462
0.002114831004291773,0.5013273358345032,-0.0019313134253025055
0.002158971969038248,0.5012827515602112,-0.0016642650589346886
0.002216779626905918,0.5012828707695007,-0.001603894867002964
0.002269143471494317,0.5012779831886292,-0.0016072103753685951
0.002273016143590212,0.5012763142585754,-0.0016265874728560448
0.002252440433949232,0.5012746453285217,-0.0016182074323296547
0.0022570048458874226,0.5012813806533813,-0.0016352906823158264
0.0022554032038897276,0.5012804865837097,-0.0016529597342014313
0.002259214874356985,0.5012801289558411,-0.0016596149653196335
0.0022578348871320486,0.5012755990028381,-0.0016817757859826088
0.0022503193467855453,0.5012804269790649,-0.0016790926456451416
0.0022156983613967896,0.5013288259506226,-0.0017239795997738838
0.0022383173927664757,0.5012375116348267,-0.0018779933452606201
0.0021964507177472115,0.5012698173522949,-0.001904102973639965
0.0021644714288413525,0.5012983679771423,-0.0020553842186927795
0.001990604680031538,0.5014029741287231,-0.00192306749522686
0.002037595957517624,0.5013765096664429,-0.001878540962934494
0.0022236425429582596,0.5011682510375977,-0.0021339068189263344
0.00214563962072134,0.5011078715324402,-0.0024099918082356453
0.001946097705513239,0.5011808276176453,-0.00260789692401886
0.0015845936723053455,0.5014736652374268,-0.0027436623349785805
0.0014835456386208534,0.5014852285385132,-0.003140169195830822
0.001338156871497631,0.5010557174682617,-0.0035138241946697235
0.0009928178042173386,0.5012823939323425,-0.0036217020824551582
0.0011048312298953533,0.5014535784721375,-0.0038964692503213882
0.0013830438256263733,0.5013830661773682,-0.0037905294448137283
0.0020049242302775383,0.5011646747589111,-0.003312123939394951
0.0020466228015720844,0.5013001561164856,-0.0028607184067368507
0.0021070637740194798,0.501359760761261,-0.002672935836017132
0.001935538835823536,0.5013361573219299,-0.0028415992856025696
0.0016981023363769054,0.50129634141922,-0.0037773093208670616
0.0013396549038589,0.5013910531997681,-0.004199248738586903
0.000991924200206995,0.5014334917068481,-0.004325943998992443
0.0013100802898406982,0.5014111995697021,-0.003700029104948044
0.001771912444382906,0.5013223886489868,-0.003337041474878788
0.0018656258471310139,0.5011048913002014,-0.003409566357731819
0.0019917204044759274,0.5012074112892151,-0.0031438274309039116
0.0023958832025527954,0.5011993646621704,-0.0028656302019953728
0.0025132810696959496,0.5013275742530823,-0.0032841339707374573
0.0026764017529785633,0.5013441443443298,-0.0031066108494997025
0.002615212230011821,0.5011257529258728,-0.0031690290197730064
0.0020688814111053944,0.501375138759613,-0.0031389696523547173
0.002094636205583811,0.5013370513916016,-0.0031432900577783585
0.0017770505510270596,0.5013478398323059,-0.003470970317721367
0.0018756017088890076,0.501318633556366,-0.0038601914420723915
0.0016979225911200047,0.5012274384498596,-0.003991587087512016
0.001462622545659542,0.5013782978057861,-0.0037153782323002815
0.0013912469148635864,0.5015153884887695,-0.00336442980915308
0.0014282837510108948,0.5015589594841003,-0.0035356665030121803
0.0015073600225150585,0.5014649629592896,-0.004051662050187588
0.0010929969139397144,0.5014181733131409,-0.004739789292216301
0.0006455802358686924,0.5015125870704651,-0.005301542580127716
-9.203748777508736e-05,0.501476526260376,-0.006211778149008751
-0.0003556995652616024,0.5015796422958374,-0.006188174709677696
-0.00031371694058179855,0.5014739632606506,-0.006308970972895622
-0.0003354656510055065,0.501204788684845,-0.006153987720608711
5.2313320338726044e-05,0.5013247728347778,-0.006237795576453209
8.607469499111176e-05,0.501162052154541,-0.006231263279914856
0.00011862395331263542,0.5011508464813232,-0.005983417853713036
0.0002711876295506954,0.5012770891189575,-0.00564741063863039
0.0005170218646526337,0.5011706948280334,-0.005185139365494251
0.0012357956729829311,0.5012883543968201,-0.004780307412147522
0.001530202105641365,0.5012663006782532,-0.0041394950821995735
0.001874664332717657,0.501166820526123,-0.003992944955825806
0.0021375762298703194,0.5011613368988037,-0.003572952002286911
0.001885772217065096,0.5011031627655029,-0.0035050446167588234
0.0018928400240838528,0.5011303424835205,-0.004044758155941963
0.0016772239468991756,0.5013594627380371,-0.004465747624635696
0.0010411632247269154,0.5013914704322815,-0.004648245871067047
0.0004507005214691162,0.5014389157295227,-0.004739144816994667
-0.00011769309639930725,0.5014576315879822,-0.005252770148217678
-0.0006238007918000221,0.5014113783836365,-0.005926782265305519
-0.0009384811855852604,0.5014789700508118,-0.006074819713830948
-0.0014078691601753235,0.5015015006065369,-0.006357479840517044
-0.001778522040694952,0.501562237739563,-0.006326908245682716
-0.0017134887166321278,0.5015674233436584,-0.006420264020562172
-0.0015807310119271278,0.502127468585968,-0.00616866908967495
-0.0013282331638038158,0.5020341873168945,-0.004842834547162056
-0.0013064993545413017,0.5018319487571716,-0.004099220037460327
-0.001058144960552454,0.5020106434822083,-0.004355777986347675
-0.0016524065285921097,0.5016939640045166,-0.004476854577660561
-0.001815809402614832,0.501470148563385,-0.005437777377665043
-0.0015290966257452965,0.5015901327133179,-0.005950458347797394
-0.0018522287718951702,0.5015631914138794,-0.005542882718145847
-0.0013749999925494194,0.5016555786132812,-0.005470745265483856
-0.0011535994708538055,0.5018148422241211,-0.00538603775203228
-0.0014449539594352245,0.5017971396446228,-0.005142328329384327
-0.0017950520850718021,0.5017974376678467,-0.005046585574746132
-0.0018454673700034618,0.5018147826194763,-0.005093950778245926
-0.0016230642795562744,0.5016978979110718,-0.005093981511890888
-0.0014927331358194351,0.5016770958900452,-0.005170552060008049
-0.0012733088806271553,0.5016324520111084,-0.005347084254026413
-0.0011200313456356525,0.501681923866272,-0.005459785461425781
-0.000998996663838625,0.5015476942062378,-0.005388615652918816
-0.0010269791819155216,0.5016499757766724,-0.005176495760679245
-0.0008256193250417709,0.5014750361442566,-0.004884381778538227
-0.00029403576627373695,0.5013830661773682,-0.004413696005940437
-1.7918646335601807e-06,0.501353919506073,-0.004172090440988541
0.0001185024157166481,0.5013952255249023,-0.004482810385525227
-0.00028676772490143776,0.5012572407722473,-0.004819562658667564
-0.00046842219308018684,0.5011276006698608,-0.005365539342164993
-0.0008625569753348827,0.501845121383667,-0.005685901269316673
-0.0011526192538440228,0.5018428564071655,-0.005960199981927872
-0.0015479843132197857,0.5014651417732239,-0.005957398563623428
-0.0012800325639545918,0.5014662742614746,-0.005987042561173439
-0.0009321519173681736,0.5014474391937256,-0.006294911727309227
-0.0010663759894669056,0.5015134811401367,-0.006548713892698288
-0.0007353606633841991,0.5015968680381775,-0.006724940612912178
-0.0011006006971001625,0.5014705061912537,-0.006918752565979958
-0.0010657119564712048,0.5012829303741455,-0.00557479914277792
-0.0009864135645329952,0.5015125274658203,-0.004949336871504784
-0.0006447858177125454,0.501419723033905,-0.004638995975255966
-0.00014024041593074799,0.5012898445129395,-0.004608348943293095
0.0002608872018754482,0.501235842704773,-0.00515079777687788
0.00013300403952598572,0.5012199878692627,-0.0048983339220285416
0.0005650096572935581,0.5014157891273499,-0.004298951476812363
0.0005895760841667652,0.5012778043746948,-0.0037516970187425613
0.0007266122847795486,0.5011612772941589,-0.003748682327568531
0.0007389606907963753,0.5011894106864929,-0.004232363775372505
0.0006338171660900116,0.5012816190719604,-0.004407435655593872
0.0003071785904467106,0.5016130208969116,-0.004335615783929825
0.0004267157055437565,0.5011552572250366,-0.004365581087768078
0.0009181471541523933,0.5010652542114258,-0.004342641681432724
0.0009947693906724453,0.5012215375900269,-0.004071461968123913
0.0007827603258192539,0.5013794302940369,-0.003871801309287548
0.0009292131289839745,0.5013189315795898,-0.0038483282551169395
0.0009671389125287533,0.5012838840484619,-0.004086127504706383
0.0008065886795520782,0.5013604760169983,-0.004186798818409443
0.0004838663153350353,0.5014371871948242,-0.004429250955581665
0.0003081425093114376,0.501509964466095,-0.0045359693467617035
0.0001918240450322628,0.5015867948532104,-0.004706829786300659
0.00017979228869080544,0.5015162229537964,-0.004610863514244556
0.00021874764934182167,0.5015416741371155,-0.00430493988096714
0.0002975333482027054,0.5013834238052368,-0.004223588854074478
0.00019362010061740875,0.5014438033103943,-0.004021688364446163
0.00030097225680947304,0.50132155418396,-0.003945019096136093
0.0002527255564928055,0.5015537738800049,-0.004155298694968224
0.0004335395060479641,0.5014655590057373,-0.003895847126841545
0.00047618383541703224,0.5014137029647827,-0.0039525991305708885
0.0008451393805444241,0.5014352798461914,-0.0036055631935596466
0.0011149123311042786,0.5012608170509338,-0.003044002689421177
0.0015915450640022755,0.5011557340621948,-0.002590639516711235
0.002012601587921381,0.5009908080101013,-0.0022997763007879257
0.00206298241391778,0.501168966293335,-0.0023331167176365852
0.0019105146639049053,0.5010574460029602,-0.002261180430650711
0.0018841782584786415,0.5011950135231018,-0.00226461049169302
0.0016703209839761257,0.5011216402053833,-0.0023826658725738525
0.0015761824324727058,0.5012790560722351,-0.0026405388489365578
0.0013384628109633923,0.501287043094635,-0.0026938896626234055
0.001034165732562542,0.5011276006698608,-0.0029399003833532333
0.00114035839214921,0.5011397004127502,-0.0031405966728925705
0.0010598325170576572,0.5012261867523193,-0.0031004566699266434
0.0011106343008577824,0.5011664032936096,-0.0028794538229703903
0.0011990317143499851,0.5012721419334412,-0.0024341940879821777
0.0011907708831131458,0.5012769103050232,-0.002008180133998394
0.0009865988977253437,0.5013664364814758,-0.0023744674399495125
0.0016097258776426315,0.5010772347450256,-0.002952420152723789
0.0013237562961876392,0.5014108419418335,-0.00315210223197937
0.0010419804602861404,0.5014575123786926,-0.003080187365412712
0.0016003884375095367,0.5011914372444153,-0.0030374135822057724
0.0017644986510276794,0.5012220144271851,-0.0030751116573810577
0.0013317731209099293,0.5013177990913391,-0.003296378068625927
0.0008275187574326992,0.5013864636421204,-0.0032581444829702377
0.0005517350509762764,0.5011502504348755,-0.0031796135008335114
0.00028207898139953613,0.5012850165367126,-0.002857699990272522
0.00022387178614735603,0.5015272498130798,-0.0029343748465180397
0.000431746244430542,0.5014263391494751,-0.003290882334113121
0.0005524209700524807,0.5012958645820618,-0.003352539613842964
0.0004710140638053417,0.5011869072914124,-0.0037927059456706047
0.00013158982619643211,0.5015754699707031,-0.00432417169213295
-8.04513692855835e-05,0.5016123056411743,-0.004617740400135517
-0.00019873632118105888,0.5017444491386414,-0.004858844913542271
-0.0002059568651020527,0.5016926527023315,-0.005094186402857304
-0.0007907836697995663,0.5015964508056641,-0.005727346986532211
-0.000997657421976328,0.5015065670013428,-0.006072733551263809
-0.0009957863949239254,0.5015510320663452,-0.006430398672819138
-0.0011846967972815037,0.5016238689422607,-0.006307998672127724
-0.0015756264328956604,0.5016571879386902,-0.006362028419971466
-0.0018090992234647274,0.5014234781265259,-0.006525842472910881
-0.0015957490541040897,0.5013798475265503,-0.006587395444512367
-0.0013354565016925335,0.5015673041343689,-0.006547318771481514
-0.0011748936958611012,0.5016883611679077,-0.006383558735251427
-0.0010162778198719025,0.501644492149353,-0.005911951884627342
-0.0009494340047240257,0.5013436079025269,-0.0057888636365532875
-0.0008855857886373997,0.5013014078140259,-0.0059004612267017365
-0.000893887598067522,0.501279354095459,-0.006004804745316505
-0.00094222417101264,0.501363217830658,-0.006417328491806984
-0.0008625732734799385,0.5015162229537964,-0.006273960694670677
-0.0009670830331742764,0.501607358455658,-0.006179755553603172
-0.00122449966147542,0.5014458894729614,-0.006002729758620262
-0.0011705020442605019,0.5013582706451416,-0.006209937855601311
-0.0013787373900413513,0.5014433264732361,-0.006257206201553345
-0.0016578887589275837,0.5016704201698303,-0.00600614957511425
-0.0014859088696539402,0.50188809633255,-0.005537792108952999
-0.0010436326265335083,0.5016689896583557,-0.005110809579491615
-0.0010460554622113705,0.5015612244606018,-0.00480489619076252
-0.0008050184696912766,0.5016252994537354,-0.0049570221453905106
-0.0008170069195330143,0.5017939805984497,-0.005281553603708744
-0.0008976501412689686,0.5015727281570435,-0.0054046763107180595
-0.0006003463640809059,0.5014570355415344,-0.005494415760040283
-0.0005623684264719486,0.5016469359397888,-0.0050741443410515785
-0.00037769740447402,0.5016413927078247,-0.004521846771240234
-0.0002032322809100151,0.5015302300453186,-0.0039430176839232445
6.930949166417122e-05,0.5016761422157288,-0.0033836327493190765
0.00040664803236722946,0.5015143752098083,-0.003950290381908417
0.0003636530600488186,0.5014803409576416,-0.004622353240847588
-0.00029445625841617584,0.5014670491218567,-0.004907917231321335
-0.0005729552358388901,0.5014731287956238,-0.005163636989891529
-0.00034233881160616875,0.5013570189476013,-0.00477941706776619
0.00012848898768424988,0.5013675689697266,-0.004232926294207573
0.00045211752876639366,0.5014491677284241,-0.004100032150745392
0.00031747017055749893,0.5012978911399841,-0.004058260470628738
0.0007728543132543564,0.5010434985160828,-0.004249033518135548
0.0009544244967401028,0.5012108087539673,-0.003916350193321705
0.001108681783080101,0.5014020800590515,-0.0034344037994742393
0.0014054514467716217,0.5013331174850464,-0.00318330992013216
0.0016334103420376778,0.5012418031692505,-0.0028633708134293556
0.0014113793149590492,0.5011272430419922,-0.0025714440271258354
0.0013425229117274284,0.5010899305343628,-0.0028524622321128845
0.0011139502748847008,0.5011665225028992,-0.0031697815284132957
0.0009800898842513561,0.5013798475265503,-0.0035533439368009567
0.0007580816745758057,0.5014442801475525,-0.003733474761247635
0.0006694737821817398,0.5013672709465027,-0.004347853362560272
0.00038505159318447113,0.5013822317123413,-0.0046871136873960495
0.00016730884090065956,0.5014505982398987,-0.004970272071659565
8.916202932596207e-05,0.5013806819915771,-0.005174575373530388
0.00024613644927740097,0.5013217329978943,-0.0049004871398210526
0.00023865094408392906,0.5014466047286987,-0.004465754143893719
0.000156414695084095,0.5013887882232666,-0.004150635562837124
0.00015288079157471657,0.5015249848365784,-0.003868331201374531
0.00011836830526590347,0.5014474987983704,-0.003782198764383793
0.00010936800390481949,0.5015628337860107,-0.004027934744954109
-0.0003192177973687649,0.5016447305679321,-0.004409449175000191
-0.0005541108548641205,0.5015056729316711,-0.004868551157414913
-0.000692328903824091,0.5014632344245911,-0.005106628872454166
-0.0003086165525019169,0.5012692213058472,-0.005266737192869186
-0.00010840175673365593,0.501462459564209,-0.005182056687772274
-0.0002480270341038704,0.5015223622322083,-0.00494883768260479
-0.00019787531346082687,0.5014049410820007,-0.00474919006228447
0.00017552869394421577,0.5013676881790161,-0.004259899258613586
0.00019424082711338997,0.5014333128929138,-0.004227393306791782
-0.00011464860290288925,0.5015949010848999,-0.004586830735206604
-0.00035115377977490425,0.5014960169792175,-0.005039360374212265
-0.0005543073639273643,0.5013347864151001,-0.005418183282017708
-0.0006964830681681633,0.5012820959091187,-0.0053709326311945915
-0.00023284368216991425,0.501472532749176,-0.0051753101870417595
-0.0001004212535917759,0.5013756155967712,-0.004838316701352596
-2.438761293888092e-05,0.5013958215713501,-0.004545528441667557
3.707222640514374e-05,0.501487672328949,-0.004329209215939045
-7.756240665912628e-05,0.50152987241745,-0.004380551166832447
6.067100912332535e-05,0.5014424920082092,-0.004298904910683632
0.0001654583029448986,0.5013895034790039,-0.004192261956632137
0.00014446303248405457,0.501396894454956,-0.00433509424328804
0.0001886109821498394,0.50145423412323,-0.004426560364663601
7.968442514538765e-05,0.5015122294425964,-0.0043833330273628235
-0.0001715286634862423,0.5013689994812012,-0.004516896791756153
-0.00029590073972940445,0.5012543797492981,-0.004829712212085724
-0.00036829570308327675,0.5013394355773926,-0.005047603510320187
-0.0004317895509302616,0.5013801455497742,-0.005157042294740677
-0.00034819357097148895,0.5013677477836609,-0.005287909880280495
-0.00022825365886092186,0.5013790130615234,-0.005328916013240814
-0.00016969721764326096,0.5014342665672302,-0.005402696318924427
-0.00015554949641227722,0.5015028119087219,-0.005379330366849899
-0.00012196134775876999,0.5014749765396118,-0.005399840883910656
-0.00023628771305084229,0.5015366673469543,-0.005519375205039978
-0.00041308440268039703,0.5015175938606262,-0.005565584637224674
-0.0005839858204126358,0.5015535354614258,-0.005735877901315689
-0.0007092016749083996,0.5016053915023804,-0.005788702517747879
-0.0007020384073257446,0.501602053642273,-0.00578981451690197
-0.0006433180533349514,0.5016129016876221,-0.0057121627032756805
-0.0005641570314764977,0.5015996694564819,-0.005599835887551308
-0.00047009531408548355,0.5015544295310974,-0.005556213669478893
-0.0003897836431860924,0.5015349388122559,-0.005411291494965553
-0.0003108922392129898,0.5015447735786438,-0.005236512050032616
-0.0001956205815076828,0.5015383958816528,-0.005104255862534046
-0.00014410493895411491,0.5014724731445312,-0.005006260238587856
-0.00011048512533307076,0.5014393329620361,-0.004949255846440792
-0.0001232619397342205,0.5014374852180481,-0.004899048246443272
-0.00010816799476742744,0.5014379620552063,-0.004869995638728142
-8.371146395802498e-05,0.5014104843139648,-0.004856813699007034
-9.606685489416122e-05,0.5014365911483765,-0.004851074889302254
-0.00014202063903212547,0.5014855861663818,-0.0048209140077233315
-0.00017348770052194595,0.5014915466308594,-0.004870239645242691
-0.00019191764295101166,0.5014687180519104,-0.004955777898430824
-0.00022064335644245148,0.5014596581459045,-0.005031469278037548
-0.0002905982546508312,0.5014722347259521,-0.0050833625718951225
-0.0002969023771584034,0.5014886856079102,-0.00506577268242836
-0.0002829204313457012,0.501491367816925,-0.005086819641292095
-0.00029097218066453934,0.5014887452125549,-0.005091092549264431
-0.000321452971547842,0.5015055537223816,-0.005119818262755871
-0.00040054041892290115,0.5015116333961487,-0.005187288857996464
-0.00042371125891804695,0.5015062689781189,-0.0052152154967188835
-0.0005085431039333344,0.5015212893486023,-0.005287517793476582
-0.0005826321430504322,0.5015048384666443,-0.0053697433322668076
-0.0006135548464953899,0.5014928579330444,-0.005490567535161972
-0.0006656935438513756,0.5014845132827759,-0.005547957494854927
-0.0006747129373252392,0.501511812210083,-0.00559608731418848
-0.0006432803347706795,0.5014972686767578,-0.005587266758084297
-0.0006254375912249088,0.5014963150024414,-0.00556744821369648
-0.0006811544299125671,0.5014693140983582,-0.005530275404453278
-0.000577208586037159,0.5015013217926025,-0.005553893744945526
-0.0006295205093920231,0.5014750361442566,-0.005476298741996288
-0.0005519972182810307,0.501478910446167,-0.005449509248137474
-0.0005565979517996311,0.5015072226524353,-0.005463104695081711
-0.0005811457522213459,0.5014839768409729,-0.005429401993751526
-0.0005108029581606388,0.501513659954071,-0.005467934533953667
-0.0005291835404932499,0.5014986991882324,-0.005479230545461178
-0.0005606580525636673,0.5015169382095337,-0.005467256531119347
-0.0005869562737643719,0.5015085935592651,-0.0054723285138607025
-0.0005745738744735718,0.5015082359313965,-0.00543129350990057
-0.0005373461171984673,0.5015144348144531,-0.005452334880828857
-0.0004931078292429447,0.5014556646347046,-0.005420144647359848
-0.0004521869122982025,0.5015116333961487,-0.005409999750554562
-0.00048140715807676315,0.5015090107917786,-0.0053900908678770065
-0.000488105695694685,0.5015079379081726,-0.005408397875726223
-0.0004590200260281563,0.5014820694923401,-0.005373959429562092
-0.0004413258284330368,0.5014925599098206,-0.005375714972615242
-0.00047114212065935135,0.5015223622322083,-0.0054093943908810616
-0.00045219389721751213,0.5015272498130798,-0.005405816249549389
-0.0004328596405684948,0.5015081763267517,-0.005421215668320656
-0.0004731249064207077,0.5015079379081726,-0.005433772690594196
-0.00049250153824687,0.5015023946762085,-0.005461111664772034
-0.0005109296180307865,0.5014849901199341,-0.0054671429097652435
-0.0005101929418742657,0.5015006065368652,-0.005464350804686546
-0.0004991418682038784,0.5014952421188354,-0.005469792522490025
-0.0005046790465712547,0.5014902353286743,-0.005454836413264275
-0.0004941895604133606,0.5015172362327576,-0.0054342132061719894
-0.000498906709253788,0.5014992356300354,-0.005428740754723549
-0.0005063251592218876,0.5014819502830505,-0.005437256768345833
-0.0005134041421115398,0.5014979243278503,-0.005442451685667038
-0.0005032634362578392,0.5014974474906921,-0.005454292520880699
-0.0005138232372701168,0.5014994144439697,-0.005448232404887676
-0.0005045495927333832,0.5015023350715637,-0.005449296906590462
-0.000500913243740797,0.5014901757240295,-0.0054428307339549065
-0.0005091861821711063,0.5014955401420593,-0.005425764247775078
-0.0005033649504184723,0.5015146732330322,-0.005421262234449387
-0.0004880642518401146,0.5014978647232056,-0.005414403043687344
-0.0004994492046535015,0.5014942288398743,-0.005418900400400162
-0.00050368532538414,0.5014991760253906,-0.005439316853880882
-0.0005043023265898228,0.5014938712120056,-0.005428586155176163
-0.0004946584813296795,0.5015002489089966,-0.005422879941761494
-0.00048312079161405563,0.5015012621879578,-0.005432727746665478
-0.00046699540689587593,0.50149005651474,-0.0054362183436751366
-0.00048003392294049263,0.5014949440956116,-0.005434095859527588
-0.00048046698793768883,0.501510500907898,-0.005436332896351814
-0.00048233475536108017,0.5014731287956238,-0.005437156185507774
-0.000495674554258585,0.5014880895614624,-0.005444707348942757
-0.0004944154061377048,0.5015139579772949,-0.00544945802539587
-0.0004616212099790573,0.5015035271644592,-0.00544910691678524
-0.0004356801509857178,0.5015127062797546,-0.00546356663107872
-0.00043447548523545265,0.5015008449554443,-0.005439991131424904
-0.00046392064541578293,0.5015384554862976,-0.005356070585548878
-0.00047869933769106865,0.5015201568603516,-0.005324705503880978
-0.00042393244802951813,0.5015095472335815,-0.0053719282150268555
-0.0004365355707705021,0.5014663934707642,-0.005435824394226074
-0.0005120043642818928,0.5014723539352417,-0.005484522320330143
-0.0005519124679267406,0.5014707446098328,-0.005448461510241032
-0.0005792733281850815,0.5014740228652954,-0.005424619652330875
-0.00051513547077775,0.5015129446983337,-0.005404593423008919
-0.0004834672436118126,0.5015079975128174,-0.005436090752482414
-0.00048285676166415215,0.5015093684196472,-0.005438652820885181
-0.0005097957327961922,0.5015116333961487,-0.005469649098813534
-0.0005021276883780956,0.5014765858650208,-0.005516635254025459
-0.0005287602543830872,0.501480221748352,-0.005497562699019909
-0.0005730735138058662,0.501497209072113,-0.005502469837665558
-0.0005283784121274948,0.5014769434928894,-0.0054931119084358215
-0.0004866989329457283,0.5014798045158386,-0.005456935614347458
-0.00047841062769293785,0.5015013217926025,-0.005448251962661743
-0.0004722876474261284,0.501484751701355,-0.0054315850138664246
-0.00048099877312779427,0.5014974474906921,-0.005409000441431999
-0.00047911517322063446,0.501496434211731,-0.005413166247308254
-0.000468304380774498,0.5014826059341431,-0.005418018437922001
-0.0004682932049036026,0.5014965534210205,-0.005403375253081322
-0.0004607303999364376,0.5014986991882324,-0.005402347072958946
-0.0004512961022555828,0.5014956593513489,-0.005387116223573685
-0.00046092458069324493,0.5015037059783936,-0.005373767577111721
-0.00045994995161890984,0.5014897584915161,-0.005379100330173969
-0.00046583404764533043,0.5014879703521729,-0.005390589125454426
-0.0004760259762406349,0.5014969706535339,-0.00539197213947773
-0.00047598639503121376,0.5014966726303101,-0.005401045083999634
-0.00048265792429447174,0.5015026330947876,-0.0054018618538975716
-0.00047517335042357445,0.5015029907226562,-0.005405900068581104
-0.000464858952909708,0.5014941096305847,-0.005402390845119953
-0.0004742867313325405,0.5014985203742981,-0.0054017845541238785
-0.0004648272879421711,0.5015007257461548,-0.005414803512394428
-0.0004732860252261162,0.5014853477478027,-0.005407299846410751
-0.0004641301929950714,0.5014970302581787,-0.005405443720519543
-0.0004582563415169716,0.5014999508857727,-0.005398399196565151
-0.00046102656051516533,0.5014996528625488,-0.00539405457675457
-0.0004518427886068821,0.5015097260475159,-0.00539899617433548
-0.0004555745981633663,0.5014945864677429,-0.0054088253527879715
-0.0004809591919183731,0.5014947056770325,-0.005423465743660927
-0.00047939037904143333,0.5014963746070862,-0.005431897006928921
-0.0004923404194414616,0.5014881491661072,-0.005441635847091675
-0.0004989299923181534,0.5015084147453308,-0.005431612953543663
-0.000487293116748333,0.5015008449554443,-0.005438164807856083
-0.0004773437976837158,0.5014864206314087,-0.005430890247225761
-0.00048592081293463707,0.5015015006065369,-0.005414068698883057
-0.0004771500825881958,0.5015097260475159,-0.005412695929408073
-0.0004703914746642113,0.5014903545379639,-0.00540948286652565
-0.00047523854300379753,0.5014997720718384,-0.005404200404882431
-0.00047280406579375267,0.5014913082122803,-0.005412588827311993
-0.00046775536611676216,0.5014870166778564,-0.005420141853392124
-0.00048359110951423645,0.5015026926994324,-0.00541766919195652
-0.0004780935123562813,0.5014998316764832,-0.005416899919509888
-0.0004725237376987934,0.5014925003051758,-0.005406664684414864
-0.00048255128785967827,0.5015034675598145,-0.005411647260189056
-0.0004781908355653286,0.501507043838501,-0.005406644195318222
-0.00047416752204298973,0.5014914274215698,-0.005409624427556992
-0.00048599718138575554,0.5014964938163757,-0.0054143276065588
-0.000480766873806715,0.5015077590942383,-0.005411592312157154
-0.0004807072691619396,0.5015012621879578,-0.005408972501754761
-0.0004804609343409538,0.5014902353286743,-0.005410537123680115
-0.00047793425619602203,0.50150066614151,-0.0054146721959114075
-0.00047917570918798447,0.5015028119087219,-0.005410515703260899
-0.0004759239964187145,0.5015049576759338,-0.005407385528087616
-0.00047806743532419205,0.5014985203742981,-0.0054134801030159
-0.0004856339655816555,0.5014961957931519,-0.005417509004473686
-0.0004938379861414433,0.5014941096305847,-0.005431165918707848
-0.0005068578757345676,0.5014941692352295,-0.005440501496195793
-0.0004968489520251751,0.5014991760253906,-0.005441650748252869
-0.0004959134384989738,0.501499593257904,-0.005437830463051796
-0.0004983698017895222,0.5014937520027161,-0.005441833287477493
-0.0004961239174008369,0.5014899373054504,-0.005442541092634201
-0.0005000103265047073,0.5014921426773071,-0.005441359244287014
-0.0004963474348187447,0.5015013217926025,-0.005437072366476059
-0.00048762327060103416,0.5015050172805786,-0.005435424856841564
-0.000490264967083931,0.5014961361885071,-0.005429831333458424
-0.000491289421916008,0.5014858245849609,-0.005441301502287388
-0.0005053291097283363,0.5014908313751221,-0.005447150208055973
-0.0005015027709305286,0.5014946460723877,-0.005449321120977402
-0.0004994645714759827,0.5015041828155518,-0.005439594388008118
-0.0005022766999900341,0.5014938116073608,-0.005435027182102203
-0.0004971036687493324,0.5014916658401489,-0.005429684184491634
-0.0004978696815669537,0.5014877319335938,-0.005436099134385586
-0.0005026180297136307,0.5014978051185608,-0.005435571074485779
-0.00046860240399837494,0.5014848113059998,-0.005438601598143578
-0.00047728559002280235,0.5014922618865967,-0.0054036593064665794
-0.00047330930829048157,0.5014796853065491,-0.005397675558924675
-0.0004640445113182068,0.5014755725860596,-0.00538761168718338
-0.0004469226114451885,0.5014896988868713,-0.005358198657631874
-0.00046230852603912354,0.5015085339546204,-0.005357345566153526
-0.00045912619680166245,0.5014759302139282,-0.005372132174670696
-0.0004639904946088791,0.5014705657958984,-0.005380706861615181
-0.00048706913366913795,0.5014636516571045,-0.005367020145058632
-0.00046704988926649094,0.5014914870262146,-0.005383597686886787
-0.00046824151650071144,0.5014992356300354,-0.005404004827141762
-0.00046122726052999496,0.5014898777008057,-0.0054047685116529465
-0.00047893915325403214,0.5014818906784058,-0.005415981635451317
-0.000497850589454174,0.5014936923980713,-0.005429225042462349
-0.0004862714558839798,0.5015033483505249,-0.0054514408111572266
-0.000464877113699913,0.5014987587928772,-0.005450885742902756
-0.0004704957827925682,0.5014916658401489,-0.005411248654127121
-0.00046999193727970123,0.5015172958374023,-0.005340924486517906
-0.0004881732165813446,0.5014801621437073,-0.00535543542355299
-0.00047671934589743614,0.501479983329773,-0.0053542787209153175
-0.00047117751091718674,0.5015086531639099,-0.005348664708435535
-0.00044384924694895744,0.5015079379081726,-0.005362067371606827
-0.00046014226973056793,0.5014636516571045,-0.005348714999854565
-0.0004926454275846481,0.5014716386795044,-0.005384751595556736
-0.0004854402504861355,0.5015004873275757,-0.005414451472461224
-0.00045829592272639275,0.5015255212783813,-0.005388709716498852
-0.00042885635048151016,0.5015124082565308,-0.005378770641982555
-0.0004164888523519039,0.5015120506286621,-0.005372175946831703
-0.0004329727962613106,0.5015007853507996,-0.005405553616583347
-0.00047120917588472366,0.5014738440513611,-0.005438667722046375
-0.0004924722015857697,0.5014867782592773,-0.005452415905892849
-0.0004979949444532394,0.501505434513092,-0.005465498194098473
-0.0005001341924071312,0.5014878511428833,-0.005469007417559624
-0.0005097342655062675,0.5014957785606384,-0.005472108721733093
-0.0005329614505171776,0.5015236735343933,-0.00547416228801012
-0.0005279718898236752,0.5015064477920532,-0.005480310879647732
-0.000533711165189743,0.5014981627464294,-0.005499525927007198
-0.0005629719235002995,0.5015062689781189,-0.005543363280594349
-0.0005891961045563221,0.5015084147453308,-0.005618782714009285
-0.0005984464660286903,0.5014972686767578,-0.005647852085530758
-0.0006107138469815254,0.5015212893486023,-0.005646331235766411
-0.0005547655746340752,0.50151526927948,-0.005604333244264126
-0.0004967055283486843,0.5014860033988953,-0.005529611371457577
-0.0004433942958712578,0.5014690160751343,-0.005468187853693962
-0.0004040319472551346,0.5014826655387878,-0.005377967841923237
-0.0003669322468340397,0.5014861822128296,-0.005280111916363239
-0.00033513130620121956,0.5014874935150146,-0.0051528168842196465
-0.0002854461781680584,0.5014622211456299,-0.005037199705839157
-0.00025092437863349915,0.5014366507530212,-0.004923475906252861
-0.00020288629457354546,0.5014241337776184,-0.0048587024211883545
-0.00019751675426959991,0.5014029145240784,-0.00488185603171587
-0.00016605155542492867,0.5013906955718994,-0.005003059282898903
-0.00014667585492134094,0.5014142394065857,-0.005106255412101746
-0.00011831102892756462,0.5014743208885193,-0.005144807510077953
-0.0001143747940659523,0.5014579892158508,-0.005097069777548313
-0.00014515919610857964,0.5014605522155762,-0.00513212475925684
-0.00018911762163043022,0.5014779567718506,-0.005174450576305389
-0.00025159865617752075,0.5014449954032898,-0.005185291171073914
-0.0002447417937219143,0.501438558101654,-0.005165892653167248
-0.00012359069660305977,0.5014584064483643,-0.00505073182284832
-5.837623029947281e-05,0.5015025734901428,-0.004876967519521713
-6.143748760223389e-05,0.501491367816925,-0.004791099578142166
-0.00012380490079522133,0.5014958381652832,-0.004664505831897259
-0.00012514786794781685,0.5014927983283997,-0.004459328018128872
-8.28881748020649e-05,0.5014432072639465,-0.004362652078270912
-4.896009340882301e-05,0.5014199614524841,-0.004280906170606613
-7.952097803354263e-06,0.5014291405677795,-0.004288577474653721
3.7631019949913025e-05,0.5014243721961975,-0.004360510036349297
6.919773295521736e-05,0.5014204382896423,-0.00445473100990057
1.7618294805288315e-05,0.5013976097106934,-0.004636026918888092
-8.747261017560959e-05,0.50138258934021,-0.004801848903298378
-0.000196204986423254,0.501366376876831,-0.005010105669498444
-0.00023110676556825638,0.5013227462768555,-0.0052124131470918655
-0.0002731704153120518,0.5014678835868835,-0.005185665562748909
-0.0002876622602343559,0.5014445781707764,-0.0050705913454294205
-0.0001477738842368126,0.5014520883560181,-0.004711459390819073
-2.497853711247444e-05,0.5013201236724854,-0.004408939741551876
0.00014992011711001396,0.5013049840927124,-0.004414157941937447
0.0003777211531996727,0.5013596415519714,-0.004290529526770115
0.0002562161535024643,0.5013212561607361,-0.004325619898736477
0.0002412223257124424,0.501356303691864,-0.004383556544780731
0.0003661741502583027,0.5014007687568665,-0.004427744075655937
0.00033174268901348114,0.5013801455497742,-0.004533441737294197
0.0004558148793876171,0.5013618469238281,-0.004799447953701019
0.0003142175264656544,0.5013682246208191,-0.004978221841156483
0.0002643512561917305,0.5014435052871704,-0.0050315698608756065
0.00010095490142703056,0.5014044642448425,-0.005157149396836758
0.00010891025885939598,0.5014021992683411,-0.0052496157586574554
0.00021538743749260902,0.5014103055000305,-0.005143946968019009
0.00037817517295479774,0.5014975666999817,-0.00489017553627491
0.000443450640887022,0.5014641880989075,-0.004591986536979675
0.0005504772998392582,0.5014575123786926,-0.004415258765220642
0.000567345879971981,0.501569926738739,-0.004338200204074383
0.0005013132467865944,0.5016167163848877,-0.004428480751812458
0.00037911906838417053,0.5015237331390381,-0.0045913588255643845
0.00019546598196029663,0.5013988018035889,-0.004515775479376316
5.226442590355873e-05,0.5014774799346924,-0.004395210184156895
7.828418165445328e-05,0.5014558434486389,-0.00415447261184454
0.00041614891961216927,0.5013607740402222,-0.004001333378255367
0.0006598606705665588,0.5013922452926636,-0.004132209345698357
0.0006343433633446693,0.5014593005180359,-0.004237721674144268
0.0005746218375861645,0.5015552639961243,-0.0044752079993486404
0.0004047495312988758,0.5014251470565796,-0.004657314158976078
0.0004043388180434704,0.5010700225830078,-0.004869965836405754
0.00036172615364193916,0.5012500882148743,-0.005147289484739304
-0.00016297446563839912,0.5015153884887695,-0.005652610212564468
-0.0002682856284081936,0.5014902353286743,-0.005885671824216843
-0.00021983729675412178,0.5014653205871582,-0.005698344670236111
-0.0005576731637120247,0.5016513466835022,-0.005159478634595871
-0.00038627535104751587,0.501549243927002,-0.004789458587765694
5.001062527298927e-05,0.5017425417900085,-0.004889898933470249
0.0002009514719247818,0.5016769766807556,-0.004900215193629265
0.0007313727401196957,0.5014390349388123,-0.004534105770289898
0.0011345520615577698,0.501704752445221,-0.003828042186796665
0.0011126091703772545,0.5017375349998474,-0.0033178888261318207
0.0013282536529004574,0.5013720393180847,-0.0037956442683935165
0.0011927084997296333,0.5013284683227539,-0.004427599720656872
0.00035145319998264313,0.5015343427658081,-0.004704413935542107
0.0003081727772951126,0.5015681982040405,-0.004470003768801689
0.0006512976251542568,0.5013564825057983,-0.004625061526894569
0.0007164827547967434,0.5014762282371521,-0.004446377046406269
0.0007340037263929844,0.5014021396636963,-0.004183292388916016
0.0009154900908470154,0.501478374004364,-0.0039054760709404945
0.0009724791161715984,0.5011906027793884,-0.0037151649594306946
0.0009714583866298199,0.5014960765838623,-0.0036028577014803886
0.001247011125087738,0.5014540553092957,-0.0035632317885756493
0.0014081113040447235,0.5013148784637451,-0.0037283962592482567
0.0018263314850628376,0.5012530088424683,-0.003545318730175495
0.0016636410728096962,0.5012986660003662,-0.0035256454721093178
0.0016735377721488476,0.5014627575874329,-0.003160787746310234
0.0017363703809678555,0.5011692643165588,-0.003154524601995945
0.0019775615073740482,0.5010721683502197,-0.00288400799036026
0.0021993983536958694,0.5012533068656921,-0.002263893373310566
0.002384820021688938,0.5013154745101929,-0.0019396943971514702
0.0023868647404015064,0.5012871026992798,-0.0019734958186745644
0.001881272066384554,0.501239538192749,-0.002472519874572754
0.0014529190957546234,0.5013775825500488,-0.002420453354716301
0.0015239953063428402,0.5013152956962585,-0.0020911870524287224
0.0012919306755065918,0.5013338923454285,-0.002133972942829132
0.0016366001218557358,0.5011992454528809,-0.002315642312169075
0.001733405515551567,0.5011104941368103,-0.0020666830241680145
0.0013278955593705177,0.5013391971588135,-0.0011899862438440323
0.0014601796865463257,0.5012297034263611,-0.0013168714940547943
0.0015425854362547398,0.5008326768875122,-0.001874915324151516
0.0015374952927231789,0.5011507272720337,-0.002583150751888752
0.001540429424494505,0.5014963746070862,-0.002723177894949913
0.0018227016553282738,0.501316249370575,-0.0028364770114421844
0.001781129278242588,0.5016094446182251,-0.0034013958647847176
0.0011926563456654549,0.5016191601753235,-0.004211584106087685
0.0002855728380382061,0.5016136765480042,-0.004713021218776703
-0.0003024186007678509,0.5013684034347534,-0.004935393109917641
-0.0007454473525285721,0.5013126730918884,-0.005442225374281406
-0.0006010900251567364,0.5013982057571411,-0.00535275973379612
-0.00014230422675609589,0.5015607476234436,-0.005464497022330761
-0.0001155543141067028,0.5016158819198608,-0.005469841882586479
-9.78405587375164e-05,0.5017163753509521,-0.005125129595398903
-0.00043228035792708397,0.5017954111099243,-0.005026239901781082
-0.0003028428182005882,0.5014479160308838,-0.005041830241680145
-0.00038097379729151726,0.5015523433685303,-0.005026881583034992
-0.00044948048889636993,0.5015882849693298,-0.004515022039413452
-0.00047430163249373436,0.5016447305679321,-0.004502912983298302
-0.00020647840574383736,0.5015281438827515,-0.004585214890539646
-0.0004422995261847973,0.5016947388648987,-0.004297349601984024
0.0001938329078257084,0.5016805529594421,-0.004465003497898579
0.00041810283437371254,0.5015363693237305,-0.004226351156830788
0.00011887028813362122,0.5014958381652832,-0.004408754408359528
-0.00021746568381786346,0.5013065338134766,-0.004454759880900383
-0.0004608090966939926,0.501291036605835,-0.004483785480260849
-0.00012425938621163368,0.5015960335731506,-0.004592158831655979
0.00037715258076786995,0.5015736818313599,-0.004289437085390091
0.0004620421677827835,0.501523494720459,-0.004095925018191338
0.0005042878910899162,0.5012586116790771,-0.004007731564342976
0.0004697069525718689,0.5014435648918152,-0.004017839208245277
7.466087117791176e-05,0.501714825630188,-0.0035491343587636948
-2.2898893803358078e-05,0.5016393065452576,-0.0037190355360507965
0.00011681392788887024,0.5012718439102173,-0.004172224551439285
6.475765258073807e-05,0.5012896060943604,-0.004213334992527962
2.657528966665268e-05,0.501579761505127,-0.004047934897243977
0.000124993734061718,0.5011430382728577,-0.004403448663651943
0.0004343572072684765,0.5012626647949219,-0.005129200406372547
-0.00011530285701155663,0.5013808608055115,-0.005306027829647064
-0.00043503986671566963,0.5015833973884583,-0.005707711912691593
-0.0005791070871055126,0.5013290643692017,-0.0057509895414114
-0.0007105148397386074,0.501485288143158,-0.005218222737312317
-0.00036433106288313866,0.5014071464538574,-0.004780197516083717
0.00013467436656355858,0.5012877583503723,-0.0042738160118460655
0.0006716796196997166,0.501205563545227,-0.00411954615265131
0.0007432764396071434,0.5011148452758789,-0.0046129850670695305
0.0010006316006183624,0.5012174248695374,-0.0045731887221336365
0.0005605579353868961,0.5012103319168091,-0.0048692189157009125
0.00023332657292485237,0.5013671517372131,-0.004979908466339111
-0.00016415538266301155,0.5011504292488098,-0.005569172091782093
-0.0005855029448866844,0.5010879635810852,-0.0057371631264686584
-0.0003896174021065235,0.500920832157135,-0.005550296977162361
-0.0005039875395596027,0.5011833906173706,-0.004983958788216114
0.00023047486320137978,0.5012422204017639,-0.004239952191710472
-0.0002016620710492134,0.5011414885520935,-0.004001039080321789
1.1216849088668823e-05,0.5010693073272705,-0.004055981524288654
5.9017445892095566e-05,0.5012104511260986,-0.00400366447865963
-0.00013960059732198715,0.5012441873550415,-0.003832126036286354
0.00041178520768880844,0.5012507438659668,-0.004060516133904457
0.0006838995032012463,0.5013176798820496,-0.0038890913128852844
0.0009163715876638889,0.5011540055274963,-0.003823951818048954
0.0011953311040997505,0.5012237429618835,-0.00380839966237545
0.0014392402954399586,0.501216471195221,-0.003518039360642433
0.0011048149317502975,0.5010992884635925,-0.0034705977886915207
0.0018155761063098907,0.50128173828125,-0.0032928064465522766
0.0014726603403687477,0.5013540983200073,-0.0030699362978339195
0.0010170983150601387,0.5014650225639343,-0.0030439840629696846
0.0005611982196569443,0.501400351524353,-0.0033836141228675842
-0.00014496641233563423,0.5011919140815735,-0.00380704365670681
-0.00016194581985473633,0.5009930729866028,-0.004157191142439842
0.00025491369888186455,0.5014143586158752,-0.004418005235493183
0.0002473299391567707,0.5013977885246277,-0.004563498310744762
0.0003614765591919422,0.501303493976593,-0.004391762427985668
0.0004886649549007416,0.5014756321907043,-0.004304023459553719
6.96694478392601e-05,0.5016002655029297,-0.004698500968515873
6.008706986904144e-05,0.5017644166946411,-0.004606973379850388
-4.358077421784401e-05,0.5016348361968994,-0.004263974726200104
3.480212762951851e-05,0.5014681816101074,-0.004874034784734249
0.0002650809474289417,0.5013253092765808,-0.004904395900666714
0.00029720505699515343,0.5014388561248779,-0.0045592812821269035
-0.00020485883578658104,0.5014238953590393,-0.004686604253947735
-0.0002691652625799179,0.5013311505317688,-0.00519977230578661
6.319442763924599e-05,0.5014240145683289,-0.005337642505764961
4.4947490096092224e-05,0.5013288259506226,-0.005143729969859123
0.00036447495222091675,0.5012206435203552,-0.004321062937378883
0.0007136790081858635,0.5012146830558777,-0.0037412019446492195
0.0008984114974737167,0.5012848377227783,-0.00372211541980505
0.0008269990794360638,0.5011988878250122,-0.0037239287048578262
0.00039067817851901054,0.5014116764068604,-0.004108932800590992
0.0004494674503803253,0.5013318657875061,-0.004369438625872135
0.0004448401741683483,0.501347005367279,-0.004285827279090881
0.00042293546721339226,0.5015596747398376,-0.003964608535170555
0.00019628740847110748,0.5014610886573792,-0.0037596626207232475
0.00025737984105944633,0.5012509226799011,-0.004285764880478382
0.00036022765561938286,0.5011774301528931,-0.004842295311391354
0.000176143366843462,0.5012742877006531,-0.004877382889389992
0.00022020842880010605,0.5014462471008301,-0.004501409828662872
0.0001682499423623085,0.5015164017677307,-0.004282552748918533
0.00023104669526219368,0.501492977142334,-0.004303722642362118
0.0006551472470164299,0.5014813542366028,-0.0046130819246172905
0.0006620790809392929,0.5012598037719727,-0.004817251116037369
0.0006704451516270638,0.5013875961303711,-0.004410395398736
0.0007062791846692562,0.501516580581665,-0.003946308977901936
0.0007235947996377945,0.5013798475265503,-0.0036895424127578735
0.0007470268756151199,0.5014059543609619,-0.00337290670722723
0.0005367230623960495,0.5012659430503845,-0.003553212620317936
0.0005201823078095913,0.5012844800949097,-0.0036527570337057114
0.00039141811430454254,0.5013101696968079,-0.0037489794194698334
0.0002154521644115448,0.5011410713195801,-0.004116097465157509
0.0006381510756909847,0.5012801289558411,-0.00419197790324688
0.0007010269910097122,0.5012537240982056,-0.004153750836849213
0.0004800972528755665,0.5014014840126038,-0.004111859016120434
0.00038960156962275505,0.5014383792877197,-0.0038139699026942253
0.0002922080457210541,0.5013569593429565,-0.004035806283354759
0.00036260858178138733,0.5012257099151611,-0.004428795538842678
9.664380922913551e-05,0.5013227462768555,-0.0044992221519351006
-0.00035881996154785156,0.5014227628707886,-0.004555766470730305
-0.0003906586207449436,0.5012848973274231,-0.004761597141623497
-0.00024409731850028038,0.5012442469596863,-0.005482315085828304
-0.0003333096392452717,0.501264214515686,-0.006157049909234047
-0.0004831296391785145,0.5014227032661438,-0.006424508988857269
-0.0008147996850311756,0.5013479590415955,-0.0063612088561058044
-0.0008197561837732792,0.5012065172195435,-0.006392383947968483
-0.0008061081171035767,0.5011689066886902,-0.006170002743601799
-0.0009037270210683346,0.5014282464981079,-0.005990374833345413
-0.000895264558494091,0.501497745513916,-0.005650720559060574
-0.0006343950517475605,0.5012884736061096,-0.005570388399064541
-0.0002949829213321209,0.501279354095459,-0.005456499755382538
-5.754595622420311e-05,0.5012638568878174,-0.005335836671292782
-8.142413571476936e-05,0.5014855861663818,-0.00513862818479538
-0.00012792600318789482,0.5014339685440063,-0.005193282850086689
-0.0002448498271405697,0.5012794137001038,-0.005152573809027672
-0.00016157375648617744,0.5011261105537415,-0.005125281400978565
0.0002030697651207447,0.5009832382202148,-0.0052232565358281136
0.00026019150391221046,0.5011358857154846,-0.005244409665465355
-0.00022582011297345161,0.5012320876121521,-0.005273601971566677
-0.00028439518064260483,0.5011297464370728,-0.005227081477642059
-0.00019520847126841545,0.5011667013168335,-0.005286892876029015
-9.969901293516159e-05,0.5011711120605469,-0.005571077577769756
2.7564354240894318e-05,0.5015134811401367,-0.005312192253768444
-0.0001647472381591797,0.5013930201530457,-0.00424335990101099
0.0003597550094127655,0.5013243556022644,-0.0036585917696356773
0.0006889910437166691,0.5013361573219299,-0.003303093835711479
0.00023413216695189476,0.5010398030281067,-0.0034879297018051147
0.00041364412754774094,0.5008320808410645,-0.0038292929530143738
0.0004468681290745735,0.5011636018753052,-0.004433419555425644
0.0002726232632994652,0.5012272596359253,-0.004257748834788799
0.0003845011815428734,0.5010736584663391,-0.004982292652130127
0.00011950545012950897,0.5013794302940369,-0.004925597459077835
-0.00021147727966308594,0.5011537075042725,-0.005078401416540146
-8.392520248889923e-05,0.5011153817176819,-0.005121649242937565
-0.0003243139944970608,0.5011846423149109,-0.004091463051736355
0.00021380139514803886,0.5013047456741333,-0.003580416552722454
0.0008085235022008419,0.5011976957321167,-0.0026945676654577255
0.0012588147073984146,0.5012610554695129,-0.0024533886462450027
0.0011836891062557697,0.5014867186546326,-0.002989945001900196
0.0012434362433850765,0.5013610124588013,-0.002887701615691185
0.0014732466079294682,0.5013918280601501,-0.003080865368247032
0.0009996304288506508,0.5012604594230652,-0.0029559358954429626
0.0009260335937142372,0.5014504790306091,-0.0031631598249077797
0.0009610876441001892,0.5015136003494263,-0.003033803775906563
0.00014493102207779884,0.5016381740570068,-0.003144640475511551
-0.000167100690305233,0.5015605688095093,-0.003555453382432461
0.0004362724721431732,0.501292884349823,-0.0036711497232317924
0.0006566774100065231,0.5015015006065369,-0.0030667688697576523
0.000871230848133564,0.50131756067276,-0.002335566096007824
0.0015035634860396385,0.5013225078582764,-0.0020462870597839355
0.0012261723168194294,0.5012267827987671,-0.0018181577324867249
0.0012084939517080784,0.5011325478553772,-0.002304922789335251
0.0008587688207626343,0.5010796785354614,-0.0031291693449020386
0.0007290681824088097,0.5013440251350403,-0.0031257905066013336
0.0008327090181410313,0.5012937784194946,-0.003709102049469948
0.00016297074034810066,0.5012913942337036,-0.0039918748661875725
-7.43200071156025e-05,0.5014420747756958,-0.004751604050397873
-4.637613892555237e-05,0.5014219284057617,-0.004915018565952778
5.482463166117668e-05,0.5014740228652954,-0.004279498942196369
0.0002668853849172592,0.5012080073356628,-0.0037830863147974014
0.0006109788082540035,0.5010718703269958,-0.0030372831970453262
0.0008996832184493542,0.5013332962989807,-0.0029108794406056404
0.00044016260653734207,0.5015047788619995,-0.003056214191019535
0.0009002448059618473,0.5009351968765259,-0.0030863499268889427
0.0012667938135564327,0.5014277100563049,-0.0030500879511237144
0.001406172290444374,0.5013844966888428,-0.0024532703682780266
0.0011518863029778004,0.5013963580131531,-0.002956939861178398
0.0012031220830976963,0.501405656337738,-0.00333222933113575
0.0007709469646215439,0.5016790628433228,-0.0035282671451568604
0.0007361466996371746,0.501487135887146,-0.0032375194132328033
0.0006238259375095367,0.5015077590942383,-0.0036538448184728622
0.00028100376948714256,0.5013258457183838,-0.0034155715256929398
0.0009933006949722767,0.5014117360115051,-0.0035416707396507263
0.0008824612013995647,0.5014604926109314,-0.003665439784526825
0.0008105463348329067,0.5017788410186768,-0.0034392736852169037
0.0006269891746342182,0.5016201734542847,-0.0034590959548950195
0.000880436971783638,0.5011619925498962,-0.0036777323111891747
0.0008778423070907593,0.5013570785522461,-0.003599868156015873
0.0010387003421783447,0.5016220211982727,-0.0028758645057678223
0.002303043380379677,0.5015829205513,-0.0021427571773529053
0.0026392617728561163,0.501456081867218,-0.002141929231584072
0.0021537262946367264,0.5016172528266907,-0.0023891758173704147
0.0015658163465559483,0.5015837550163269,-0.002359970472753048
0.0011943485587835312,0.5014047622680664,-0.0025784391909837723
0.0009878575801849365,0.5011231899261475,-0.002730012871325016
0.0014478839002549648,0.5014948844909668,-0.0029251137748360634
0.001148874405771494,0.5016605854034424,-0.0032278206199407578
0.0009571895934641361,0.5015880465507507,-0.0031368937343358994
0.0005153859965503216,0.5014434456825256,-0.003527730703353882
0.00021455856040120125,0.5012407302856445,-0.0041441116482019424
0.0005520181730389595,0.5013707876205444,-0.004425687715411186
0.00013565924018621445,0.5013646483421326,-0.004527886398136616
0.0004700026474893093,0.5015855431556702,-0.004373510368168354
0.001068540383130312,0.5015630722045898,-0.0039563849568367004
0.0012272470630705357,0.5017358660697937,-0.0037947865203022957
0.0011507966555655003,0.5014387369155884,-0.0032828152179718018
0.000883820466697216,0.5014063119888306,-0.0031290920451283455
0.0008074822835624218,0.501415491104126,-0.0035896645858883858
0.0006725159473717213,0.5013308525085449,-0.003747456707060337
0.0013095512986183167,0.5014649033546448,-0.0037667183205485344
0.0016735433600842953,0.5015175938606262,-0.0032254867255687714
0.002122175879776478,0.5014616847038269,-0.00250454805791378
0.0024538282305002213,0.5015487670898438,-0.0021370183676481247
0.002166321501135826,0.5011855959892273,-0.0025984998792409897
0.0017129983752965927,0.5014883279800415,-0.0029454026371240616
0.0014725266955792904,0.5015381574630737,-0.0029557514935731888
0.0010165688581764698,0.5013267993927002,-0.0037248218432068825
0.0007738117128610611,0.5011645555496216,-0.004478772170841694
0.0009268941357731819,0.5010558366775513,-0.004966964945197105
0.0008451575413346291,0.5013965368270874,-0.00490192137658596
0.0009625083766877651,0.5012898445129395,-0.00459451787173748
0.0008114338852465153,0.5012553334236145,-0.004458975046873093
0.0008925087749958038,0.5014048218727112,-0.004460059106349945
0.0011208807118237019,0.5014495253562927,-0.0047472333535552025
0.00139262480661273,0.5015050768852234,-0.004941772669553757
0.0011085867881774902,0.5014256834983826,-0.0043801553547382355
0.0010193637572228909,0.5016527771949768,-0.003600776195526123
0.0006461623124778271,0.5015486478805542,-0.0036964165046811104
0.00033443374559283257,0.5015208721160889,-0.003656012937426567
0.0002856994979083538,0.5014827251434326,-0.003992998041212559
0.00031539052724838257,0.5013715624809265,-0.003953257575631142
0.0004241364076733589,0.5014569759368896,-0.003661544993519783
0.0004941094666719437,0.5015198588371277,-0.003430454060435295
0.0009472407400608063,0.5014297962188721,-0.0035014525055885315
0.0012394408695399761,0.5012704133987427,-0.0034709786996245384
0.001506970264017582,0.5013886094093323,-0.0034086154773831367
0.0014078794047236443,0.5013740062713623,-0.00295172818005085
0.0017092511989176273,0.5013220310211182,-0.002781902439892292
0.002064754720777273,0.5013301968574524,-0.002681269310414791
0.0021026846952736378,0.5012231469154358,-0.0025864755734801292
0.001965473871678114,0.5015182495117188,-0.002574964426457882
0.0015755882486701012,0.5013889074325562,-0.002501479350030422
0.001343997661024332,0.5014604926109314,-0.0027855364605784416
0.001276921946555376,0.501244068145752,-0.003352772444486618
0.0010382509790360928,0.5012657642364502,-0.003836892545223236
0.0010355464182794094,0.501371443271637,-0.00345759280025959
0.0007178559899330139,0.5015450716018677,-0.003370084799826145
0.0007761665619909763,0.5015481114387512,-0.0031920326873660088
0.000886592548340559,0.5014005303382874,-0.0033833030611276627
0.000580452848225832,0.501420795917511,-0.003670814447104931
0.0005274652503430843,0.5014234185218811,-0.003984864801168442
0.0005589020438492298,0.5013694763183594,-0.003933558240532875
0.000691339373588562,0.50140780210495,-0.003855634480714798
0.0006424831226468086,0.5015374422073364,-0.004117661155760288
0.0005648741498589516,0.5015283823013306,-0.004302098415791988
0.0005082585848867893,0.5014262795448303,-0.004620895721018314
0.0004647304303944111,0.501369059085846,-0.0047211796045303345
0.0004221750423312187,0.5014695525169373,-0.004675913602113724
0.000513679813593626,0.501464307308197,-0.00443615484982729
0.0007898462936282158,0.501408576965332,-0.004166757687926292
0.0008714962750673294,0.5014107823371887,-0.0039316266775131226
0.0009499303996562958,0.5014134645462036,-0.0038657374680042267
0.0009404574520885944,0.501441240310669,-0.0037683136761188507
0.0009298245422542095,0.5014511346817017,-0.003807608038187027
0.000997893512248993,0.5014334917068481,-0.0038500167429447174
0.001010641921311617,0.5014470219612122,-0.0038177240639925003
0.0010787732899188995,0.5014996528625488,-0.003871939145028591
0.0011156247928738594,0.5015016198158264,-0.0037526553496718407
0.0010244892910122871,0.5015537142753601,-0.0036377785727381706
0.0009103752672672272,0.5014790296554565,-0.0038387179374694824
0.0008758092299103737,0.5015648603439331,-0.0038934992626309395
0.00069810776039958,0.5015442371368408,-0.004053282551467419
0.0005540642887353897,0.5015074014663696,-0.004393447190523148
0.0005934215150773525,0.5014152526855469,-0.004571603611111641
0.00047203386202454567,0.5014621019363403,-0.0047834813594818115
0.00046676816418766975,0.5015485286712646,-0.00492252130061388
0.0004196236841380596,0.501449704170227,-0.004894176498055458
8.295197039842606e-05,0.5015458464622498,-0.005046583712100983
-0.0001406571827828884,0.5014774799346924,-0.005123809911310673
-0.0003329664468765259,0.5014915466308594,-0.005080787464976311
-0.0004165004938840866,0.5015095472335815,-0.005112712271511555
-0.00021954160183668137,0.5017192363739014,-0.005059065297245979
-8.075591176748276e-05,0.501562774181366,-0.004984965547919273
0.0003277924843132496,0.5013254880905151,-0.004811987280845642
0.00047897547483444214,0.5013213157653809,-0.004614044912159443
0.000421011820435524,0.5013710260391235,-0.004322884604334831
0.0006253225728869438,0.5014594197273254,-0.004021567292511463
0.0008446509018540382,0.5015144944190979,-0.003942171111702919
0.0009022774174809456,0.5014969110488892,-0.003915530629456043
0.0007491447031497955,0.5015078186988831,-0.003990079276263714
0.000561264343559742,0.5014016032218933,-0.004133098758757114
0.0005511241033673286,0.5014466047286987,-0.004229043610394001
0.00041298428550362587,0.5015347599983215,-0.004316322505474091
0.00020309491083025932,0.5015410780906677,-0.004545978270471096
0.0002176850102841854,0.5014951825141907,-0.004741199314594269
0.00027274200692772865,0.5014492273330688,-0.004971143789589405
0.0002446509897708893,0.5014315247535706,-0.004838167689740658
0.0003731171600520611,0.5015332102775574,-0.0046219415962696075
0.0004690089263021946,0.501335620880127,-0.004588059149682522
0.000742664560675621,0.5013427138328552,-0.0044535063207149506
0.000733246561139822,0.5013715624809265,-0.004404867999255657
0.0005258382298052311,0.5014808773994446,-0.004580387845635414
0.00037993723526597023,0.5014329552650452,-0.004611127078533173
0.0002128882333636284,0.5014826059341431,-0.004767506383359432
0.00013828137889504433,0.5013946294784546,-0.004760541021823883
0.00016615120694041252,0.5014035105705261,-0.004555529914796352
0.0001601208932697773,0.5014221668243408,-0.004433389753103256
0.00021883798763155937,0.5013618469238281,-0.004380903206765652
0.00028906669467687607,0.5013707876205444,-0.0045698219910264015
0.0004028128460049629,0.5012384057044983,-0.004791942425072193
0.0004584011621773243,0.5013445615768433,-0.005051802843809128
0.0003348197788000107,0.5013777017593384,-0.004793076775968075
0.00021210964769124985,0.5014707446098328,-0.0047404710203409195
0.0003083283081650734,0.5014995336532593,-0.004552965983748436
0.000505886971950531,0.5011947154998779,-0.004429785534739494
0.0005560540594160557,0.5011631846427917,-0.004524795338511467
0.0009461911395192146,0.5011879205703735,-0.004032270982861519
0.0012719882652163506,0.5012408494949341,-0.0034565702080726624
0.0013462193310260773,0.5013670921325684,-0.002971203997731209
0.0015576686710119247,0.5014914274215698,-0.002925220876932144
0.001463832799345255,0.5012440085411072,-0.003230072557926178
0.0011302861385047436,0.5010355114936829,-0.0036531109362840652
0.0009431582875549793,0.5011358261108398,-0.004156589508056641
0.0006684171967208385,0.5013399124145508,-0.004638608545064926
0.0007351795211434364,0.501283586025238,-0.004233372397720814
0.001424781046807766,0.501282274723053,-0.004102772101759911
0.0016107331030070782,0.501111626625061,-0.003584214486181736
0.0021675494499504566,0.5009441375732422,-0.0035070469602942467
0.0019892225973308086,0.5009816288948059,-0.003282656893134117
0.00200541689991951,0.5009628534317017,-0.003062732517719269
0.0020581157878041267,0.5011560320854187,-0.003116997890174389
0.0017984393052756786,0.5010008215904236,-0.003186034969985485
0.0013767578639090061,0.5009654760360718,-0.003939180634915829
0.0009591332636773586,0.5012322664260864,-0.004339468665421009
0.0005641183815896511,0.5011450052261353,-0.004426674917340279
0.00037972163408994675,0.5013954639434814,-0.004733392037451267
7.920851930975914e-05,0.5015863180160522,-0.005211942829191685
-0.0005421624518930912,0.5015978813171387,-0.006103992462158203
-0.000759657472372055,0.501150369644165,-0.006473975256085396
-0.0007129930891096592,0.5009146332740784,-0.006810203194618225
-0.0007689031772315502,0.5010240077972412,-0.006498120725154877
-0.0006235754117369652,0.5012562274932861,-0.006127713248133659
-0.0006755306385457516,0.5012879967689514,-0.005444105714559555
-0.0002248799428343773,0.5012291669845581,-0.005441449582576752
-0.0002293507568538189,0.5012460947036743,-0.005688364617526531
-0.00046390900388360023,0.5012432336807251,-0.00534074567258358
-0.00034808460623025894,0.5009719133377075,-0.004976319149136543
0.00010033976286649704,0.5010291337966919,-0.004130375571548939
0.00040348712354898453,0.5009241104125977,-0.0033396482467651367
0.0014498578384518623,0.5009797215461731,-0.002697369083762169
0.0014897077344357967,0.5011422634124756,-0.0027085253968834877
0.0013632127083837986,0.5008636116981506,-0.003205719403922558
0.0014372561126947403,0.500944197177887,-0.0029881764203310013
0.0008074860088527203,0.5009986758232117,-0.003171538934111595
0.0013315030373632908,0.5011054873466492,-0.002982308156788349
0.001836653333157301,0.5010906457901001,-0.002328000031411648
0.0017796172760426998,0.5009468793869019,-0.0016438402235507965
0.0018809032626450062,0.5010378360748291,-0.0019484572112560272
0.0017704898491501808,0.5012933015823364,-0.002361813560128212
0.0014235768467187881,0.501430869102478,-0.0026801032945513725
0.0006630523130297661,0.501409113407135,-0.0034881988540291786
0.0002971901558339596,0.5010915398597717,-0.003472438082098961
2.8190668672323227e-05,0.5011832118034363,-0.0035827038809657097
-0.00022763852030038834,0.5011863708496094,-0.003845635801553726
0.00043862219899892807,0.5012807250022888,-0.0039092376828193665
0.0006407913751900196,0.5012505054473877,-0.003796083852648735
0.0009410036727786064,0.5012994408607483,-0.0038548456504940987
0.0010389061644673347,0.5016403794288635,-0.0032874001190066338
0.0009736046195030212,0.5010924339294434,-0.002971053123474121
0.0011034556664526463,0.5010892748832703,-0.0029124049469828606
0.0015120976604521275,0.5011668801307678,-0.00291573628783226
0.001963983755558729,0.501438558101654,-0.002478376030921936
0.002422521123662591,0.5013256669044495,-0.0019481517374515533
0.0025340847205370665,0.5011746883392334,-0.002077147364616394
0.0024488791823387146,0.5011054277420044,-0.00241883285343647
0.0017014341428875923,0.5011681318283081,-0.0031340736895799637
0.001159893348813057,0.5011576414108276,-0.0039658937603235245
0.0007868986576795578,0.5012997388839722,-0.004100678488612175
0.0009769476018846035,0.5016421675682068,-0.0038038594648241997
0.0006005922332406044,0.5016977787017822,-0.004104544408619404
0.0003837854601442814,0.5017680525779724,-0.0039706751704216
0.0005528912879526615,0.5015926957130432,-0.004313363693654537
0.0005370220169425011,0.5013651251792908,-0.004617753438651562
0.0012284484691917896,0.5011668801307678,-0.0042503830045461655
0.0010647946037352085,0.5012339353561401,-0.003633793443441391
0.0008487622253596783,0.5013638734817505,-0.003604094497859478
0.0011647241190075874,0.5010976195335388,-0.0031132129952311516
0.0018227053806185722,0.5011614561080933,-0.002400113269686699
0.002273895777761936,0.5012111067771912,-0.0018706489354372025
0.0024450994096696377,0.5015377402305603,-0.0012575555592775345
0.0020626001060009003,0.501329779624939,-0.0010051736608147621
0.002571726916357875,0.5010643601417542,-0.0014105085283517838
0.0027110751252621412,0.5010188817977905,-0.0022899946197867393
0.0022312006913125515,0.5012872815132141,-0.0025933776050806046
0.0023095612414181232,0.5014784336090088,-0.002332470379769802
0.002140921540558338,0.5012717247009277,-0.0021511632949113846
0.00271304021589458,0.5014966130256653,-0.002229202538728714
0.0026696661952883005,0.501345694065094,-0.002170438878238201
0.0022911338601261377,0.5010930299758911,-0.00272558256983757
0.0017100959084928036,0.5012344717979431,-0.003730866126716137
0.0013110367581248283,0.5013712048530579,-0.00408503133803606
0.0013615293428301811,0.5014051795005798,-0.004030508920550346
0.0011340472847223282,0.5014997720718384,-0.0042612385004758835
0.001405299175530672,0.5015146732330322,-0.0038689523935317993
0.0013748174533247948,0.5014320015907288,-0.0035563092678785324
0.001000280026346445,0.5012285709381104,-0.0032407473772764206
0.000758445356041193,0.501300573348999,-0.00317955669015646
0.0005441042594611645,0.5015221834182739,-0.0034218579530715942
0.0005191178061068058,0.501225471496582,-0.004093148745596409
0.00045760348439216614,0.5012336373329163,-0.0045090774074196815
0.00010122312232851982,0.5013434290885925,-0.0048844823613762856
-0.0001399223692715168,0.5012389421463013,-0.0048791225999593735
-5.0059519708156586e-05,0.5014313459396362,-0.0050782496109604836
-0.00026010768488049507,0.5013909339904785,-0.004822329618036747
7.755029946565628e-05,0.5012114644050598,-0.004654509015381336
0.0006432784721255302,0.5013042092323303,-0.004464386031031609
0.00041534891352057457,0.5013898611068726,-0.004466988146305084
0.0004038941115140915,0.5014263391494751,-0.004670340567827225
0.00042152777314186096,0.5015475153923035,-0.004723012447357178
-0.00030476832762360573,0.5016318559646606,-0.005253004841506481
-0.0006330418400466442,0.5014185309410095,-0.005724715068936348
-0.0005886522121727467,0.5012614130973816,-0.005849666893482208
-0.000838396605104208,0.5012772083282471,-0.00568474642932415
-0.00020339945331215858,0.5012592077255249,-0.0056413402780890465
0.00030288146808743477,0.501168966293335,-0.004606832750141621
0.0006199348717927933,0.5014373660087585,-0.004040542058646679
0.000724846962839365,0.501400351524353,-0.00341198593378067
0.00029067741706967354,0.501041829586029,-0.002968798391520977
0.00017052656039595604,0.5011692643165588,-0.003123117610812187
-5.629844963550568e-06,0.5012587308883667,-0.0035666916519403458
1.4434102922677994e-05,0.5015370845794678,-0.0037634046748280525
0.0003910297527909279,0.501142680644989,-0.0038148164749145508
0.0004202844575047493,0.5010653734207153,-0.003493179567158222
0.0005359086208045483,0.5012790560722351,-0.0034605376422405243
3.0584633350372314e-06,0.5014632344245911,-0.0037815067917108536
0.00017132284119725227,0.5012527704238892,-0.003376469947397709
0.000418652780354023,0.5013182163238525,-0.0032807057723402977
0.00034084171056747437,0.5015320777893066,-0.003430762328207493
0.0007029920816421509,0.5015262961387634,-0.0032414793968200684
0.0003941780887544155,0.5013518929481506,-0.00341656431555748
0.0007221992127597332,0.5008288621902466,-0.003510095179080963
0.0015282556414604187,0.5012821555137634,-0.0032119564712047577
0.0017277300357818604,0.5013973116874695,-0.0023071756586432457
0.001686842180788517,0.5012593865394592,-0.001601564697921276
0.002066913992166519,0.5014709234237671,-0.001881057396531105
0.0019182143732905388,0.5009024739265442,-0.002076132223010063
0.0018432089127600193,0.5011240839958191,-0.002501518465578556
0.0014891652390360832,0.5012946128845215,-0.002668740227818489
0.0011102734133601189,0.5014972686767578,-0.0031676674261689186
0.0008504926227033138,0.5014785528182983,-0.003375285305082798
0.000926746055483818,0.5015018582344055,-0.003616754896938801
0.0008019944652915001,0.501451313495636,-0.004164472222328186
0.0005848342552781105,0.5011427402496338,-0.004189744591712952
0.0009305942803621292,0.5012979507446289,-0.0038550198078155518
0.0010192301124334335,0.5013353228569031,-0.0032278997823596
0.0006700558587908745,0.5012021064758301,-0.0030013862997293472
0.0011255592107772827,0.5012564659118652,-0.002948405221104622
0.001169682014733553,0.5011157989501953,-0.003501785919070244
0.0009552785195410252,0.5013794302940369,-0.003657315857708454
0.0007377704605460167,0.5012516975402832,-0.003667948767542839
0.000994021538645029,0.501706600189209,-0.003505254164338112
0.0010431809350848198,0.5017101168632507,-0.003211691975593567
9.611062705516815e-05,0.5017153024673462,-0.003678436391055584
-0.00021495716646313667,0.5018576383590698,-0.0040543461218476295
-0.0005134264938533306,0.5016984939575195,-0.004989307373762131
-0.0006250026635825634,0.5016235709190369,-0.005466748960316181
-0.0007120002992451191,0.5011987686157227,-0.005170745775103569
-0.00011902721598744392,0.5014727115631104,-0.004685387015342712
0.00045834947377443314,0.5014613270759583,-0.004241900518536568
0.0006052572280168533,0.5016225576400757,-0.00350064504891634
0.000465181190520525,0.5014140009880066,-0.0033423108980059624
-0.00012925965711474419,0.5012333393096924,-0.004166093654930592
-0.00013702129945158958,0.5016952753067017,-0.00426563061773777
-0.0004839603789150715,0.501630961894989,-0.0046057067811489105
-0.00026180362328886986,0.501404881477356,-0.004531411454081535
1.6623176634311676e-05,0.5015601515769958,-0.004449336789548397
-0.00010768696665763855,0.5017964243888855,-0.004354650154709816
0.00023786397650837898,0.5014559030532837,-0.0034016286954283714
0.0012623127549886703,0.5014932751655579,-0.0028628986328840256
0.001883666031062603,0.5011302828788757,-0.0033188331872224808
0.0017083240672945976,0.5013751983642578,-0.0029951492324471474
0.0019068429246544838,0.5012855529785156,-0.002391648478806019
0.0017612730152904987,0.5014505982398987,-0.002681083045899868
0.001892185304313898,0.5014023780822754,-0.00217579398304224
0.0017209998331964016,0.5015029907226562,-0.0022694431245326996
0.0016182586550712585,0.501321017742157,-0.002246808260679245
0.0015679695643484592,0.5012843012809753,-0.0023530274629592896
0.0016758660785853863,0.5012001991271973,-0.002745221368968487
0.0018509672954678535,0.5013133883476257,-0.003212207928299904
0.001718780491501093,0.5014083981513977,-0.0028914334252476692
0.001431726384907961,0.5014074444770813,-0.003112921491265297
0.0013089305721223354,0.5012932419776917,-0.0033552851527929306
0.0009702532552182674,0.5011510848999023,-0.003614995628595352
0.0004650093615055084,0.5014172196388245,-0.003961896523833275
0.0003203614614903927,0.5014623999595642,-0.0038026580587029457
0.0004964293912053108,0.5012511014938354,-0.003605341538786888
0.0008022296242415905,0.5012543201446533,-0.0031840214505791664
0.0010485025122761726,0.5014243125915527,-0.0026946906000375748
0.0012267413549125195,0.5013526678085327,-0.0028010793030261993
0.0011824332177639008,0.5013958215713501,-0.0027948208153247833
0.0011644870974123478,0.5015423893928528,-0.002699853852391243
0.000769393052905798,0.50152188539505,-0.0032923799008131027
0.0008131805807352066,0.5014356970787048,-0.0033789565786719322
0.0006962469778954983,0.5015194416046143,-0.003313446417450905
0.0005925712175667286,0.5014535784721375,-0.0031711068004369736
0.0009341943077743053,0.5013011693954468,-0.002774471417069435
0.0011983462609350681,0.5014678239822388,-0.0026181498542428017
0.0012737289071083069,0.5011296272277832,-0.0031525827944278717
0.0015989546664059162,0.5012916922569275,-0.002924371510744095
0.0019577937200665474,0.5012608766555786,-0.0024516014382243156
0.0018757483921945095,0.5014140605926514,-0.0023943278938531876
0.0017830915749073029,0.5012890696525574,-0.0020488500595092773
0.001066155731678009,0.5014538764953613,-0.0026298100128769875
0.0011033588089048862,0.5013759732246399,-0.0031898310407996178
0.0008244155906140804,0.5014062523841858,-0.003643553704023361
0.0008243219926953316,0.5014175772666931,-0.0037036752328276634
0.0006179171614348888,0.5014747977256775,-0.003771387040615082
0.0002652048133313656,0.5014166235923767,-0.003984480164945126
2.7476809918880463e-05,0.5012831091880798,-0.004551838152110577
-3.606406971812248e-05,0.5013912916183472,-0.004896868020296097
-4.0872953832149506e-05,0.5015200972557068,-0.00504892785102129
6.59511424601078e-05,0.5014584064483643,-0.004833700135350227
0.0002852431498467922,0.5014501810073853,-0.004728468134999275
7.56923109292984e-05,0.501426637172699,-0.004706044681370258
-0.0001327977515757084,0.50147944688797,-0.00474543496966362
-0.0003692004829645157,0.5015786290168762,-0.004953693598508835
-0.00038545578718185425,0.5015491843223572,-0.004890923388302326
-0.0003499826416373253,0.5014596581459045,-0.004999060183763504
-0.00033706706017255783,0.5013778805732727,-0.0050209155306220055
-0.0002286829985678196,0.5013809204101562,-0.004971430636942387
5.723349750041962e-05,0.501377522945404,-0.004775285720825195
0.00044303014874458313,0.5013341903686523,-0.004355764016509056
0.0008555580861866474,0.501502513885498,-0.003935023210942745
0.0011136159300804138,0.5015077590942383,-0.003376137465238571
0.0014783195219933987,0.5014870762825012,-0.0031112181022763252
0.0015996932052075863,0.5014864802360535,-0.003052348271012306
0.0013672118075191975,0.5013689994812012,-0.003306175582110882
0.0011776499450206757,0.5014069080352783,-0.0037377038970589638
0.000981870573014021,0.5014631152153015,-0.004180530086159706
0.0006398074328899384,0.5014737844467163,-0.004548432305455208
0.00044148508459329605,0.5014578700065613,-0.004791962914168835
0.00020062224939465523,0.5014310479164124,-0.004949865862727165
-3.2652169466018677e-06,0.5015177726745605,-0.004845896735787392
-2.6144087314605713e-05,0.501614511013031,-0.004841790534555912
-0.00022848881781101227,0.5015242695808411,-0.005022762343287468
-0.0003624320961534977,0.5014290809631348,-0.005371471866965294
-0.0006000609137117863,0.5014078617095947,-0.005865832790732384
-0.00059133255854249,0.5015054941177368,-0.006364662200212479
-0.00045122113078832626,0.5016174912452698,-0.006334200501441956
-0.0002222023904323578,0.5015749931335449,-0.006030051037669182
7.507577538490295e-05,0.5015358328819275,-0.005589592270553112
0.00022788625210523605,0.5015695095062256,-0.0051744477823376656
0.00017676269635558128,0.5014944672584534,-0.0052682943642139435
0.00016627181321382523,0.5016077756881714,-0.005266005173325539
7.789395749568939e-05,0.5014714002609253,-0.005102465860545635
-7.71726481616497e-05,0.501366913318634,-0.005178986117243767
9.844545274972916e-06,0.5014806389808655,-0.005231700837612152
0.0002595684491097927,0.5013998746871948,-0.005038085393607616
0.00042411545291543007,0.5016582012176514,-0.004603656940162182
0.00014293426647782326,0.501602053642273,-0.004727544263005257
-7.58366659283638e-05,0.5015406608581543,-0.005073331296443939
-4.626298323273659e-05,0.5014655590057373,-0.0054280711337924
-0.00020516104996204376,0.5014913082122803,-0.005861615762114525
-0.00036419276148080826,0.501682698726654,-0.006058596074581146
-0.000719717238098383,0.5016524195671082,-0.006208982318639755
-0.00098844850435853,0.5015686750411987,-0.006462788209319115
-0.0011717835441231728,0.5016036033630371,-0.006583483889698982
-0.0006273970939218998,0.5015406012535095,-0.0062368083745241165
-0.0002296101301908493,0.5015643835067749,-0.005752405151724815
-8.314335718750954e-05,0.5016152858734131,-0.005509820766746998
-0.00015048030763864517,0.5015467405319214,-0.005173022858798504
-0.0001860656775534153,0.5015241503715515,-0.004862490110099316
-0.00015818839892745018,0.5015912055969238,-0.004702978767454624
-0.00017514964565634727,0.5014680027961731,-0.004783171229064465
1.9447412341833115e-05,0.5013949871063232,-0.0052068838849663734
6.752973422408104e-05,0.5013318657875061,-0.005507371388375759
9.119324386119843e-05,0.5014350414276123,-0.005686391144990921
9.434204548597336e-05,0.5015270709991455,-0.005670507438480854
9.792856872081757e-05,0.5014761090278625,-0.005462484434247017
4.25274483859539e-05,0.5015302896499634,-0.005088275298476219
-7.636426016688347e-05,0.5014947652816772,-0.004756031557917595
-5.728378891944885e-05,0.5014376044273376,-0.004584940150380135
7.426971569657326e-05,0.5014305114746094,-0.004530373029410839
0.00011679576709866524,0.5014199018478394,-0.004567277617752552
-3.8485508412122726e-05,0.5014642477035522,-0.004530883394181728
-8.767051622271538e-05,0.5014989972114563,-0.0046774111688137054
-0.0001207883469760418,0.5013856291770935,-0.004874286241829395
-9.452225640416145e-05,0.5013568997383118,-0.004940910264849663
-0.00010908301919698715,0.5014407634735107,-0.004816622473299503
-0.00011344952508807182,0.501531183719635,-0.004554957151412964
0.00013193441554903984,0.5014424324035645,-0.004497227258980274
0.000367035623639822,0.5013280510902405,-0.004284152761101723
0.0005207378417253494,0.5013160705566406,-0.004117184318602085
0.000524293165653944,0.5013091564178467,-0.0038182195276021957
0.0008024233393371105,0.5013638734817505,-0.0034478353336453438
0.001018919050693512,0.5013915300369263,-0.0031810058280825615
0.0011091181077063084,0.5014170408248901,-0.002864404581487179
0.0011421926319599152,0.5014218091964722,-0.002822885289788246
0.0012378827668726444,0.5013895630836487,-0.0028931722044944763
0.0012495680712163448,0.501339852809906,-0.0029616206884384155
0.001024407334625721,0.5013590455055237,-0.0031428802758455276
0.0009944173507392406,0.5013421773910522,-0.003255440853536129
0.0009256964549422264,0.5013039112091064,-0.0032338183373212814
0.0010971399024128914,0.5013379454612732,-0.003106575459241867
0.0013477406464517117,0.5013372898101807,-0.002984054386615753
0.0015246430411934853,0.5013193488121033,-0.0028184913098812103
0.0013499651104211807,0.5013304352760315,-0.002895965240895748
0.0011488101445138454,0.5012208223342896,-0.0031895712018013
0.0011572199873626232,0.5012117624282837,-0.0032228175550699234
0.0011335043236613274,0.5012809038162231,-0.0031193941831588745
0.0011347508989274502,0.501297116279602,-0.003003561869263649
0.001268958207219839,0.5012364983558655,-0.0030919304117560387
0.001134941354393959,0.5011914372444153,-0.0032279808074235916
0.001020093448460102,0.5012592673301697,-0.0033034328371286392
0.0008409419097006321,0.5012824535369873,-0.003491242416203022
0.000773637555539608,0.5013164281845093,-0.0038055293262004852
0.0005619139410555363,0.5013986229896545,-0.004119585268199444
0.00034598447382450104,0.5014559030532837,-0.0044483039528131485
0.00032443786039948463,0.5014857649803162,-0.004602041095495224
0.000281523447483778,0.5014256834983826,-0.004672445356845856
0.00017108814790844917,0.5014505386352539,-0.004680073820054531
4.1902996599674225e-05,0.501383364200592,-0.004661797545850277
-5.940999835729599e-05,0.5014278888702393,-0.004709657281637192
-1.8874648958444595e-05,0.5014135837554932,-0.004689852707087994
0.00014343112707138062,0.5014920830726624,-0.004613346420228481
0.0003175046294927597,0.5014381408691406,-0.00455431267619133
0.00035711005330085754,0.5014324188232422,-0.004432494752109051
0.00039058737456798553,0.5014246702194214,-0.00422249548137188
0.0004918635822832584,0.5014162063598633,-0.004051255062222481
0.000773012638092041,0.5013920664787292,-0.0038557415828108788
0.0008373972959816456,0.5013864636421204,-0.0037882402539253235
0.0006996616721153259,0.5013580322265625,-0.0036773383617401123
0.0008091507479548454,0.5013202428817749,-0.0035492265596985817
0.0010345946066081524,0.5012960433959961,-0.003282269462943077
0.0012677377089858055,0.5013267397880554,-0.0028959736227989197
0.0013563074171543121,0.5012447834014893,-0.0026373127475380898
0.0013991082087159157,0.5012444853782654,-0.0026277080178260803
0.0014356574974954128,0.501189112663269,-0.0027697812765836716
0.0015435819514095783,0.5011910796165466,-0.002829916775226593
0.001630361657589674,0.5012522339820862,-0.002592930570244789
0.00164491543546319,0.5012831687927246,-0.002280636690557003
0.0019058417528867722,0.5012616515159607,-0.0022147279232740402
0.0019683344289660454,0.5012763142585754,-0.002443905919790268
0.0017926259897649288,0.5014618039131165,-0.0026805270463228226
0.0016118939965963364,0.5014968514442444,-0.0026088105514645576
0.001557977870106697,0.5014341473579407,-0.0025131404399871826
0.0014155707322061062,0.5013211965560913,-0.0026239342987537384
0.0014174683019518852,0.5012163519859314,-0.0027514109387993813
0.0013762135058641434,0.5014694929122925,-0.002736832946538925
0.0011368519626557827,0.5016666054725647,-0.003020649775862694
0.0007403320632874966,0.5014771819114685,-0.0036298176273703575
0.0004574214108288288,0.5015316605567932,-0.004334498196840286
4.7748442739248276e-05,0.5016323924064636,-0.0051433853805065155
-5.9789977967739105e-05,0.5017684698104858,-0.005543804727494717
-0.00021462608128786087,0.5017107725143433,-0.005720452405512333
-0.0003993581049144268,0.5014322400093079,-0.0060205236077308655
-0.0002659708261489868,0.501436173915863,-0.005876176059246063
-0.00015851203352212906,0.5014892220497131,-0.005559698678553104
0.0002779006026685238,0.5016113519668579,-0.005139267072081566
0.0006091617979109287,0.5014881491661072,-0.004622276872396469
0.0006793607026338577,0.5014544129371643,-0.004752354696393013
0.0008486546576023102,0.5015407800674438,-0.004605400376021862
0.0005708937533199787,0.5016582608222961,-0.004335920326411724
0.0005329796113073826,0.5015115141868591,-0.004238463006913662
0.0006721829995512962,0.501482367515564,-0.004234550520777702
0.00043669529259204865,0.50145024061203,-0.004245119169354439
0.0002679326571524143,0.5015027523040771,-0.004465128295123577
0.0004860744811594486,0.5014100074768066,-0.004346087574958801
0.0006979298777878284,0.5014249086380005,-0.004072257317602634
0.0007770494557917118,0.5014389157295227,-0.003935198299586773
0.0008111186325550079,0.501368522644043,-0.003786325454711914
0.0009493515826761723,0.5013663172721863,-0.003706837072968483
0.0010258043184876442,0.5013806819915771,-0.0034727370366454124
0.0012813834473490715,0.5014535188674927,-0.003445249982178211
0.0013228221796453,0.5015174746513367,-0.0034324107691645622
0.0012801466509699821,0.5014368295669556,-0.003404769115149975
0.0013194768689572811,0.5014331340789795,-0.0034812670201063156
0.001232075970619917,0.5014675259590149,-0.0034679370000958443
0.00113627128303051,0.5013994574546814,-0.003451145254075527
0.0011102627031505108,0.5013411641120911,-0.0035149436444044113
0.000956329982727766,0.5012838840484619,-0.0035295216366648674
0.0009465501643717289,0.5014659762382507,-0.0033456962555646896
0.0009993514977395535,0.5015568137168884,-0.003321944735944271
0.0010099150240421295,0.5014923810958862,-0.003577437251806259
0.0010288306511938572,0.5014458298683167,-0.003851155750453472
0.0007129479199647903,0.5014693140983582,-0.0042693959549069405
0.0003821505233645439,0.5014432668685913,-0.004620147868990898
0.00022692186757922173,0.5014066696166992,-0.004562891088426113
0.00016123009845614433,0.5013508200645447,-0.004504721611738205
0.0003326679579913616,0.5013249516487122,-0.004369338043034077
0.0005441782996058464,0.5013765692710876,-0.00400956254452467
0.0007936088368296623,0.5014196038246155,-0.0037020212039351463
0.0010034884326159954,0.5014381408691406,-0.00339351873844862
0.0011186259798705578,0.5013728737831116,-0.003147535026073456
0.0010696626268327236,0.5014716386795044,-0.003113863058388233
0.0008630724623799324,0.5014495253562927,-0.003406805917620659
0.0007534557953476906,0.5013827085494995,-0.0038344580680131912
0.0006532627157866955,0.501336932182312,-0.0041275350376963615
0.0004874877631664276,0.5013306140899658,-0.00429747998714447
0.000519066583365202,0.5014134645462036,-0.004186330363154411
0.00044802529737353325,0.5014615058898926,-0.00413405429571867
0.0004958244971930981,0.5014430284500122,-0.004269524477422237
0.0005152937956154346,0.5014079809188843,-0.00435948371887207
0.0005857800133526325,0.5013765096664429,-0.004360772669315338
0.0006798622198402882,0.5013894438743591,-0.004320856183767319
0.0006971540860831738,0.5014854073524475,-0.004182891920208931
0.0008377269841730595,0.5015482902526855,-0.003929445520043373
0.0009755762293934822,0.5016122460365295,-0.0035843942314386368
0.0010046334937214851,0.5015684962272644,-0.00346567016094923
0.0009181229397654533,0.5015315413475037,-0.0035160714760422707
0.0008748481050133705,0.5013688802719116,-0.0036737052723765373
0.0008391411975026131,0.5013641715049744,-0.004088502377271652
0.0007693716324865818,0.5014567971229553,-0.00422659981995821
0.0007499982602894306,0.5015120506286621,-0.0043301647529006
0.0007095220498740673,0.501510739326477,-0.004218799993395805
0.0007760724984109402,0.5015490055084229,-0.00407041423022747
0.000804380513727665,0.5015749931335449,-0.003996478393673897
0.0008470234461128712,0.5016455054283142,-0.00391153059899807
0.0009070453234016895,0.5016528964042664,-0.003823434002697468
0.0008726334199309349,0.5016054511070251,-0.003876646049320698
0.0008429312147200108,0.5015321969985962,-0.0038334932178258896
0.0006513823755085468,0.5016129612922668,-0.0038750460371375084
0.0006041498854756355,0.501575231552124,-0.004100704565644264
0.0006608953699469566,0.5015335083007812,-0.004354181699454784
0.0006526443175971508,0.5015484690666199,-0.004524789750576019
0.0006283973343670368,0.5015673637390137,-0.004447953775525093
0.0006507528014481068,0.5015906691551208,-0.004092780873179436
0.0006852508522570133,0.5015298128128052,-0.0038294531404972076
0.0007711770012974739,0.5015526413917542,-0.003743555396795273
0.0008439044468104839,0.5015694499015808,-0.003776087425649166
0.000791025348007679,0.5015882849693298,-0.003845803439617157
0.0006866306066513062,0.5016399025917053,-0.004020720720291138
0.00048741092905402184,0.5016488432884216,-0.004275299608707428
0.0003455742262303829,0.5016570091247559,-0.004454509355127811
0.00020520063117146492,0.5016176104545593,-0.004639929160475731
0.0001662527211010456,0.5016061067581177,-0.004645948298275471
0.0002186163328588009,0.5015286803245544,-0.004421987570822239
0.0005181767046451569,0.5014587640762329,-0.004238639026880264
0.0008759261108934879,0.501388430595398,-0.004165208898484707
0.0010957596823573112,0.5015093088150024,-0.00409842561930418
0.0010673576034605503,0.5015439391136169,-0.004099568352103233
0.000987078994512558,0.5015224814414978,-0.004048642702400684
0.0008626366034150124,0.5014690160751343,-0.004224416799843311
0.0007047024555504322,0.5014764070510864,-0.004452726803719997
0.0006500589661300182,0.5014667510986328,-0.004388094879686832
0.0006961901672184467,0.5014156103134155,-0.004222257062792778
0.0008445004932582378,0.5015051960945129,-0.0037502506747841835
0.0010274709202349186,0.5015127658843994,-0.0033424319699406624
0.0012544170022010803,0.501617431640625,-0.003035890869796276
0.001387610100209713,0.5015473961830139,-0.002864934504032135
0.001369750127196312,0.5014292001724243,-0.003086930140852928
0.0012625227682292461,0.5013071894645691,-0.0032666390761733055
0.0009962976910173893,0.5013394355773926,-0.0033908048644661903
0.0008704992942512035,0.5014923214912415,-0.0034383703023195267
0.0007588858716189861,0.5014862418174744,-0.0035358285531401634
0.0007370994426310062,0.5015091896057129,-0.0037073232233524323
0.0007311147637665272,0.5014374852180481,-0.003880949690937996
0.0006024595350027084,0.5014991164207458,-0.003998972475528717
0.0005594128742814064,0.5015588402748108,-0.00406709685921669
0.00043877121061086655,0.5014158487319946,-0.004039755091071129
0.0004658196121454239,0.5014292597770691,-0.003927941434085369
0.0004997886717319489,0.5016298294067383,-0.004027125425636768
0.000456253532320261,0.5014926791191101,-0.0040454743430018425
0.0005705291405320168,0.5014653205871582,-0.003978849388659
0.000401859637349844,0.5016170144081116,-0.0041959937661886215
0.0003167525865137577,0.5016670227050781,-0.004378048703074455
0.00043397583067417145,0.5015926957130432,-0.0044753216207027435
0.0003057606518268585,0.5015349984169006,-0.004476037807762623
0.00024780398234725,0.5015484094619751,-0.0046296510845422745
6.476882845163345e-06,0.5015205144882202,-0.004620332270860672
-0.00021707871928811073,0.5015397071838379,-0.004620787687599659
-0.0002886164002120495,0.5014453530311584,-0.004981648176908493
-0.00024625007063150406,0.5015146732330322,-0.005129124969244003
-0.00017955387011170387,0.5016909837722778,-0.004985883831977844
7.732771337032318e-06,0.5016651153564453,-0.004607684910297394
0.00024352874606847763,0.5017165541648865,-0.004213602282106876
0.0002798251807689667,0.5017099380493164,-0.00412532314658165
0.00020052120089530945,0.501567542552948,-0.004453625530004501
0.0001029428094625473,0.501585841178894,-0.0048887357115745544
-4.7847162932157516e-05,0.5015829801559448,-0.005246803164482117
-0.00041740527376532555,0.5017520189285278,-0.005218077450990677
-0.00039218319579958916,0.5015859007835388,-0.0052473898977041245
-0.0008346503600478172,0.5016441941261292,-0.005268373526632786
-0.0009221108630299568,0.501603364944458,-0.0052988482639193535
-0.0006601833738386631,0.5016213059425354,-0.0054759979248046875
-0.0005579730495810509,0.5015058517456055,-0.005087674595415592
-0.00031026173382997513,0.5015304088592529,-0.00478010717779398
8.534081280231476e-05,0.5016400814056396,-0.004233703017234802
0.0003315475769340992,0.5014435648918152,-0.003793965093791485
0.0007085632532835007,0.5012755393981934,-0.003942549228668213
0.0008880491368472576,0.5012158155441284,-0.004010357894003391
0.0011980924755334854,0.5012285113334656,-0.0036578550934791565
0.001792865339666605,0.5015195608139038,-0.0032276827841997147
0.0023578680120408535,0.501458466053009,-0.002566930837929249
0.0027800663374364376,0.5014488697052002,-0.0024583926424384117
0.0028390681836754084,0.5013361573219299,-0.0024295933544635773
0.0026277033612132072,0.5013521313667297,-0.0029421336948871613
0.002449512016028166,0.5016078352928162,-0.002856520004570484
0.0021232878789305687,0.5015904903411865,-0.0025734901428222656
0.0019309860654175282,0.5016206502914429,-0.002937103621661663
0.001629549078643322,0.5013311505317688,-0.003445899114012718
0.0012002931907773018,0.5014081597328186,-0.00406776275485754
0.0010403036139905453,0.501522421836853,-0.004016919061541557
0.0009642336517572403,0.5014539361000061,-0.003973707556724548
0.0007620579563081264,0.5014826059341431,-0.0031731268391013145
0.0006581847555935383,0.5013396143913269,-0.0031624790281057358
0.0005236286669969559,0.5011245012283325,-0.0035491976886987686
0.0008913977071642876,0.5012913346290588,-0.003852888010442257
0.001040046103298664,0.5014367699623108,-0.0038649821653962135
0.001135917380452156,0.5013765692710876,-0.0038107233121991158
0.000852691475301981,0.5014423131942749,-0.0041613345965743065
0.0005696178413927555,0.5013687014579773,-0.004271253943443298
0.0005376650951802731,0.5012697577476501,-0.004096748307347298
0.0006254292093217373,0.5012931227684021,-0.0038350140675902367
0.0006588189862668514,0.5015134811401367,-0.003666456788778305
0.0004192977212369442,0.5016058087348938,-0.003582441247999668
0.0002555591054260731,0.5015122890472412,-0.003642614930868149
5.237851291894913e-05,0.5014657974243164,-0.004144108854234219
-0.00029562413692474365,0.5014452934265137,-0.004705240949988365
-0.00022478541359305382,0.501545786857605,-0.004873069003224373
-0.0003697960637509823,0.5016643404960632,-0.004818747751414776
-0.0002021375112235546,0.5014240145683289,-0.004828037694096565
-0.0003094128333032131,0.5013406276702881,-0.004876983352005482
-0.0001785382628440857,0.5013313889503479,-0.004889102652668953
-0.0001850123517215252,0.5015240907669067,-0.005130227655172348
-0.0002260785549879074,0.5014655590057373,-0.005193784832954407
-0.0002714693546295166,0.5014666318893433,-0.005159815773367882
-0.0005895807407796383,0.5013951063156128,-0.005407380871474743
-0.0008071581833064556,0.5015953779220581,-0.005631517618894577
-0.0009718290530145168,0.501533567905426,-0.005689376033842564
-0.0011095874942839146,0.5014181137084961,-0.00598345510661602
-0.0010761204175651073,0.5013267397880554,-0.006143055856227875
-0.001210932619869709,0.5013672113418579,-0.005975531414151192
-0.001039714552462101,0.5015086531639099,-0.005797522142529488
-0.0008133198134601116,0.5014697909355164,-0.005722475238144398
-0.0009923754259943962,0.5013329982757568,-0.0058455877006053925
-0.001133555080741644,0.501243531703949,-0.006078306585550308
-0.0013405513018369675,0.501194417476654,-0.006420178338885307
-0.0014618984423577785,0.5013136863708496,-0.006560344249010086
-0.0013841674663126469,0.5014901161193848,-0.006516315042972565
-0.0012677819468080997,0.5014657974243164,-0.006063342094421387
-0.001106837298721075,0.5013763308525085,-0.005762900225818157
-0.0008787983097136021,0.5014203786849976,-0.005765583366155624
-0.0008027511648833752,0.5013299584388733,-0.005709628574550152
-0.0008895234204828739,0.5013853907585144,-0.00577180739492178
-0.0010262164287269115,0.5014259815216064,-0.005537507124245167
-0.0011331099085509777,0.5014684796333313,-0.005534524098038673
-0.0010961066000163555,0.5014947056770325,-0.005626551806926727
-0.001245998777449131,0.501420259475708,-0.005569165572524071
-0.0012769442982971668,0.5013302564620972,-0.005697304382920265
-0.0010754079557955265,0.5012784600257874,-0.005849482491612434
-0.001055395696312189,0.501288652420044,-0.0058587174862623215
-0.0009760563261806965,0.5013535618782043,-0.005656486377120018
-0.0009676902554929256,0.5013423562049866,-0.005528397858142853
-0.0010611815378069878,0.5013008117675781,-0.0057065729051828384
-0.001377989538013935,0.5013185143470764,-0.005994005128741264
-0.0016967984847724438,0.5013744831085205,-0.0063118766993284225
-0.0020522349514067173,0.5013976693153381,-0.006555203348398209
-0.0021186931990087032,0.501366913318634,-0.006609596312046051
-0.0021861069835722446,0.501415491104126,-0.006692634895443916
-0.002133308444172144,0.5014506578445435,-0.006677698343992233
-0.0019620521925389767,0.5013828277587891,-0.0065701864659786224
-0.0018730000592768192,0.5014441609382629,-0.00634893961250782
-0.0016642329283058643,0.501403272151947,-0.006314363330602646
-0.0015483866445720196,0.5013819336891174,-0.0064659081399440765
-0.001260864082723856,0.5011947154998779,-0.006837053224444389
-0.001518045086413622,0.5012654066085815,-0.0066446177661418915
-0.0015642470680177212,0.5014044642448425,-0.006640428677201271
-0.0015126639045774937,0.5014435648918152,-0.006277823820710182
-0.001263658981770277,0.5012803673744202,-0.005938172340393066
-0.0012203431688249111,0.5014846920967102,-0.00610923208296299
-0.0009389822371304035,0.5014730095863342,-0.005604448728263378
-0.0007119355723261833,0.5013211965560913,-0.005319527350366116
-0.0003658318892121315,0.5012629628181458,-0.004859106615185738
0.00028308480978012085,0.5013598203659058,-0.004690943285822868
0.0004553557373583317,0.5012823343276978,-0.004147913306951523
0.0007055704481899738,0.5013653635978699,-0.004146288149058819
0.0009672264568507671,0.5015419125556946,-0.0035291053354740143
0.001030664425343275,0.5014069080352783,-0.002807990647852421
0.001497382763773203,0.5013695359230042,-0.0027938829734921455
0.001959647983312607,0.5010791420936584,-0.0025916099548339844
0.0019200453534722328,0.5013218522071838,-0.002357710152864456
0.001950936857610941,0.501406729221344,-0.0026049651205539703
0.0014602276496589184,0.5012474060058594,-0.002545645460486412
0.0021427329629659653,0.5013220906257629,-0.0021768175065517426
0.002179820090532303,0.5016186833381653,-0.0019443761557340622
0.002483516000211239,0.5014165043830872,-0.001556125469505787
0.0027701195795089006,0.5011950135231018,-0.002015765756368637
0.002110301051288843,0.5012884140014648,-0.0025495225563645363
0.00228596618399024,0.5013998746871948,-0.002642802894115448
0.00235016574151814,0.5014811754226685,-0.0021201670169830322
0.0022953504230827093,0.5013287663459778,-0.0017388248816132545
0.002390292938798666,0.5013817548751831,-0.0017723562195897102
0.0024491206277161837,0.5013896822929382,-0.0018449490889906883
0.00214556697756052,0.5014789700508118,-0.0020680194720625877
0.0019041099585592747,0.5014628767967224,-0.0024692853912711143
0.0017804657109081745,0.5013014674186707,-0.002658001147210598
0.001847150269895792,0.501477062702179,-0.002806411124765873
0.0015665357932448387,0.5014029145240784,-0.002958797849714756
0.002123539336025715,0.5013086199760437,-0.0025848550722002983
0.0021691322326660156,0.5015758872032166,-0.0016903411597013474
0.0022016442380845547,0.5014165043830872,-0.0014781160280108452
0.0021923272870481014,0.5012966394424438,-0.0017111124470829964
0.0020109694451093674,0.5010964870452881,-0.002126275561749935
0.0015550064854323864,0.5011599659919739,-0.0024926774203777313
0.0016565979458391666,0.5014899969100952,-0.0018787737935781479
0.0018921513110399246,0.5015746355056763,-0.0014396309852600098
0.0020086439326405525,0.5014317631721497,-0.001481696031987667
0.001950546633452177,0.5014693737030029,-0.0012332238256931305
0.001695400569587946,0.5013294816017151,-0.0017886655405163765
0.0015465742908418179,0.5012980699539185,-0.002080620266497135
0.0016597211360931396,0.5014026761054993,-0.0021425457671284676
0.0016571381129324436,0.5012895464897156,-0.0022655511274933815
0.0017587454058229923,0.501412570476532,-0.0020894603803753853
0.0017461003735661507,0.5014533400535583,-0.002284153364598751
0.0013698027469217777,0.5016378164291382,-0.002435239963233471
0.0011550206691026688,0.5014638900756836,-0.002765328623354435
0.0008759046904742718,0.5013622641563416,-0.0031007928773760796
0.0005127321928739548,0.5013830065727234,-0.0031866850331425667
0.00043767038732767105,0.5015054941177368,-0.0031010396778583527
0.0006826962344348431,0.5013799667358398,-0.0032082945108413696
0.0006209514103829861,0.501541793346405,-0.0031806612387299538
0.000989566557109356,0.5014245510101318,-0.003301120363175869
0.0010861968621611595,0.5015052556991577,-0.0035280073061585426
0.0011069327592849731,0.5015261769294739,-0.0033832453191280365
0.0007360447198152542,0.5015179514884949,-0.0036378130316734314
0.0007370691746473312,0.5014548897743225,-0.003916118294000626
0.0006073149852454662,0.5013824701309204,-0.00400433037430048
0.00014629168435931206,0.5013858079910278,-0.004449695348739624
-0.0003161141648888588,0.501417875289917,-0.004672611132264137
-0.0002650013193488121,0.5012485980987549,-0.004637612961232662
-4.269275814294815e-05,0.5013747215270996,-0.004476764239370823
0.0003661015070974827,0.501318633556366,-0.00443313829600811
0.0005790521390736103,0.5013719201087952,-0.0041051143780350685
0.0012336266227066517,0.5013799667358398,-0.0037589920684695244
0.001233031041920185,0.5013890862464905,-0.0036220503970980644
0.001063336618244648,0.5012603402137756,-0.003540310077369213
0.001410480123013258,0.5013265013694763,-0.0034999074414372444
0.0013742451556026936,0.5012897253036499,-0.0036107776686549187
0.0013911346904933453,0.5012823343276978,-0.0033488189801573753
0.0014595701359212399,0.5014496445655823,-0.0027196770533919334
0.0012730509042739868,0.5013973712921143,-0.0022490927949547768
0.001583858858793974,0.5012781023979187,-0.0023270361125469208
0.0016376292333006859,0.5012535452842712,-0.0028004348278045654
0.0016838209703564644,0.5013293623924255,-0.002947639673948288
0.001682419329881668,0.5012699365615845,-0.003013710491359234
0.0017944159917533398,0.5014967322349548,-0.002646687440574169
0.002031517680734396,0.5014151334762573,-0.0020538680255413055
0.002257196931168437,0.5013849139213562,-0.0022700857371091843
0.0023341975174844265,0.5014121532440186,-0.0023533860221505165
0.0017539132386446,0.5013307332992554,-0.00267046969383955
0.0015737349167466164,0.5014182329177856,-0.002661418169736862
0.0016165203414857388,0.5014805197715759,-0.0026083718985319138
0.0015020477585494518,0.5014606714248657,-0.002624761313199997
0.0016820002347230911,0.5013649463653564,-0.0025466736406087875
0.0016104010865092278,0.5014951229095459,-0.002452951855957508
0.0014955406077206135,0.5014147162437439,-0.0024298448115587234
0.0016864249482750893,0.5015127062797546,-0.0024284832179546356
0.0017248294316232204,0.5013601183891296,-0.002373427152633667
0.0016709347255527973,0.5013760924339294,-0.0022634174674749374
0.0018151267431676388,0.5013279318809509,-0.0020251013338565826
0.0016561984084546566,0.5014052987098694,-0.0021896744146943092
0.0016572135500609875,0.501253068447113,-0.0023214034736156464
0.0019607101567089558,0.5012485384941101,-0.0021519698202610016
0.002056270372122526,0.501506507396698,-0.002019910141825676
0.0019200700335204601,0.5013956427574158,-0.001768624410033226
0.00224703224375844,0.5013238787651062,-0.0016403058543801308
0.002107206266373396,0.5014392733573914,-0.0019162194803357124
0.0017563155852258205,0.5014523267745972,-0.0023562442511320114
0.0019739861600100994,0.5013353824615479,-0.002768607810139656
0.0017967447638511658,0.501295804977417,-0.0031080609187483788
0.001577706541866064,0.5015001893043518,-0.002918216399848461
0.0015798304229974747,0.5013443827629089,-0.0029105860739946365
0.0014614374376833439,0.5015243887901306,-0.0029335664585232735
0.0012190383858978748,0.5013406872749329,-0.0032047228887677193
0.0010134926997125149,0.5013644099235535,-0.00341620109975338
0.0012686792761087418,0.5012545585632324,-0.0032342979684472084
0.001384860835969448,0.5013889670372009,-0.0028801793232560158
0.001621020957827568,0.5015205144882202,-0.002443762496113777
0.0016658068634569645,0.5014126896858215,-0.0025467677041888237
0.001470179297029972,0.5013757348060608,-0.0028146421536803246
0.001391237135976553,0.5013244152069092,-0.0032364465296268463
0.0009765569120645523,0.5014903545379639,-0.003535493277013302
0.0009472551755607128,0.5014042854309082,-0.0034306952729821205
0.000993466004729271,0.5014275908470154,-0.003466453403234482
0.0009876303374767303,0.5014338493347168,-0.0033771786838769913
0.001097202766686678,0.5014951229095459,-0.003399503417313099
0.0011481293477118015,0.501461386680603,-0.003296632319688797
0.0012160693295300007,0.5014604926109314,-0.003193214535713196
0.0011686994694173336,0.501457154750824,-0.0032248077914118767
0.0011655054986476898,0.5014545917510986,-0.003269231878221035
0.0011495556682348251,0.5014347434043884,-0.0032639335840940475
0.001156720332801342,0.5014568567276001,-0.0032456181943416595
0.0011708512902259827,0.5014629364013672,-0.0032334160059690475
0.0011739656329154968,0.5014727115631104,-0.0032390113919973373
0.001168412622064352,0.5014286041259766,-0.003257419914007187
0.001115164253860712,0.5014415383338928,-0.003278333693742752
0.0010930807329714298,0.5014535784721375,-0.003275187686085701
0.001068617682904005,0.5014635324478149,-0.00331910140812397
0.0011007306165993214,0.5014500021934509,-0.0033160652965307236
0.001085879746824503,0.5014762282371521,-0.0033023683354258537
0.001082985196262598,0.5014815926551819,-0.0033028526231646538
0.0010985741391777992,0.5014533996582031,-0.0033086901530623436
0.0010984651744365692,0.5014556646347046,-0.0033146031200885773
0.0010756095871329308,0.501454770565033,-0.0033490480855107307
0.0010322658345103264,0.501486599445343,-0.003335922956466675
0.001064833253622055,0.5014591217041016,-0.0032979603856801987
0.0010686377063393593,0.5014810562133789,-0.003308843821287155
0.0011396687477827072,0.5014432668685913,-0.003260599449276924
0.0011787465773522854,0.5014843344688416,-0.0031876442953944206
0.001204886008054018,0.5014204382896423,-0.0031789010390639305
0.0013333954848349094,0.5013763904571533,-0.0032174987718462944
0.0013558552600443363,0.5014176964759827,-0.0032213106751441956
0.0013199448585510254,0.5015044808387756,-0.003202596679329872
0.0013112956658005714,0.5014668703079224,-0.0031422292813658714
0.001240596640855074,0.5014340877532959,-0.0031289635226130486
0.001159850973635912,0.5014491081237793,-0.0031770188361406326
0.0012055826373398304,0.5014237761497498,-0.0032113464549183846
0.0012931781820952892,0.501473069190979,-0.0032706502825021744
0.0012211804278194904,0.5014803409576416,-0.00326536875218153
0.001257848460227251,0.5014600157737732,-0.0032412726432085037
0.0013634385541081429,0.5014254450798035,-0.0030900994315743446
0.0013835742138326168,0.5015203356742859,-0.0030108094215393066
0.001462260726839304,0.5014983415603638,-0.002966867759823799
0.0014474079944193363,0.5015150308609009,-0.0028949659317731857
0.0013360870070755482,0.5014637112617493,-0.0029437802731990814
0.0012023025192320347,0.5015297532081604,-0.00303756445646286
0.001074906438589096,0.5015157461166382,-0.003166704438626766
0.0010302099399268627,0.5014699697494507,-0.0032277656719088554
0.0007752352394163609,0.5014601945877075,-0.0035031335428357124
0.0008216104470193386,0.5015038251876831,-0.0038165831938385963
0.0007080002687871456,0.5014621019363403,-0.003772635944187641
0.0006160596385598183,0.5016082525253296,-0.0038233324885368347
0.0007979138754308224,0.5014761686325073,-0.003727092407643795
0.0009301481768488884,0.5015780925750732,-0.003920024260878563
0.0009769299067556858,0.5015780925750732,-0.0036285482347011566
0.0010863682255148888,0.5015494227409363,-0.003426077775657177
0.0010175094939768314,0.5014706254005432,-0.003399426117539406
0.0009444546885788441,0.5014572143554688,-0.0034473026171326637
0.0009543490596115589,0.5014140009880066,-0.003489510156214237
0.0009461762383580208,0.5014767050743103,-0.0034682676196098328
0.0009234878234565258,0.501495897769928,-0.0034748055040836334
0.0009257658384740353,0.5014704465866089,-0.003459618426859379
0.0009967125952243805,0.5014214515686035,-0.003420705907046795
0.0009278221987187862,0.5014477372169495,-0.0034069912508130074
0.0009946511127054691,0.5014557242393494,-0.0034035975113511086
0.0009803813882172108,0.5014511346817017,-0.0034190304577350616
0.0009619360789656639,0.5014442801475525,-0.003538385033607483
0.0009255688637495041,0.501423716545105,-0.0036065401509404182
0.0009049447253346443,0.5014615654945374,-0.003561345860362053
0.0008756117895245552,0.5015367269515991,-0.003500126302242279
0.0008941423147916794,0.5014708042144775,-0.003493289463222027
0.0009445399045944214,0.5014463067054749,-0.0034657837823033333
0.0010503060184419155,0.5014156103134155,-0.003415551967918873
0.0011434848420321941,0.5014276504516602,-0.003359946422278881
0.0013049044646322727,0.5014218091964722,-0.003262888640165329
0.0013185515999794006,0.501437783241272,-0.003127453848719597
0.0011351429857313633,0.5015095472335815,-0.0029693646356463432
0.0010614548809826374,0.5014538168907166,-0.0030969297513365746
0.001127628143876791,0.5013507008552551,-0.003294769674539566
0.0012079901061952114,0.5013399124145508,-0.003309524618089199
0.0011922395788133144,0.5014802813529968,-0.0032604727894067764
0.0012488598003983498,0.501505434513092,-0.0029999492689967155
0.001542473677545786,0.501396119594574,-0.0027546482160687447
0.0015021883882582188,0.5012956261634827,-0.002760687842965126
0.0015917173586785793,0.5013377070426941,-0.0029237084090709686
0.0015388005413115025,0.5015211701393127,-0.002993617206811905
0.0014256061986088753,0.5014491081237793,-0.0029805582016706467
0.0013927244581282139,0.5014283061027527,-0.0029176687821745872
0.0013360711745917797,0.5014322996139526,-0.0029077623039484024
0.0013754968531429768,0.5014151930809021,-0.002947680652141571
0.0013604527339339256,0.5014193654060364,-0.0029157791286706924
0.0013639004901051521,0.5014459490776062,-0.002889711409807205
0.0014250013045966625,0.5014155507087708,-0.002876540645956993
0.0014005964621901512,0.5013884902000427,-0.0028962716460227966
0.0014316416345536709,0.5014286041259766,-0.002931308001279831
0.0013380423188209534,0.501428484916687,-0.0030136676505208015
0.0013509532436728477,0.5014510750770569,-0.0030793119221925735
0.001340246293693781,0.5014556646347046,-0.0031622368842363358
0.0012542237527668476,0.5014594197273254,-0.003308769315481186
0.001168612390756607,0.5014548897743225,-0.003414093516767025
0.0010811840184032917,0.5014409422874451,-0.003464188426733017
0.0010250392369925976,0.5014653205871582,-0.0034752897918224335
0.000987145584076643,0.5014903545379639,-0.0034848619252443314
0.0009807981550693512,0.5014638900756836,-0.0034870468080043793
0.0009748847223818302,0.5014519095420837,-0.0034791026264429092
0.0009714770130813122,0.5014914870262146,-0.0034611299633979797
0.0009838510304689407,0.5015002489089966,-0.0034298980608582497
0.001044746022671461,0.5015084147453308,-0.003367384895682335
0.0010661967098712921,0.5014799237251282,-0.0033590681850910187
0.0010105520486831665,0.5014989972114563,-0.00337890163064003
0.0010235649533569813,0.5014837980270386,-0.0034130364656448364
0.0009781778790056705,0.5014849901199341,-0.0034687593579292297
0.000941387377679348,0.5014722347259521,-0.0034799790009856224
0.0009071608074009418,0.5014820098876953,-0.0035536661744117737
0.0008912575431168079,0.5014981627464294,-0.0035627642646431923
0.0009466572664678097,0.5014848113059998,-0.003538963384926319
0.0009915917180478573,0.5014448761940002,-0.003554968163371086
0.000978602096438408,0.5014814734458923,-0.0035414109006524086
0.0009980639442801476,0.5014756917953491,-0.0035245586186647415
0.0010039350017905235,0.5014578104019165,-0.003523733466863632
0.0010425150394439697,0.5014501810073853,-0.0034711044281721115
0.0010522296652197838,0.5014565587043762,-0.003485935740172863
0.0010933810845017433,0.5014287233352661,-0.0035095438361167908
0.0011406601406633854,0.5014459490776062,-0.0034888340160250664
0.0011063963174819946,0.5014558434486389,-0.003502804785966873
0.0010870620608329773,0.5014613270759583,-0.003486398607492447
0.001074736937880516,0.5014477372169495,-0.0035081645473837852
0.0010072425939142704,0.5014299154281616,-0.0035574473440647125
0.000961430836468935,0.5014238357543945,-0.0035988911986351013
0.0009510559029877186,0.5014343857765198,-0.0036057056859135628
0.00102585693821311,0.5014612078666687,-0.003519805148243904
0.0011074417270720005,0.501518189907074,-0.003352365456521511
0.0012154756113886833,0.5015018582344055,-0.0032294541597366333
0.0012626266106963158,0.5014403462409973,-0.003147326409816742
0.0012509534135460854,0.5014245510101318,-0.0031993333250284195
0.0011912789195775986,0.5014101266860962,-0.0032954970374703407
0.0011440110392868519,0.5014187693595886,-0.003395138308405876
0.0010714218951761723,0.5014354586601257,-0.0034802276641130447
0.0009911656379699707,0.5014510750770569,-0.0035843905061483383
0.0009573753923177719,0.5014646053314209,-0.0036602849140763283
0.0009750030003488064,0.5014968514442444,-0.0036630965769290924
0.0009584724903106689,0.5015320181846619,-0.003720400854945183
0.0009263479150831699,0.5014888644218445,-0.0036981170997023582
0.0008492423221468925,0.5014858245849609,-0.003695964813232422
0.0007776361890137196,0.501491367816925,-0.003695257008075714
0.0007871324196457863,0.5015043616294861,-0.0037355907261371613
0.0008546258322894573,0.5014722347259521,-0.0036920057609677315
0.0009245434775948524,0.5014287829399109,-0.0036149416118860245
0.0009942068718373775,0.501437783241272,-0.0035423636436462402
0.0010950625874102116,0.5014660954475403,-0.003430086188018322
0.0011044587008655071,0.5014538764953613,-0.003364361822605133
0.0011417376808822155,0.5014523863792419,-0.0033547310158610344
0.0011763684451580048,0.5014930367469788,-0.0034310007467865944
0.0011068847961723804,0.5015046000480652,-0.00341741181910038
0.0011316239833831787,0.5014690160751343,-0.0033929217606782913
0.001080336980521679,0.5014777183532715,-0.003414672799408436
0.0010870713740587234,0.501437246799469,-0.003503818064928055
0.0010787984356284142,0.5014504194259644,-0.003507658839225769
0.0010856036096811295,0.5014696717262268,-0.0034550894051790237
0.0010894783772528172,0.5014858841896057,-0.0034176139160990715
0.0011497247032821178,0.5014565587043762,-0.0033608153462409973
0.0011807163245975971,0.5014627575874329,-0.0033256923779845238
0.0012250239960849285,0.5014209747314453,-0.0033609429374337196
0.0012452676892280579,0.5014519095420837,-0.003275754861533642
0.0012170476838946342,0.5014766454696655,-0.0032208887860178947
0.0011758147738873959,0.5014631748199463,-0.0032958947122097015
0.001215859316289425,0.5014151930809021,-0.00330235343426466
0.001223469153046608,0.5014775991439819,-0.0032828571274876595
0.001155627891421318,0.5014516115188599,-0.0033284928649663925
0.0011202800087630749,0.5014397501945496,-0.0034408867359161377
0.0010947692207992077,0.5014415383338928,-0.0035377591848373413
0.0010024174116551876,0.5014941692352295,-0.0036305859684944153
0.0009708940051496029,0.5014803409576416,-0.0036007342860102654
0.0009901146404445171,0.5014985203742981,-0.003564363345503807
0.0009719138033688068,0.5014983415603638,-0.003579304553568363
0.000989863183349371,0.5014622211456299,-0.0035666190087795258
0.0009975377470254898,0.5014316439628601,-0.0035791508853435516
0.00098806107416749,0.5014256834983826,-0.003625563345849514
0.0009925891645252705,0.5014582872390747,-0.003659185953438282
0.0009561679325997829,0.5014872550964355,-0.0036423755809664726
0.0009820722043514252,0.5014631152153015,-0.0036116251721978188
0.000983217265456915,0.5014548897743225,-0.00362964253872633
0.000957404263317585,0.5014576315879822,-0.003663664683699608
0.0009086220525205135,0.5014579892158508,-0.003704966977238655
0.0009002354927361012,0.5014562606811523,-0.0037096496671438217
0.0008955402299761772,0.5014602541923523,-0.003703831695020199
0.0009192717261612415,0.501447856426239,-0.0036224639043211937
0.000984278041869402,0.5014665126800537,-0.0034796399995684624
0.0010611177422106266,0.5014753341674805,-0.0033384738489985466
0.0010995129123330116,0.501470148563385,-0.0032557863742113113
0.001096013467758894,0.501447856426239,-0.0032837726175785065
0.0010457518510520458,0.5014380812644958,-0.0034395521506667137
0.0009555402211844921,0.5014259815216064,-0.0036079166457057
0.0008855047635734081,0.5014227628707886,-0.0037335334345698357
0.0007956745103001595,0.5014409422874451,-0.0038404474034905434
0.000744091346859932,0.5014443397521973,-0.00388355553150177
0.0007478771731257439,0.5014743804931641,-0.003878665156662464
0.0007626120932400227,0.5014657378196716,-0.003831462934613228
0.0008329716511070728,0.5014597773551941,-0.00373934768140316
0.0008938605897128582,0.5014575123786926,-0.003671014681458473
0.000922380480915308,0.5014644265174866,-0.0035727787762880325
0.0009594094008207321,0.5014572739601135,-0.00353290606290102
0.0009322268888354301,0.5014663338661194,-0.0035460814833641052
0.00093095563352108,0.5014650821685791,-0.0036001401022076607
0.0009282268583774567,0.5015040636062622,-0.0036628423258662224
0.0008550644852221012,0.501492977142334,-0.0037742387503385544
0.0007518073543906212,0.5014526844024658,-0.003973149694502354
0.0006875139661133289,0.5014110803604126,-0.0041243936866521835
0.0005683447234332561,0.5014286041259766,-0.004231177270412445
0.0006111003458499908,0.5014663338661194,-0.004180552437901497
0.0007001175545156002,0.5014764666557312,-0.004069319926202297
0.000768786296248436,0.5014664530754089,-0.003917264752089977
0.0008545885793864727,0.5014830827713013,-0.003747064620256424
0.0008648396469652653,0.501461923122406,-0.003654852509498596
0.0008958145044744015,0.5014399886131287,-0.0036543402820825577
0.0009051295928657055,0.5014442801475525,-0.003697410225868225
0.0008798963390290737,0.5014699697494507,-0.0036534080281853676
0.000897637102752924,0.501447856426239,-0.0036268960684537888
0.0009269146248698235,0.5014292597770691,-0.0035539688542485237
0.0009720348753035069,0.5014662146568298,-0.003508118912577629
0.0009548556990921497,0.5014873147010803,-0.003504401072859764
0.0010529556311666965,0.5014045238494873,-0.003502856008708477
0.0010174005292356014,0.501462996006012,-0.0035104798153042793
0.0009865355677902699,0.5015056133270264,-0.003521643579006195
0.0010429532267153263,0.5015321373939514,-0.0035689054057002068
0.0010425616055727005,0.5014891624450684,-0.003439546562731266
0.0009338189847767353,0.5014442205429077,-0.00350971519947052
0.0008438210934400558,0.5014390349388123,-0.0035956399515271187
0.0008347057737410069,0.5014744997024536,-0.003633689135313034
0.0007932400330901146,0.5015000104904175,-0.0036427052691578865
0.0007492583245038986,0.5014944672584534,-0.0036699501797556877
0.0007366747595369816,0.501471757888794,-0.00373801589012146
0.0007078335620462894,0.5014843344688416,-0.0037740757688879967
0.000666092149913311,0.5014660358428955,-0.0038184653967618942
0.0006890506483614445,0.5014873147010803,-0.003826315514743328
0.0007079122588038445,0.5014840364456177,-0.0038009844720363617
0.0006842711009085178,0.5014934539794922,-0.0038119452074170113
0.0007124240510165691,0.5014675259590149,-0.00374632328748703
0.0007790443487465382,0.5014803409576416,-0.003652399405837059
0.0007955422624945641,0.5014868378639221,-0.0035866741091012955
0.0008165058679878712,0.5014973878860474,-0.0035409079864621162
0.000786325428634882,0.5014835000038147,-0.003548881970345974
0.0007315417751669884,0.5014448761940002,-0.0036454442888498306
0.0007617329247295856,0.5014238357543945,-0.0037600863724946976
0.0007161032408475876,0.5014638304710388,-0.00382191501557827
0.0007357117719948292,0.501462996006012,-0.00383557565510273
0.0007706349715590477,0.5014278292655945,-0.00382261723279953
0.0008090748451650143,0.501467227935791,-0.003765045665204525
0.000807248055934906,0.5014331936836243,-0.003678194247186184
0.000834739301353693,0.5014137625694275,-0.0035610543563961983
0.0008918759413063526,0.5014258027076721,-0.003370278514921665
0.0009647407568991184,0.5014352798461914,-0.0033428892493247986
0.0011006137356162071,0.5014923214912415,-0.003164377063512802
0.0011208648793399334,0.5014727115631104,-0.003134405240416527
0.0010947254486382008,0.5015404224395752,-0.003377581015229225
0.0010310309007763863,0.5015206336975098,-0.003566785715520382
0.0008248821832239628,0.5013822317123413,-0.004044368863105774
0.0007593934424221516,0.5013369917869568,-0.004116869531571865
0.0009051957167685032,0.5014333724975586,-0.0039205122739076614
0.0007257005199790001,0.5014550089836121,-0.0035514812916517258
0.0009464859031140804,0.5014711618423462,-0.003447495400905609
0.0008857040666043758,0.5014563798904419,-0.003482258878648281
0.0009754006750881672,0.5014068484306335,-0.003626648336648941
0.0011331415735185146,0.5014341473579407,-0.003634519875049591
0.001143378671258688,0.5014339685440063,-0.003413545899093151
0.001174780074506998,0.5014761686325073,-0.003262493759393692
0.0012082611210644245,0.5014809966087341,-0.0031768744811415672
0.0011773835867643356,0.5014563798904419,-0.0032010534778237343
0.0011629643850028515,0.5014292001724243,-0.0032821837812662125
0.0011074100621044636,0.5014395713806152,-0.003417573869228363
0.0010336833074688911,0.5014804005622864,-0.003505393862724304
0.0009940136224031448,0.5014479756355286,-0.003559410572052002
0.0009170379489660263,0.5014737248420715,-0.003596024587750435
0.0008593522943556309,0.5014540553092957,-0.0036665871739387512
0.0008642692118883133,0.501474142074585,-0.0037053655833005905
0.0009055612608790398,0.5014690160751343,-0.003657200373709202
0.0009158840402960777,0.5014772415161133,-0.003627251833677292
0.0009130160324275494,0.5014818906784058,-0.0036155162379145622
0.000916976947337389,0.5014736652374268,-0.0036663254722952843
0.0009266166016459465,0.5014779567718506,-0.0037534767761826515
0.0009153769351541996,0.5014678835868835,-0.003779025748372078
0.0009099384769797325,0.5014932155609131,-0.0037507861852645874
0.0008826605044305325,0.5014790296554565,-0.003755924291908741
0.0008802996017038822,0.5014299154281616,-0.0037584342062473297
0.0008919080719351768,0.5014142990112305,-0.003779301419854164
0.0008739274926483631,0.5014361143112183,-0.003768754191696644
0.0009014098905026913,0.501442015171051,-0.0037415847182273865
0.0009408867917954922,0.5014448761940002,-0.003699354827404022
0.000947797205299139,0.5014548301696777,-0.0036614807322621346
0.0009590480476617813,0.5014435052871704,-0.003615608438849449
0.0009701387025415897,0.501436173915863,-0.003533370792865753
0.0009736479260027409,0.501438319683075,-0.003488650545477867
0.0009784763678908348,0.5014328956604004,-0.003525376319885254
0.000952486414462328,0.501383364200592,-0.0036327335983514786
0.0008745556697249413,0.5014132261276245,-0.003757488913834095
0.0008012065663933754,0.5014447569847107,-0.0038444604724645615
0.000770938117057085,0.501450777053833,-0.0038860440254211426
0.0008008736185729504,0.5014409422874451,-0.003832099959254265
0.0007907305844128132,0.5014294981956482,-0.0037766871973872185
0.0007766643539071083,0.5014768242835999,-0.0038088224828243256
0.0007732049562036991,0.5014801621437073,-0.003859192132949829
0.0007506171241402626,0.5014453530311584,-0.0038997549563646317
0.0006895000115036964,0.50145024061203,-0.003958964720368385
0.0005965628661215305,0.5014644265174866,-0.0040040211752057076
0.0006030164659023285,0.5014514327049255,-0.004002216272056103
0.0006574797444045544,0.5014840364456177,-0.003961911424994469
0.0006589894182980061,0.5014592409133911,-0.0038994085043668747
0.0006621121428906918,0.5014318227767944,-0.0038530826568603516
0.0006813905201852322,0.5014193058013916,-0.0038365377113223076
0.000703007448464632,0.5014625191688538,-0.003773408941924572
0.0007697008550167084,0.5014380216598511,-0.0037082070484757423
0.0008195638656616211,0.501424252986908,-0.0036265505477786064
0.0009012245573103428,0.501423180103302,-0.00356320571154356
0.000918304082006216,0.5014714002609253,-0.003496822901070118
0.0009363926947116852,0.5014690160751343,-0.0034374864771962166
0.0009425012394785881,0.5014467239379883,-0.0034748828038573265
0.0009468854404985905,0.5014162659645081,-0.00351865217089653
0.000947343185544014,0.5014116764068604,-0.0035372674465179443
0.0009452039375901222,0.5014300346374512,-0.0035091396421194077
0.0009675887413322926,0.5014468431472778,-0.003443014807999134
0.0010175863280892372,0.5014632940292358,-0.0033543668687343597
0.0010316087864339352,0.5014603137969971,-0.0033157728612422943
0.0010409117676317692,0.5014649033546448,-0.0033273762091994286
0.0010511637665331364,0.5014660954475403,-0.0033151162788271904
0.0010328362695872784,0.5014646053314209,-0.0033318763598799706
0.0010046251118183136,0.5014572739601135,-0.0033774012699723244
0.0009603248909115791,0.5014359354972839,-0.0034513017162680626
0.0009130965918302536,0.5014445781707764,-0.0035423114895820618
0.0009333132766187191,0.5014482736587524,-0.003559825010597706
0.0009528128430247307,0.5014538168907166,-0.003508075140416622
0.0009642262011766434,0.5014680624008179,-0.003432704135775566
0.0010148263536393642,0.501447319984436,-0.0033926814794540405
0.0010091685689985752,0.5014562606811523,-0.003389609046280384
0.0009777005761861801,0.5014548897743225,-0.0034121284261345863
0.0009282068349421024,0.5014802813529968,-0.0034618722274899483
0.000859907828271389,0.5014773607254028,-0.0034968769177794456
0.0008314484730362892,0.5014441013336182,-0.0036268318071961403
0.0008327430114150047,0.501399576663971,-0.00370212085545063
0.0008260337635874748,0.5014282464981079,-0.0036909328773617744
0.0008210968226194382,0.5014954209327698,-0.0036077359691262245
0.0008864365518093109,0.501531720161438,-0.0034538116306066513
0.0009505054913461208,0.5014932751655579,-0.003447015769779682
0.0010034269653260708,0.5014367699623108,-0.003482355736196041
0.0009969095699489117,0.5014359354972839,-0.003484053537249565
0.0009452728554606438,0.5014573931694031,-0.003482142463326454
0.0009576301090419292,0.5014433264732361,-0.0034422269091010094
0.0009807557798922062,0.5014177560806274,-0.0034317923709750175
0.0009860703721642494,0.5014328956604004,-0.0034771012142300606
0.0009284662082791328,0.5014339089393616,-0.0034873709082603455
0.0008651735261082649,0.5014162063598633,-0.0034716613590717316
0.0008088280446827412,0.5014225244522095,-0.0034796418622136116
0.0008397274650633335,0.5014336109161377,-0.003545890562236309
0.0008457982912659645,0.5014338493347168,-0.003574027679860592
0.0009219334460794926,0.501349687576294,-0.003653028979897499
0.0010526124387979507,0.5013778805732727,-0.003597143106162548
0.0011700084432959557,0.5014194846153259,-0.0033858874812722206
0.0012664580717682838,0.5014064908027649,-0.0032024504616856575
0.0013810135424137115,0.5014055967330933,-0.0030741244554519653
0.0013394281268119812,0.5014185309410095,-0.0030486006289720535
0.0012849178165197372,0.5014137029647827,-0.002999306656420231
0.0013057519681751728,0.5014002323150635,-0.003019046038389206
0.0013310862705111504,0.5014453530311584,-0.0029824450612068176
0.0013588238507509232,0.5014415979385376,-0.0029959576204419136
0.0013306429609656334,0.5014644265174866,-0.003024715930223465
0.0012949113734066486,0.5014359951019287,-0.003088153898715973
0.001200254075229168,0.501442551612854,-0.003251674585044384
0.0011179386638104916,0.5014223456382751,-0.0035059917718172073
0.0012516351416707039,0.5014041066169739,-0.0036209523677825928
0.0011775027960538864,0.5014321208000183,-0.0036224983632564545
0.0011806380935013294,0.5014416575431824,-0.0034238798543810844
0.0013361559249460697,0.5014604330062866,-0.003161787986755371
0.0014148554764688015,0.5015251636505127,-0.002979893237352371
0.0015174984000623226,0.5014829039573669,-0.003025023266673088
0.0014574103988707066,0.5014079213142395,-0.0031134337186813354
0.0013221162371337414,0.5014953017234802,-0.0031670499593019485
0.0012553944252431393,0.50139981508255,-0.0032113799825310707
0.0011696047149598598,0.5014883875846863,-0.0032050618901848793
0.0011250297538936138,0.5014215707778931,-0.003205963410437107
0.0010691927745938301,0.5014322996139526,-0.003357907757163048
0.0010666628368198872,0.5014156699180603,-0.003347238525748253
0.001002458855509758,0.5014296174049377,-0.003429124131798744
0.0010258345864713192,0.5014252662658691,-0.0034017199650406837
0.0010026297532022,0.5014410018920898,-0.00337870791554451
0.0010173567570745945,0.5014382004737854,-0.0033651981502771378
0.0010100314393639565,0.5014287233352661,-0.003371240571141243
0.0009771310724318027,0.5014539957046509,-0.0034151654690504074
0.0009477012790739536,0.5014435648918152,-0.0034860381856560707
0.0009275390766561031,0.5013945698738098,-0.0035712681710720062
0.0008970764465630054,0.5013943910598755,-0.003581790253520012
0.0009086728096008301,0.5014166235923767,-0.0035372013226151466
0.0009499373845756054,0.5014457106590271,-0.003469584509730339
0.0010030688717961311,0.5013782382011414,-0.003497104160487652
0.0009436160326004028,0.5014113783836365,-0.0035457778722047806
0.0009174947626888752,0.5014600157737732,-0.003510432317852974
0.0008825040422379971,0.5014601349830627,-0.0035318927839398384
0.001027651596814394,0.5014298558235168,-0.0034804297611117363
0.0010952618904411793,0.501441478729248,-0.0034895241260528564
0.0011280723847448826,0.5014398694038391,-0.0035003116354346275
0.0012308061122894287,0.5015017986297607,-0.003420179709792137
0.0012561962939798832,0.5014803409576416,-0.00328668300062418
0.001345367170870304,0.5014322996139526,-0.003229418769478798
0.001419296022504568,0.5014584064483643,-0.0030880849808454514
0.001409473828971386,0.5015028715133667,-0.0031933626160025597
0.001412712037563324,0.5015042424201965,-0.003109687939286232
0.0013958807103335857,0.5014634728431702,-0.0031566619873046875
0.0011433931067585945,0.5013878345489502,-0.003347397781908512
0.0010677836835384369,0.5013834834098816,-0.0034741656854748726
0.0009593218564987183,0.5015320181846619,-0.0034512123093008995
0.0010089264251291752,0.5014457702636719,-0.0035219229757785797
0.000980445183813572,0.5014469027519226,-0.003487769514322281
0.000931411050260067,0.5015205144882202,-0.003622964024543762
0.0007863892242312431,0.5014937520027161,-0.0037906356155872345
0.0007767356000840664,0.5014784932136536,-0.0038885734975337982
0.0007704314775764942,0.5014763474464417,-0.0038980748504400253
0.0007496420294046402,0.5014774799346924,-0.0038964152336120605
0.0007627513259649277,0.5014650821685791,-0.0038483282551169395
0.0008011544123291969,0.50146484375,-0.003782126121222973
0.0008058547973632812,0.5014638304710388,-0.0037161018699407578
0.0008297390304505825,0.5014958381652832,-0.003622918389737606
0.0008099130354821682,0.5014635920524597,-0.003574056550860405
0.0007472625002264977,0.5014516711235046,-0.003642517141997814
0.0007219207473099232,0.501433253288269,-0.0037163086235523224
0.0007597324438393116,0.5014832019805908,-0.0037389984354376793
0.0007270472124218941,0.5014782547950745,-0.0037308214232325554
0.0007831049151718616,0.5014842748641968,-0.0037085339426994324
0.0008158502168953419,0.5014553666114807,-0.003621515817940235
0.0009209821000695229,0.5014604330062866,-0.0035304855555295944
0.0010399878956377506,0.5014434456825256,-0.0034446660429239273
0.0011052084155380726,0.5014316439628601,-0.0033613303676247597
0.0011470615863800049,0.5014479160308838,-0.003259202465415001
0.0011030514724552631,0.501462996006012,-0.003236331045627594
0.0011049853637814522,0.5014392733573914,-0.0032915938645601273
0.0010402840562164783,0.5014539361000061,-0.003379637375473976
0.0008807363919913769,0.5015327334403992,-0.0034339232370257378
0.0007753358222544193,0.5015143156051636,-0.003471328876912594
0.000813294667750597,0.5014674663543701,-0.003458762541413307
0.0008886982686817646,0.5014597177505493,-0.0033889953047037125
0.0010205572471022606,0.5013969540596008,-0.003252594731748104
0.001170723233371973,0.5014016628265381,-0.0032721003517508507
0.0011251089163124561,0.5013999938964844,-0.0032994020730257034
0.0010483046062290668,0.5014207363128662,-0.0034985188394784927
0.0009635272435843945,0.5013640522956848,-0.0036771902814507484
0.0008720266632735729,0.5014510750770569,-0.003773938864469528
0.0008488963358104229,0.5014646649360657,-0.0037654228508472443
0.0009517231956124306,0.5014505982398987,-0.003751581534743309
0.000996994785964489,0.5014600157737732,-0.0036669066175818443
0.0010074120946228504,0.5014477372169495,-0.003657273016870022
0.0009879120625555515,0.5014427304267883,-0.003668632358312607
0.000979086384177208,0.501440703868866,-0.003635563887655735
0.0009431340731680393,0.501512885093689,-0.003640289418399334
0.0009537907317280769,0.5015006065368652,-0.0036188680678606033
0.000973027665168047,0.5015136003494263,-0.0035644927993416786
0.0009892871603369713,0.5014578104019165,-0.003560490906238556
0.0009650927968323231,0.5013933181762695,-0.0036460543051362038
0.0009733340702950954,0.5013993978500366,-0.0037830639630556107
0.0009542223997414112,0.5014485120773315,-0.0038518933579325676
0.0010159648954868317,0.5014441609382629,-0.003794291988015175
0.0010664206929504871,0.5014418363571167,-0.003737960010766983
0.0010771011002361774,0.5014628171920776,-0.0037205321714282036
0.0010576783679425716,0.5014442801475525,-0.003746793605387211
0.001060479786247015,0.5014492273330688,-0.003814561292529106
0.001043061725795269,0.5014451146125793,-0.0038806144148111343
0.0010353880934417248,0.5014485120773315,-0.003922490403056145
0.001057191751897335,0.5014309287071228,-0.0038420725613832474
0.0010867714881896973,0.5014211535453796,-0.0037704510614275932
0.001109854318201542,0.5014232397079468,-0.0036667268723249435
0.0011460725218057632,0.5014178156852722,-0.0036212820559740067
0.0011449954472482204,0.501419723033905,-0.0035860594362020493
0.0011501586996018887,0.5014123320579529,-0.0036063194274902344
0.001113309059292078,0.501409649848938,-0.003643939271569252
0.0010734042152762413,0.5014398097991943,-0.003628196194767952
0.0010046991519629955,0.501428484916687,-0.0036750398576259613
0.000930124893784523,0.5013858079910278,-0.003814496099948883
0.0008971691131591797,0.5013859272003174,-0.003909377381205559
0.0008414611220359802,0.5014533400535583,-0.003966036252677441
0.000799872912466526,0.5014786720275879,-0.0039971088990569115
0.0008379253558814526,0.5014219880104065,-0.0039808303117752075
0.0008644647896289825,0.5014177560806274,-0.003933458589017391
0.0009057419374585152,0.5014416575431824,-0.003845443017780781
0.0009936853311955929,0.501472532749176,-0.0036851977929472923
0.001054462045431137,0.5014791488647461,-0.003512158989906311
0.0010638427920639515,0.501457154750824,-0.0034483810886740685
0.0010203951969742775,0.5014575123786926,-0.0034304428845643997
0.0009887488558888435,0.5014351606369019,-0.0034940317273139954
0.0009945845231413841,0.5014467835426331,-0.003532024100422859
0.0009492565877735615,0.501474142074585,-0.003537542186677456
0.0009246454574167728,0.501455545425415,-0.0035546431317925453
0.0009196070022881031,0.501450777053833,-0.0035640131682157516
0.0008872202597558498,0.5014350414276123,-0.003610944375395775
0.0009158640168607235,0.5014392137527466,-0.003612753003835678
0.0009614420123398304,0.5014421939849854,-0.0035414984449744225
0.0009986967779695988,0.5014467835426331,-0.003478136844933033
0.0010112919844686985,0.5014474987983704,-0.003434298560023308
0.00100009236484766,0.5014397501945496,-0.0034319087862968445
0.0009843935258686543,0.5014528036117554,-0.003442075103521347
0.0009613367728888988,0.5014321208000183,-0.003452257253229618
0.0009694979526102543,0.5014035701751709,-0.0035008275881409645
0.0009465692564845085,0.5013974905014038,-0.0035377414897084236
0.0009589334949851036,0.5014171004295349,-0.003552996553480625
0.0010184510610997677,0.5013917684555054,-0.0035165678709745407
0.0010628271847963333,0.5013940334320068,-0.0034374678507447243
0.0010729995556175709,0.5014262199401855,-0.0033510979264974594
0.0010583503171801567,0.501426637172699,-0.0033478885889053345
0.001035312656313181,0.5014286041259766,-0.0034213634207844734
0.0010151793248951435,0.5014280080795288,-0.003531007096171379
0.0009621665813028812,0.5014337301254272,-0.0036156130954623222
0.000911450944840908,0.5014306306838989,-0.003621305339038372
0.0008635916747152805,0.5014100670814514,-0.0036894576624035835
0.000851272139698267,0.5014243721961975,-0.0036806464195251465
0.000855159480124712,0.5014393329620361,-0.003660188987851143
0.0008924100548028946,0.5014128684997559,-0.0036375578492879868
0.0009359493851661682,0.501433253288269,-0.003582295961678028
0.00092673534527421,0.5014282464981079,-0.003538666293025017
0.0009384243749082088,0.5014140009880066,-0.0035236915573477745
0.0009343144483864307,0.5014175772666931,-0.0035258252173662186
0.0008780807256698608,0.501427948474884,-0.003564555197954178
0.0008622701279819012,0.5014205574989319,-0.0035906117409467697
0.0008839927613735199,0.5014042854309082,-0.0035900911316275597
0.0009340187534689903,0.5013949871063232,-0.0035689808428287506
0.0009646974503993988,0.5014278292655945,-0.0034909863024950027
0.0010378132574260235,0.5014572739601135,-0.0033886758610606194
0.0011167852208018303,0.5014437437057495,-0.0032821549102663994
0.0011431891471147537,0.5014365315437317,-0.0033032409846782684
0.0010740305297076702,0.5014666318893433,-0.0033236341550946236
0.0010185344144701958,0.5014459490776062,-0.003409917466342449
0.0009548175148665905,0.5014408230781555,-0.0035072173923254013
0.0009404593147337437,0.5014420747756958,-0.003506661392748356
0.0009514237754046917,0.5014517903327942,-0.0035229697823524475
0.000990032684057951,0.5014067888259888,-0.0034330924972891808
0.0011015543714165688,0.5014172196388245,-0.003317849710583687
0.001168341375887394,0.5014578104019165,-0.0031834132969379425
0.0011618565768003464,0.5014667510986328,-0.0031087277457118034
0.001155816949903965,0.5014083385467529,-0.003148568794131279
0.001064889132976532,0.5014491677284241,-0.003216799348592758
0.0008912673220038414,0.501489520072937,-0.003339463844895363
0.0007476801984012127,0.501496434211731,-0.003428798168897629
0.0006835893727838993,0.5014920234680176,-0.0035135699436068535
0.0006980258040130138,0.501474142074585,-0.003661283291876316
0.0007828250527381897,0.5014408230781555,-0.003731018863618374
0.000894616823643446,0.5014365911483765,-0.0036756275221705437
0.0009415769018232822,0.5014739036560059,-0.003626083955168724
0.0010106628760695457,0.5014663934707642,-0.0035085827112197876
0.0010529840365052223,0.5014441609382629,-0.003370612859725952
0.0010456768795847893,0.5014790296554565,-0.003307236358523369
0.0010819737799465656,0.5015220642089844,-0.003185122273862362
0.0010566473938524723,0.5015161633491516,-0.003229941241443157
0.0010108817368745804,0.5014562606811523,-0.0033879252150654793
0.001042285468429327,0.5014140009880066,-0.003480072133243084
0.0010464717634022236,0.5014674067497253,-0.0035080257803201675
0.001031417865306139,0.501446008682251,-0.003425850532948971
0.001050521619617939,0.5014508962631226,-0.003377028740942478
0.0010304013267159462,0.5014458298683167,-0.0034049134701490402
0.0010462542995810509,0.5014348030090332,-0.0034329481422901154
0.0010742773301899433,0.501467764377594,-0.0034713558852672577
0.0011571547947824001,0.501464307308197,-0.0034141968935728073
0.0011881962418556213,0.5014686584472656,-0.003346368670463562
0.0012032953090965748,0.5014550685882568,-0.0032921023666858673
0.0012210682034492493,0.5014703273773193,-0.003204544074833393
0.0012401938438415527,0.5014838576316833,-0.0031675314530730247
0.0012636156752705574,0.5014593005180359,-0.003181478939950466
0.0012087221257388592,0.5014642477035522,-0.003211849369108677
0.0010677934624254704,0.5014573335647583,-0.003318382427096367
0.0009609172120690346,0.5014516115188599,-0.003467511385679245
0.00094266002997756,0.5014378428459167,-0.003601617179811001
0.0009254901669919491,0.5014666318893433,-0.003644120879471302
0.0008857403881847858,0.5014953017234802,-0.0035321712493896484
0.0008459794335067272,0.5014722347259521,-0.003496563993394375
0.0008266274817287922,0.5014179944992065,-0.003506084904074669
0.0008002179674804211,0.501423716545105,-0.003513295203447342
0.000805858988314867,0.5014641284942627,-0.003527243621647358
0.0008677770383656025,0.5014800429344177,-0.0034564509987831116
0.000873601995408535,0.5014822483062744,-0.003455311991274357
0.0008804011158645153,0.501490592956543,-0.003480592742562294
0.0009062052704393864,0.5014736652374268,-0.0034758299589157104
0.0008913963101804256,0.5014925003051758,-0.0034933919087052345
0.0008602929301559925,0.5014711022377014,-0.0035404935479164124
0.0008585941977798939,0.5014737844467163,-0.0035504046827554703
0.0008885455317795277,0.5014610290527344,-0.003512219525873661
0.0008927769958972931,0.5014532208442688,-0.003465055488049984
0.0009461035951972008,0.5014500021934509,-0.0034386450424790382
0.0009467173367738724,0.5014501810073853,-0.003434959799051285
0.0009324746206402779,0.5014505386352539,-0.0034292666241526604
0.000936552882194519,0.501441478729248,-0.003438553772866726
0.0009659025818109512,0.5014368295669556,-0.0034618759527802467
0.0009901425801217556,0.5014548301696777,-0.0034734196960926056
0.0009708553552627563,0.5014685392379761,-0.003481111489236355
0.0009458591230213642,0.5014257431030273,-0.003527156077325344
0.0009291898459196091,0.5014173984527588,-0.0035767024382948875
0.000960813369601965,0.5014203190803528,-0.003540908917784691
0.001013337168842554,0.5014256834983826,-0.00346269179135561
0.0010632104240357876,0.5014263987541199,-0.0033614570274949074
0.001067102886736393,0.5014505982398987,-0.0033292854204773903
0.001010256353765726,0.5014441013336182,-0.003324476070702076
0.0009596063755452633,0.5014371871948242,-0.0033838748931884766
0.0009283688850700855,0.5014315843582153,-0.0034826118499040604
0.0009052269160747528,0.5014709234237671,-0.0035191504284739494
0.0008886144496500492,0.5014843344688416,-0.0035328147932887077
0.0008924645371735096,0.5014721751213074,-0.003583967685699463
0.0009068376384675503,0.5014461874961853,-0.0036274222657084465
0.0009014680981636047,0.5014636516571045,-0.0036978786811232567
0.0009084525518119335,0.5014569163322449,-0.0036646975204348564
0.0009372653439640999,0.5014370679855347,-0.003631807863712311
0.0009739873930811882,0.5014485120773315,-0.0035535432398319244
0.0009570028632879257,0.5014525055885315,-0.0035148393362760544
0.0009358357638120651,0.501474142074585,-0.003517039120197296
0.0009647971019148827,0.5014634132385254,-0.0035667065531015396
0.0009070667438209057,0.5014577507972717,-0.0036464454606175423
0.0008647055365145206,0.5014250874519348,-0.003712599165737629
0.0008104066364467144,0.501444399356842,-0.003818442113697529
0.0008104103617370129,0.501438558101654,-0.003873785026371479
0.0008057202212512493,0.5014597177505493,-0.003847673535346985
0.000796204898506403,0.5014742612838745,-0.0037651564925909042
0.0007492965087294579,0.5015023350715637,-0.0037399418652057648
0.0007450827397406101,0.5014595985412598,-0.003804922103881836
0.0007392573170363903,0.5014283657073975,-0.0039285048842430115
0.0007465989328920841,0.5014036297798157,-0.0040120771154761314
0.0007966505363583565,0.5014341473579407,-0.003952602855861187
0.0008496246300637722,0.5014714002609253,-0.003793979063630104
0.0008681588806211948,0.5014775991439819,-0.0036721210926771164
0.0008986745961010456,0.5014702081680298,-0.0035885432735085487
0.0009073070250451565,0.5014650225639343,-0.003621235489845276
0.0008996822871267796,0.501487135887146,-0.0037077264860272408
0.0008922545239329338,0.5014827847480774,-0.003809611313045025
0.0008614417165517807,0.5014533400535583,-0.0037889936938881874
0.0008074766956269741,0.5014539957046509,-0.0037170303985476494
0.0007690181955695152,0.5014549493789673,-0.003709835931658745
0.000858051236718893,0.5014731287956238,-0.003679533489048481
0.0008574379608035088,0.50150066614151,-0.003727264702320099
0.0007856101728975773,0.5014560222625732,-0.00386867206543684
0.0007224595174193382,0.5014397501945496,-0.003902137279510498
0.0005917572416365147,0.5014676451683044,-0.0038498742505908012
0.0005580219440162182,0.5014929175376892,-0.0037767793983221054
0.0006291577592492104,0.5014707446098328,-0.003789144568145275
0.0006392993964254856,0.501401424407959,-0.003962078131735325
0.0006702165119349957,0.5014168620109558,-0.004054058343172073
0.0006947475485503674,0.5014680027961731,-0.00395507737994194
0.0007495577447116375,0.5014960765838623,-0.0038208039477467537
0.0008279937319457531,0.5014939904212952,-0.003682750277221203
0.0008701360784471035,0.5014327764511108,-0.0036169420927762985
0.0008148201741278172,0.5014688372612,-0.003630087710916996
0.0008189580403268337,0.5014700293540955,-0.0036254944279789925
0.0008193249814212322,0.501524031162262,-0.003556925803422928
0.0008692797273397446,0.501503586769104,-0.003507734276354313
0.0008676396682858467,0.5014835000038147,-0.00358622707426548
0.000840477179735899,0.5014079809188843,-0.0036181462928652763
0.0008094422519207001,0.5014289021492004,-0.0036224285140633583
0.0008675605058670044,0.5014739036560059,-0.003489500842988491
0.0009706872515380383,0.5014975070953369,-0.003304213285446167
0.001062328927218914,0.5015203952789307,-0.003206276334822178
0.0010689953342080116,0.501489520072937,-0.0032463781535625458
0.0010256534442305565,0.5014725923538208,-0.0033684419468045235
0.0008909236639738083,0.5014585852622986,-0.0035280827432870865
0.000784656498581171,0.5014616250991821,-0.003655938431620598
0.0007859873585402966,0.5014727711677551,-0.003650137223303318
0.0008258032612502575,0.5014954805374146,-0.0035985205322504044
0.0008824644610285759,0.5015098452568054,-0.003512052819132805
0.0009374911896884441,0.5014764070510864,-0.0034757908433675766
0.0009585279040038586,0.5014718174934387,-0.0034751947969198227
0.0009339754469692707,0.5014601349830627,-0.0035207774490118027
0.0008932282216846943,0.5014646053314209,-0.003580796532332897
0.00090076494961977,0.5014700889587402,-0.0036078933626413345
0.0008726981468498707,0.5014812350273132,-0.003618062473833561
0.0008608498610556126,0.5014700293540955,-0.0035973545163869858
0.0008951905183494091,0.5014587044715881,-0.0035519376397132874
0.0009030485525727272,0.5014806985855103,-0.003493313677608967
0.0008836411871016026,0.5015186071395874,-0.0034389803186059
0.0008778595365583897,0.5015122890472412,-0.003461074084043503
0.0008550137281417847,0.501465916633606,-0.003596927970647812
0.0008488483726978302,0.5014240145683289,-0.0037305373698472977
0.000832059420645237,0.5014455914497375,-0.003768041729927063
0.0008385838009417057,0.5014858841896057,-0.0036422787234187126
0.0009170961566269398,0.5015060305595398,-0.0034724827855825424
0.0009711203165352345,0.5015104413032532,-0.0033984407782554626
0.0010200128890573978,0.5014691948890686,-0.0034197336062788963
0.001019081100821495,0.5014559030532837,-0.003477293998003006
0.0009604576043784618,0.5014623999595642,-0.003528384491801262
0.0009164144285023212,0.5014639496803284,-0.003552873618900776
0.0009431242942810059,0.5014685988426208,-0.0035196468234062195
0.0009678849019110203,0.5014804005622864,-0.003489346243441105
0.0009677428752183914,0.5014492869377136,-0.0035001151263713837
0.0009647971019148827,0.5014509558677673,-0.0034749284386634827
0.0009327852167189121,0.5014580488204956,-0.0034704040735960007
0.0009261211380362511,0.5014840960502625,-0.003479480743408203
0.0009515802375972271,0.5014888048171997,-0.003445950336754322
0.0009121350012719631,0.5014817714691162,-0.003503900021314621
0.0008928491733968258,0.5014597177505493,-0.0035859839990735054
0.0009057200513780117,0.5014599561691284,-0.0036192582920193672
0.0009154956787824631,0.501491367816925,-0.0035918308421969414
0.0009201960638165474,0.5014592409133911,-0.003525497391819954
0.0009256056509912014,0.5014833211898804,-0.0035630539059638977
0.0009302576072514057,0.5014768838882446,-0.0035749487578868866
0.0009145769290626049,0.5014767646789551,-0.003576936200261116
0.0008757277391850948,0.5014644265174866,-0.0036191269755363464
0.0008520004339516163,0.5014686584472656,-0.003697803243994713
0.0008685430511832237,0.5014433264732361,-0.003685988485813141
0.0009002205915749073,0.5014521479606628,-0.0035937493667006493
0.0009329491294920444,0.5014702677726746,-0.003508256748318672
0.000997283961623907,0.5014715194702148,-0.0034483997151255608
0.001033162698149681,0.5014693737030029,-0.0034288624301552773
0.00103441858664155,0.5014677047729492,-0.0034302063286304474
0.001036306843161583,0.5014660954475403,-0.0034328317269682884
0.0009941714815795422,0.5014715790748596,-0.0034144138917326927
0.0009926161728799343,0.5014747977256775,-0.0034124786034226418
0.0009879106655716896,0.5014632344245911,-0.0034508276730775833
0.0010320572182536125,0.5014748573303223,-0.003439171239733696
0.0010401452891528606,0.5015053749084473,-0.0034483149647712708
0.0010178885422647,0.5014727115631104,-0.0034665819257497787
0.0010174582712352276,0.5014441013336182,-0.0034559648483991623
0.0009586364030838013,0.5014626383781433,-0.0034700287505984306
0.0009271474555134773,0.5014751553535461,-0.0034858956933021545
0.0009392602369189262,0.5014972686767578,-0.0034842221066355705
0.0009127738885581493,0.5014849305152893,-0.0035149436444044113
0.0008895923383533955,0.5014432668685913,-0.0036182021722197533
0.0008927728049457073,0.501427173614502,-0.003641403280198574
0.0008585103787481785,0.5014700889587402,-0.0036960281431674957
0.0008726962842047215,0.5014668703079224,-0.003688299097120762
0.0009652278386056423,0.5014482140541077,-0.003607667051255703
0.0009852959774434566,0.501432478427887,-0.003507966175675392
0.0009956681169569492,0.5014675259590149,-0.0034394990652799606
0.001018662005662918,0.5014945864677429,-0.0033952556550502777
0.0010454771108925343,0.501488208770752,-0.0034041553735733032
0.001005843747407198,0.5014584064483643,-0.0035427380353212357
0.000921955332159996,0.5014036893844604,-0.0036026518791913986
0.0009083235636353493,0.5014207363128662,-0.0036302097141742706
0.0009042182937264442,0.5014647245407104,-0.0035773692652583122
0.0010151062160730362,0.501471221446991,-0.0034280335530638695
0.0010741446167230606,0.501471996307373,-0.0033531896770000458
0.0010762638412415981,0.5014491677284241,-0.0034119142219424248
0.0010600392706692219,0.5014297962188721,-0.0034992070868611336
0.0010028136894106865,0.5014552474021912,-0.0034756753593683243
0.0009469655342400074,0.5014767646789551,-0.0034246109426021576
0.0009756605140864849,0.5014680027961731,-0.0033466480672359467
0.0010231230407953262,0.5014401078224182,-0.003351106308400631
0.0009832722134888172,0.5014358162879944,-0.0034404918551445007
0.0009461641311645508,0.5014468431472778,-0.003511558286845684
0.0009253020398318768,0.5014583468437195,-0.003542899154126644
0.0009263074025511742,0.5014647245407104,-0.0034998469054698944
0.0009773490019142628,0.5014631748199463,-0.0034283921122550964
0.0010071033611893654,0.5014432072639465,-0.003390396013855934
0.0010444303043186665,0.5014390349388123,-0.003357328474521637
0.0010410654358565807,0.5014462471008301,-0.003367159515619278
0.0010416647419333458,0.5014581084251404,-0.0033579422160983086
0.0010752780362963676,0.5014449954032898,-0.0033419830724596977
0.0010883654467761517,0.5014607310295105,-0.003323860466480255
0.001084519550204277,0.5014300346374512,-0.003358611837029457
0.0010894970037043095,0.5014331936836243,-0.003371056169271469
0.001093622762709856,0.5014327168464661,-0.003351115621626377
0.0010922723449766636,0.5014586448669434,-0.003318219445645809
0.0011112010106444359,0.5014678835868835,-0.0032559968531131744
0.001111848745495081,0.5014505982398987,-0.0032970039173960686
0.001114790327847004,0.5014432072639465,-0.0033136243000626564
0.0010831402614712715,0.5014492273330688,-0.0033397646620869637
0.0010567521676421165,0.5014550089836121,-0.003364522010087967
0.0010627727024257183,0.5014544129371643,-0.003366852179169655
0.0010559852235019207,0.5014548301696777,-0.0033648833632469177
0.001042765099555254,0.5014484524726868,-0.0033739209175109863
0.0010370374657213688,0.5014508366584778,-0.003391648642718792
0.0010190187022089958,0.5014552474021912,-0.0034089311957359314
0.001032903790473938,0.5014438629150391,-0.0033958284184336662
0.0010176780633628368,0.5014848113059998,-0.0033656898885965347
0.0010373196564614773,0.5014587640762329,-0.0033650947734713554
0.0010714833624660969,0.5014686584472656,-0.003375180996954441
0.0010415422730147839,0.5014358758926392,-0.0033782757818698883
0.0010207314044237137,0.5014540553092957,-0.003426017239689827
0.001051104161888361,0.5014463067054749,-0.0033802473917603493
0.0010967985726892948,0.5014569759368896,-0.003343316726386547
0.0011303853243589401,0.5014535188674927,-0.0032910415902733803
0.0011331131681799889,0.5014492273330688,-0.0032849078997969627
0.0011344607919454575,0.5014392733573914,-0.0032955752685666084
0.001130194403231144,0.5014484524726868,-0.0033175041899085045
0.0011025527492165565,0.5014623999595642,-0.003316483460366726
0.0011049727909266949,0.5014551877975464,-0.0033175647258758545
0.0011078487150371075,0.5014427900314331,-0.0033195000141859055
0.0011101821437478065,0.5014507174491882,-0.003312869928777218
0.0011084964498877525,0.501456618309021,-0.003305802121758461
0.0011261175386607647,0.5014533400535583,-0.003280612640082836
0.001127844676375389,0.5014504790306091,-0.003278791904449463
0.0011166678741574287,0.5014517903327942,-0.0033035380765795708
0.001115397084504366,0.5014505982398987,-0.0033206790685653687
0.001105109229683876,0.5014553070068359,-0.0033268555998802185
0.0011053700000047684,0.5014532804489136,-0.0033401763066649437
0.0011105299927294254,0.501451849937439,-0.0033299047499895096
0.001107312273234129,0.5014582872390747,-0.0033367564901709557
0.0011057760566473007,0.5014595985412598,-0.0033395690843462944
0.0011156736873090267,0.5014569163322449,-0.003332267515361309
0.0011024498380720615,0.5014578104019165,-0.0033374112099409103
0.0010998891666531563,0.5014540553092957,-0.0033502131700515747
0.001085749827325344,0.5014559030532837,-0.0033669909462332726
0.0010698391124606133,0.5014541149139404,-0.003381703980267048
0.0010599452070891857,0.5014548897743225,-0.0033936193212866783
0.0010574767366051674,0.5014563202857971,-0.0033924710005521774
0.0010597151704132557,0.5014589428901672,-0.003381139598786831
0.0010672532953321934,0.5014601349830627,-0.003366749733686447
0.00107971066609025,0.5014513731002808,-0.0033572986721992493
0.0010912609286606312,0.5014575123786926,-0.003329990431666374
0.0011069076135754585,0.5014576315879822,-0.0033248141407966614
0.0011270716786384583,0.5014525055885315,-0.0033344198018312454
0.0011450611054897308,0.5014450550079346,-0.0033199023455381393
0.0011294796131551266,0.5014634728431702,-0.003301321528851986
0.0011293902061879635,0.5014563202857971,-0.0032915882766246796
0.0011345804668962955,0.5014485120773315,-0.0032799411565065384
0.0011360999196767807,0.5014389753341675,-0.003280078060925007
0.00111760338768363,0.5014495253562927,-0.003295394591987133
0.0011099595576524734,0.5014494061470032,-0.0032853977754712105
0.001106348354369402,0.5014544129371643,-0.003293820656836033
0.0010999254882335663,0.5014561414718628,-0.0033119702711701393
0.0010900748893618584,0.5014496445655823,-0.00333587359637022
0.0010818899609148502,0.501456081867218,-0.0033361613750457764
0.001061443705111742,0.5014541745185852,-0.0033384300768375397
0.0010587042197585106,0.5014580488204956,-0.003341573290526867
0.0010734978131949902,0.5014572143554688,-0.0033244388177990913
0.0010589784942567348,0.5014616250991821,-0.0033217137679457664
0.001069854013621807,0.5014590620994568,-0.003320721909403801
0.0010732309892773628,0.5014589428901672,-0.003352789208292961
0.001074034720659256,0.501463770866394,-0.0033710356801748276
0.001072439830750227,0.5014614462852478,-0.0033863577991724014
0.001052196603268385,0.5014593005180359,-0.003401944413781166
0.001038897316902876,0.5014568567276001,-0.0034083519130945206
0.0010302732698619366,0.5014570951461792,-0.0034183980897068977
0.001031902153044939,0.5014660358428955,-0.003416934981942177
0.0010330942459404469,0.5014577507972717,-0.003411581739783287
0.0010418929159641266,0.5014636516571045,-0.003391643986105919
0.0010458449833095074,0.5014644861221313,-0.003364274278283119
0.0010538897477090359,0.5014570951461792,-0.0033541154116392136
0.0010546529665589333,0.5014596581459045,-0.0033553848043084145
0.0010612448677420616,0.501451849937439,-0.0033744527027010918
0.0010633659549057484,0.5014549493789673,-0.003382805734872818
0.0010590022429823875,0.5014550089836121,-0.0033806785941123962
0.0010733283124864101,0.501459538936615,-0.0033655138686299324
0.0010841847397387028,0.5014514327049255,-0.0033461395651102066
0.00109521159902215,0.5014599561691284,-0.0033300714567303658
0.001105420757085085,0.5014593005180359,-0.003314770758152008
0.0010969014838337898,0.5014586448669434,-0.003315466456115246
0.0011000344529747963,0.5014531016349792,-0.003309665247797966
0.0010772156529128551,0.5014687776565552,-0.0033157430589199066
0.00107096740975976,0.5014661550521851,-0.003338402137160301
0.001089025754481554,0.501449704170227,-0.003354129381477833
0.0010692407377064228,0.5014520287513733,-0.003356373868882656
0.0010437360033392906,0.5014635324478149,-0.003361090086400509
0.0010587680153548717,0.5014565587043762,-0.0033580809831619263
0.0010849414393305779,0.5014532804489136,-0.0033547580242156982
0.001093076542019844,0.5014582276344299,-0.003370475023984909
0.0010868250392377377,0.5014622807502747,-0.0033747702836990356
0.0010765912011265755,0.5014654397964478,-0.0033600060269236565
0.0010650395415723324,0.5014587044715881,-0.003376515582203865
0.0010561849921941757,0.5014559626579285,-0.00338622834533453
0.0010325615294277668,0.5014621019363403,-0.0033951476216316223
0.0010315454564988613,0.5014610290527344,-0.003414447419345379
0.0010350747033953667,0.5014646649360657,-0.003398735076189041
0.0010316940024495125,0.5014603137969971,-0.003405745141208172
0.0010319547727704048,0.5014663934707642,-0.003400258719921112
0.0010357778519392014,0.5014703869819641,-0.003400946967303753
0.0010285545140504837,0.5014647245407104,-0.0034169647842645645
0.0010380074381828308,0.5014519095420837,-0.0034203054383397102
0.001024156343191862,0.5014594197273254,-0.0034267446026206017
0.0010217167437076569,0.5014610290527344,-0.003435385413467884
0.0010408088564872742,0.5014559626579285,-0.003421485424041748
0.0010390724055469036,0.501473069190979,-0.0033887717872858047
0.0010226392187178135,0.5014694333076477,-0.0033968016505241394
0.001038737129420042,0.5014655590057373,-0.003399025648832321
0.0010191830806434155,0.5014503598213196,-0.003411521203815937
0.000979787204414606,0.501446545124054,-0.003455093130469322
0.0009639929048717022,0.5014442205429077,-0.003481060266494751
0.0009737215004861355,0.501456081867218,-0.0034768395125865936
0.0009871777147054672,0.5014715194702148,-0.0034484276548027992
0.0010058633051812649,0.5014678835868835,-0.0034162430092692375
0.0010182550176978111,0.5014589428901672,-0.0033941660076379776
0.0009988653473556042,0.5014826655387878,-0.003395386040210724
0.0009976341389119625,0.5014886260032654,-0.0033929534256458282
0.0009850882925093174,0.5014734864234924,-0.0034077996388077736
0.0009614075534045696,0.5014744400978088,-0.0034487321972846985
0.000933400820940733,0.5014674663543701,-0.0035123974084854126
0.0009291451424360275,0.5014764070510864,-0.003521478734910488
0.0009258072823286057,0.5014851689338684,-0.0035086525604128838
0.0009177648462355137,0.5014917254447937,-0.0035070786252617836
0.0009267702698707581,0.5014684200286865,-0.0035244785249233246
0.000938081182539463,0.5014632940292358,-0.0035449322313070297
0.0009566205553710461,0.5014798045158386,-0.00352269783616066
0.0009771478362381458,0.5014814734458923,-0.0034997258335351944
0.001014824490994215,0.5014738440513611,-0.0034649819135665894
0.0010298751294612885,0.5014672875404358,-0.0034417714923620224
0.001015983521938324,0.501473069190979,-0.003441900946199894
0.0010200920514762402,0.5014713406562805,-0.0034292712807655334
0.0010204724967479706,0.501467764377594,-0.0034412089735269547
0.001013011671602726,0.5014677047729492,-0.0034670494496822357
0.0010199458338320255,0.5014549493789673,-0.0034875432029366493
0.0010309582576155663,0.5014470219612122,-0.0034836269915103912
0.0010668635368347168,0.5014445781707764,-0.00344813521951437
0.001117565669119358,0.501448392868042,-0.0034030312672257423
0.0011506848968565464,0.5014469027519226,-0.0033358652144670486
0.0011746324598789215,0.5014351010322571,-0.0033235400915145874
0.001189250499010086,0.5014371871948242,-0.003305790014564991
0.0011838977225124836,0.5014333128929138,-0.0032991617918014526
0.0011682002805173397,0.5014382004737854,-0.0032968679443001747
0.001176090445369482,0.5014289021492004,-0.003283778205513954
0.001180481631308794,0.5014288425445557,-0.0032741110771894455
0.0011974587105214596,0.5014227032661438,-0.0032473597675561905
0.001204958651214838,0.5014410614967346,-0.0032128971070051193
0.0012029977515339851,0.5014384388923645,-0.003193780779838562
0.001187254674732685,0.5014333128929138,-0.0032086214050650597
0.0011780411005020142,0.5014269351959229,-0.0032276390120387077
0.0011723586358129978,0.5014323592185974,-0.003252752125263214
0.0011959467083215714,0.5014238357543945,-0.0032615968957543373
0.0012171524576842785,0.5014122724533081,-0.0032173004001379013
0.0012177452445030212,0.5014532804489136,-0.00317471195012331
0.001233512070029974,0.501403272151947,-0.003150440752506256
0.0012417202815413475,0.5014368891716003,-0.0030855732038617134
0.0012660534121096134,0.5014284253120422,-0.003122651018202305
0.0012543722987174988,0.5014519095420837,-0.0031340457499027252
0.001275514718145132,0.5014128684997559,-0.0031181620433926582
0.001211268361657858,0.5014463663101196,-0.0031696902588009834
0.0012304293923079967,0.5014234781265259,-0.00319809652864933
0.0011821971274912357,0.501438319683075,-0.003205730579793453
0.001187782734632492,0.5014331340789795,-0.003171762451529503
0.0011624996550381184,0.5014315843582153,-0.0031998902559280396
0.001153020653873682,0.5014239549636841,-0.0032161418348550797
0.0011348272673785686,0.5014223456382751,-0.0032616127282381058
0.001120557077229023,0.5014354586601257,-0.003286423161625862
0.0011130529455840588,0.5014351606369019,-0.003283402882516384
0.0011188467033207417,0.5014382004737854,-0.0032827947288751602
0.0011372552253305912,0.5014252662658691,-0.003258870914578438
0.001155367586761713,0.5014347434043884,-0.003245813772082329
0.0011584199965000153,0.5014263391494751,-0.0032476987689733505
0.0011526979506015778,0.501426100730896,-0.0032491441816091537
0.0011368473060429096,0.5014302134513855,-0.0032595330849289894
0.001120186410844326,0.5014292001724243,-0.003275439143180847
0.0011178329586982727,0.5014271140098572,-0.0032826531678438187
0.0011076657101511955,0.5014187097549438,-0.003302774392068386
0.0011078906245529652,0.5014166831970215,-0.0033172452822327614
0.001107898075133562,0.5014289617538452,-0.0033135423436760902
0.0011187968775629997,0.5014374852180481,-0.0033024344593286514
0.0011271894909441471,0.5014466643333435,-0.0032839756458997726
0.0011448273435235023,0.5014395713806152,-0.0032835882157087326
0.0011617690324783325,0.501436710357666,-0.0032841628417372704
0.0011658268049359322,0.5014316439628601,-0.0032776733860373497
0.001164305955171585,0.5014281272888184,-0.0032810820266604424
0.0011811917647719383,0.5014179944992065,-0.003248332068324089
0.0011808867566287518,0.5014331340789795,-0.0032206950709223747
0.001193835400044918,0.501436710357666,-0.0032005561515688896
0.0012075048871338367,0.501441478729248,-0.0031683435663580894
0.0011932337656617165,0.5014438033103943,-0.0031722281128168106
0.0011844350956380367,0.5014408826828003,-0.00318840891122818
0.0011623557657003403,0.5014316439628601,-0.003200110048055649
0.0011249068193137646,0.5014370679855347,-0.003243223764002323
0.0011111912317574024,0.501433253288269,-0.0032815570011734962
0.0010909256525337696,0.5014255046844482,-0.003325509838759899
0.0010699103586375713,0.5014251470565796,-0.0033601727336645126
0.0010587871074676514,0.5014275908470154,-0.0033728517591953278
0.0010469858534634113,0.5014240741729736,-0.0033768368884921074
0.0010701506398618221,0.5014394521713257,-0.0033419793471693993
0.001086388248950243,0.5014330744743347,-0.003338821232318878
0.0011024135164916515,0.5014411211013794,-0.0033433539792895317
0.0011321413330733776,0.5014335513114929,-0.003330579027533531
0.0011277212761342525,0.5014442801475525,-0.003327655605971813
0.0011300486512482166,0.5014462471008301,-0.0032996712252497673
0.00114051578566432,0.5014543533325195,-0.003303241916000843
0.001143021509051323,0.5014542937278748,-0.003312552347779274
0.0011354298330843449,0.5014549493789673,-0.003329867497086525
0.0011296472512185574,0.5014532804489136,-0.0033388864248991013
0.001134328544139862,0.5014412999153137,-0.00333400908857584
0.001132417470216751,0.5014439225196838,-0.0033000772818922997
0.0011548628099262714,0.5014460682868958,-0.003290528431534767
0.001168512273579836,0.5014201998710632,-0.0032767951488494873
0.0011742222122848034,0.5014076828956604,-0.003248760476708412
0.001196285244077444,0.5014172792434692,-0.0032158754765987396
0.0012463489547371864,0.5014190673828125,-0.0031426046043634415
0.0012848833575844765,0.5014182329177856,-0.0030682291835546494
0.0013029626570641994,0.5014157891273499,-0.003028901293873787
0.0013144714757800102,0.5014171004295349,-0.003011357970535755
0.0013035330921411514,0.501410961151123,-0.002998785115778446
0.001292893197387457,0.501415491104126,-0.0029883654788136482
0.0012933113612234592,0.5014430284500122,-0.002986661158502102
0.0012500123120844364,0.5014309287071228,-0.003073890693485737
0.001202989835292101,0.5014025568962097,-0.0031723957508802414
0.0011300183832645416,0.5014215707778931,-0.0032276976853609085
0.0010765125043690205,0.5014469027519226,-0.0032932180911302567
0.0011028070002794266,0.5014337301254272,-0.0032907966524362564
0.0011059222742915154,0.5014386177062988,-0.0032762018963694572
0.0011021746322512627,0.5014318823814392,-0.0032532205805182457
0.0011135400272905827,0.5014349818229675,-0.003222143277525902
0.0011354978196322918,0.501400887966156,-0.003174453042447567
0.0011180746369063854,0.5014252662658691,-0.0031986404210329056
0.001085825264453888,0.5014173984527588,-0.0032218704000115395
0.0010704859159886837,0.5014258623123169,-0.0032521402463316917
0.0010417732410132885,0.5014270544052124,-0.003276592120528221
0.0010040686465799809,0.5014126896858215,-0.0033406848087906837
0.0010016076266765594,0.5014118552207947,-0.003374466672539711
0.0010807155631482601,0.5014092922210693,-0.0033476846292614937
0.0011693891137838364,0.5014241933822632,-0.003200136125087738
0.0012650755234062672,0.5014461874961853,-0.0030143167823553085
0.0012359526008367538,0.50143963098526,-0.0030576270073652267
0.001184185966849327,0.5013933181762695,-0.003170452080667019
0.0010988782159984112,0.5014261603355408,-0.0032445862889289856
0.000984468962997198,0.5014485120773315,-0.003311391919851303
0.0010054642334580421,0.501414954662323,-0.003303416073322296
0.0010291021317243576,0.5014187097549438,-0.0033093243837356567
0.0010257796384394169,0.5014260411262512,-0.0033322107046842575
0.0010499665513634682,0.501441240310669,-0.0033132508397102356
0.001062734518200159,0.5014394521713257,-0.003341004252433777
0.0010322327725589275,0.5014225840568542,-0.003389371559023857
0.0010067690163850784,0.5014398694038391,-0.003414575941860676
0.000982855912297964,0.501430094242096,-0.003504352644085884
0.0009921523742377758,0.5014181137084961,-0.0035130903124809265
0.00097302021458745,0.5014277100563049,-0.0035293232649564743
0.0009401789866387844,0.5014276504516602,-0.0035009104758501053
0.0009931805543601513,0.5014139413833618,-0.003419032320380211
0.0010211882181465626,0.5014104843139648,-0.0033717909827828407
0.0010683471336960793,0.5014216899871826,-0.003345465287566185
0.001081057358533144,0.5013942122459412,-0.0033602481707930565
0.0010840706527233124,0.5013887882232666,-0.0033220024779438972
0.0010634935460984707,0.501395583152771,-0.0032832296565175056
0.001077988650649786,0.5014024376869202,-0.0032708607614040375
0.0011227955110371113,0.5014039278030396,-0.003270852379500866
0.0011063525453209877,0.5014068484306335,-0.003272516652941704
0.001059969887137413,0.5014309883117676,-0.0032850252464413643
0.00101484265178442,0.501416802406311,-0.003344619646668434
0.0009690984152257442,0.5014171004295349,-0.003417949192225933
0.0009615314193069935,0.5013989806175232,-0.0035017719492316246
0.0009258892387151718,0.5013880133628845,-0.0035641230642795563
0.0009757336229085922,0.5013664364814758,-0.0035224035382270813
0.0010752337984740734,0.5013956427574158,-0.0033934460952878
0.0011781901121139526,0.5014230608940125,-0.003292035311460495
0.0012444020248949528,0.501376211643219,-0.0031907325610518456
0.0011688456870615482,0.5014408826828003,-0.0031560054048895836
0.0010623638518154621,0.5014486312866211,-0.003224707208573818
0.0010896497406065464,0.5014424920082092,-0.003304930403828621
0.0010369201190769672,0.50145024061203,-0.0033290889114141464
0.0009535308927297592,0.5014639496803284,-0.003521212376654148
0.0009309756569564342,0.5014340877532959,-0.0037016067653894424
0.0008644615299999714,0.5014325380325317,-0.003715094178915024
0.0008397158235311508,0.5014659762382507,-0.003733312711119652
0.0009118914604187012,0.501423180103302,-0.003697909414768219
0.0009698499925434589,0.5013831257820129,-0.003656255081295967
0.0009095743298530579,0.5013936758041382,-0.003590044565498829
0.0008842833340167999,0.5014285445213318,-0.003574080765247345
0.0008655451238155365,0.5014163255691528,-0.0035282690078020096
0.0009128446690738201,0.5013884902000427,-0.0035061417147517204
0.0009456528350710869,0.5014168620109558,-0.0034802965819835663
0.0009771492332220078,0.5014787316322327,-0.00343264639377594
0.000969995278865099,0.5014634132385254,-0.0033983998000621796
0.0009679514914751053,0.5014345645904541,-0.0034390008077025414
0.0009234682656824589,0.5013933777809143,-0.003582051955163479
0.000862091314047575,0.5013860464096069,-0.0037559010088443756
0.0008585336618125439,0.5014010667800903,-0.0038493024185299873
0.0007675886154174805,0.5014507174491882,-0.0038724765181541443
0.00071767158806324,0.5014120936393738,-0.0038528088480234146
0.0007269131019711494,0.5014007091522217,-0.0037601981312036514
0.0007891240529716015,0.5014104843139648,-0.003707476891577244
0.0008613327518105507,0.50138258934021,-0.0036443397402763367
0.0010404232889413834,0.5014166831970215,-0.0034927725791931152
0.0010546762496232986,0.5014680027961731,-0.00344204343855381
0.0010028118267655373,0.5014359354972839,-0.003572189249098301
0.0010152864269912243,0.5013677477836609,-0.0037012994289398193
0.0008898614905774593,0.5013778805732727,-0.003722953610122204
0.0008639274165034294,0.5013964772224426,-0.0035911528393626213
0.0010257619433104992,0.5013840794563293,-0.0035390593111515045
0.0011419923976063728,0.5013651847839355,-0.003507036715745926
0.0011927904561161995,0.501380205154419,-0.0033215200528502464
0.0012759566307067871,0.5014477968215942,-0.0031323572620749474
0.0013736519031226635,0.5013822913169861,-0.003003551624715328
0.0013089519925415516,0.501395583152771,-0.0028875553980469704
0.001326482743024826,0.5014436841011047,-0.0028761671856045723
0.0011817715130746365,0.5013548731803894,-0.0030869385227560997
0.0012392271310091019,0.5013103485107422,-0.0031908033415675163
0.0011131847277283669,0.50142902135849,-0.0033679241314530373
0.0010113273747265339,0.5014506578445435,-0.0034114569425582886
0.0010291924700140953,0.5014508962631226,-0.0034643197432160378
0.0010157786309719086,0.501404345035553,-0.0035044215619564056
0.0010589146986603737,0.5014322400093079,-0.0035897288471460342
0.0009576878510415554,0.5014354586601257,-0.00353225227445364
0.0009771324694156647,0.501397967338562,-0.0035788146778941154
0.0008917544037103653,0.5014095306396484,-0.0037301145493984222
0.0008150259964168072,0.5013955235481262,-0.003855244256556034
0.0007654894143342972,0.5014312267303467,-0.003935212269425392
0.0007388615049421787,0.501409113407135,-0.0038685789331793785
0.0008188639767467976,0.5014176964759827,-0.0037969350814819336
0.000815369188785553,0.5014638304710388,-0.0037920409813523293
0.0008538668043911457,0.5014390349388123,-0.0037944307550787926
0.0008565173484385014,0.5014572739601135,-0.003799906000494957
0.0008036713115870953,0.5014370679855347,-0.0038508623838424683
0.0007383311167359352,0.5014994740486145,-0.0038966089487075806
0.000730693805962801,0.5014755725860596,-0.003944190219044685
0.0006957929581403732,0.5014612078666687,-0.004016079939901829
0.0005944054573774338,0.501442015171051,-0.004071813076734543
0.0005138791166245937,0.5014525651931763,-0.004125247709453106
0.0004519270732998848,0.5014405846595764,-0.004122001118957996
0.0004977523349225521,0.5014364719390869,-0.004121892154216766
0.0005805180408060551,0.5014671683311462,-0.004137943498790264
0.0006153746508061886,0.5014410018920898,-0.004114439710974693
0.0007115239277482033,0.5014209151268005,-0.004112111404538155
0.0007370952516794205,0.5014164447784424,-0.004047594033181667
0.000732653308659792,0.5014266967773438,-0.003941414877772331
0.0007546842098236084,0.5014311671257019,-0.003936524502933025
0.0008524172008037567,0.5014222264289856,-0.0038703763857483864
0.0009107361547648907,0.5014563798904419,-0.0037292037159204483
0.0009006829932332039,0.5014491081237793,-0.0035948678851127625
0.0009159683249890804,0.5014485716819763,-0.003531702794134617
0.0009451364167034626,0.5014172196388245,-0.003511444665491581
0.0009997845627367496,0.5014231204986572,-0.0034927651286125183
0.001054741907864809,0.501444935798645,-0.003418615087866783
0.0011279177851974964,0.501452624797821,-0.0033470401540398598
0.0011501358821988106,0.5014403462409973,-0.0033250264823436737
0.0011515337973833084,0.5014250874519348,-0.0033078892156481743
0.0011399253271520138,0.5014398694038391,-0.0033278847113251686
0.0011311862617731094,0.5014342665672302,-0.0033396808430552483
0.0011375872418284416,0.5014411211013794,-0.003402070142328739
0.001145890448242426,0.5014245510101318,-0.0034810183569788933
0.0011497125960886478,0.5014407634735107,-0.0035722125321626663
0.0011105118319392204,0.5014432072639465,-0.003582797944545746
0.0010961424559354782,0.5014517307281494,-0.003527216613292694
0.001053839921951294,0.5014698505401611,-0.003477492369711399
0.0010215998627245426,0.5014535188674927,-0.0034957164898514748
0.0009594336152076721,0.5014344453811646,-0.0035720588639378548
0.0009024436585605145,0.5014616847038269,-0.00366062019020319
0.0008366159163415432,0.5014814138412476,-0.003740500658750534
0.000795458909124136,0.5014371871948242,-0.003846638835966587
0.0008130357600748539,0.5013936758041382,-0.003882182762026787
0.0008208677172660828,0.5014506578445435,-0.0038544833660125732
0.0007952572777867317,0.501491367816925,-0.0038757668808102608
0.0008702017366886139,0.501482367515564,-0.0037771835923194885
0.0008869930170476437,0.5015164017677307,-0.0037220055237412453
0.0008652592077851295,0.501502275466919,-0.0037636635825037956
0.0008235923014581203,0.5014768838882446,-0.003745589405298233
0.000744533259421587,0.5014520883560181,-0.003869307227432728
0.0006701112724840641,0.5014221668243408,-0.003995312377810478
0.0006806845776736736,0.5014582872390747,-0.003918763250112534
0.0006898222491145134,0.5014572143554688,-0.003914887085556984
0.0006532217375934124,0.5014581680297852,-0.003925741650164127
0.0007025082595646381,0.5014682412147522,-0.0038848286494612694
0.0007439209148287773,0.5014790296554565,-0.0038800761103630066
0.0007706563919782639,0.5014960765838623,-0.003831407055258751
0.000750906765460968,0.501460611820221,-0.0038435086607933044
0.0007110880687832832,0.5014458298683167,-0.003949407488107681
0.0006784442812204361,0.5014299154281616,-0.004092761315405369
0.0006084572523832321,0.5014424920082092,-0.004188141785562038
0.0005611013621091843,0.5014662146568298,-0.004161148332059383
0.0005632084794342518,0.5014668703079224,-0.004121812991797924
0.0005759773775935173,0.5014577507972717,-0.004102668724954128
0.0006188065744936466,0.5014669299125671,-0.004103273153305054
0.0006301673129200935,0.5014783143997192,-0.004099183715879917
0.0006307768635451794,0.501486599445343,-0.004035394638776779
0.0006473115645349026,0.5014670491218567,-0.003968114033341408
0.0006619710475206375,0.5014753937721252,-0.003907019272446632
0.0006814035587012768,0.5014696717262268,-0.003890806809067726
0.0006990167312324047,0.5014673471450806,-0.003912326879799366
0.000718533992767334,0.5014567971229553,-0.0038700466975569725
0.0007022577337920666,0.5014964938163757,-0.0038677435368299484
0.0007122093811631203,0.5014777183532715,-0.003900473937392235
0.0007922099903225899,0.5014360547065735,-0.003899150528013706
0.000885235145688057,0.5014616847038269,-0.003840669058263302
0.0009893705137073994,0.501468300819397,-0.0036845775321125984
0.001071167178452015,0.5014632344245911,-0.0035492023453116417
0.0010736226104199886,0.5014219284057617,-0.0034738462418317795
0.0010172254405915737,0.5014197826385498,-0.0035104891285300255
0.0009525138884782791,0.5014021992683411,-0.003527207300066948
0.0009307344444096088,0.5014445185661316,-0.0034980084747076035
0.0009365924634039402,0.5014470219612122,-0.003453594632446766
0.0009917709976434708,0.5014795660972595,-0.003369509242475033
0.0010740854777395725,0.501462996006012,-0.003335236571729183
0.0011103744618594646,0.5014440417289734,-0.0033243680372834206
0.0011277790181338787,0.5014176964759827,-0.003332938067615032
0.001081267837435007,0.5014267563819885,-0.0033740028738975525
0.0010779551230370998,0.5014321804046631,-0.0033724410459399223
0.0010600592941045761,0.5014523267745972,-0.003354044631123543
0.0010495525784790516,0.5014500617980957,-0.0033301711082458496
0.0010172408074140549,0.5014498829841614,-0.0033564921468496323
0.0009520282037556171,0.5014804601669312,-0.0034161508083343506
0.0008823159150779247,0.5014766454696655,-0.0034933798015117645
0.0008366103284060955,0.5014521479606628,-0.003564462997019291
0.0007857778109610081,0.501471757888794,-0.0036099301651120186
0.0007281131111085415,0.5014821290969849,-0.0036626094952225685
0.0006832745857536793,0.5014890432357788,-0.0036621447652578354
0.0006996742449700832,0.5014674067497253,-0.003671068698167801
0.0006857523694634438,0.5014508366584778,-0.003728163428604603
0.0007305196486413479,0.5014505982398987,-0.003705047070980072
0.0007495805621147156,0.5014843344688416,-0.003710196353495121
0.0007768189534544945,0.5014839768409729,-0.0037275878712534904
0.0007941429503262043,0.5014869570732117,-0.003716086968779564
0.0007653846405446529,0.5014825463294983,-0.003665824420750141
0.0007643215358257294,0.5014867782592773,-0.003619156777858734
0.0007574078626930714,0.5014864802360535,-0.003568056970834732
0.0007309941574931145,0.5014543533325195,-0.0036221835762262344
0.0007461048662662506,0.5014429092407227,-0.0037165284156799316
0.0007589892484247684,0.5014482736587524,-0.003769899718463421
0.0007577352225780487,0.5014600157737732,-0.0037863068282604218
0.0007682470604777336,0.5014512538909912,-0.003782757557928562
0.0007982109673321247,0.5014580488204956,-0.0037965476512908936
0.0007836408913135529,0.5014594793319702,-0.0037861578166484833
0.0007414952851831913,0.5014786720275879,-0.00380542129278183
0.0007420913316309452,0.5014267563819885,-0.003804398700594902
0.0007980316877365112,0.501433253288269,-0.0036967219784855843
0.0009068315848708153,0.5014238953590393,-0.0035099126398563385
0.001000255811959505,0.5014370083808899,-0.0034376932308077812
0.0010823938064277172,0.5014468431472778,-0.003438495099544525
0.0010803290642797947,0.5014240145683289,-0.0033964887261390686
0.0010789744555950165,0.5014152526855469,-0.0033711595460772514
0.0010447739623486996,0.501447319984436,-0.003398291766643524
0.000974784605205059,0.5014042258262634,-0.0034509580582380295
0.0009482563473284245,0.5013978481292725,-0.0034921113401651382
0.0009669186547398567,0.5014082193374634,-0.003490682691335678
0.0009548631496727467,0.5014181733131409,-0.0034942952916026115
0.0010791108943521976,0.5014214515686035,-0.0034157345071434975
0.001119361724704504,0.5013938546180725,-0.003266328014433384
0.001182828564196825,0.5013945698738098,-0.0031726406887173653
0.0012586847878992558,0.5014187693595886,-0.0031485548242926598
0.0011902167461812496,0.5014055371284485,-0.0031655002385377884
0.0011188304051756859,0.5014250874519348,-0.003238219767808914
0.001045451033860445,0.5014669895172119,-0.003291625529527664
0.0009945221245288849,0.5014618635177612,-0.0033460287377238274
0.0009410562925040722,0.5014203190803528,-0.003424578346312046
0.0009194985032081604,0.5014328360557556,-0.003439098596572876
0.0008901362307369709,0.5014715790748596,-0.003474730998277664
0.0009949603118002415,0.5014878511428833,-0.0034399591386318207
0.0011444496922194958,0.5014640688896179,-0.003419484943151474
0.0011403830721974373,0.5014625191688538,-0.0033727269619703293
0.0011155870743095875,0.5014589428901672,-0.0033706892281770706
0.0010514562018215656,0.5014950037002563,-0.0033867917954921722
0.0010252902284264565,0.501470148563385,-0.0033789165318012238
0.0010630176402628422,0.5014663338661194,-0.0033990442752838135
0.0011097057722508907,0.501469612121582,-0.0034173550084233284
0.0010310686193406582,0.5015062689781189,-0.003481762483716011
0.0009376872330904007,0.5014683604240417,-0.0036088600754737854
0.0008913078345358372,0.5014251470565796,-0.00369336549192667
0.0008359081111848354,0.5014498829841614,-0.0036747679114341736
0.0008155754767358303,0.5014547109603882,-0.0036270832642912865
0.000880084466189146,0.5014498233795166,-0.0035797040909528732
0.0008968659676611423,0.501461386680603,-0.00356981810182333
0.0009093019179999828,0.5014692544937134,-0.0035662278532981873
0.0009068381041288376,0.5014336705207825,-0.0035598967224359512
0.0009088711813092232,0.5014356374740601,-0.003590945154428482
0.0008997637778520584,0.5014111399650574,-0.0036554234102368355
0.0008944119326770306,0.5014597773551941,-0.0036378614604473114
0.0009317691437900066,0.5014738440513611,-0.0036027133464813232
0.0009243851527571678,0.5014348030090332,-0.0035913260653615
0.0009459108114242554,0.5013942122459412,-0.003581816330552101
0.0009104721248149872,0.5013868808746338,-0.003635224886238575
0.0009281802922487259,0.5014083385467529,-0.003580871969461441
0.0009815297089517117,0.5014164447784424,-0.0034860027953982353
0.0010433066636323929,0.5014237761497498,-0.003414175473153591
0.0010623745620250702,0.5014270544052124,-0.003382554277777672
0.001046131830662489,0.5014123916625977,-0.003437720239162445
0.0010330532677471638,0.501422107219696,-0.003516518510878086
0.0009794323705136776,0.5014274716377258,-0.003560519777238369
0.0009325891733169556,0.501444935798645,-0.0035829218104481697
0.0008838246576488018,0.5014523863792419,-0.0035914070904254913
0.0008384967222809792,0.5014452934265137,-0.0036320285871624947
0.0008027823641896248,0.5014299750328064,-0.0036531323567032814
0.0008052000775933266,0.5014145970344543,-0.003633362241089344
0.0008451938629150391,0.5014793872833252,-0.0036070561036467552
0.0008994629606604576,0.5014756321907043,-0.0035244496539235115
0.0009329649619758129,0.5014486312866211,-0.003452695906162262
0.0009613647125661373,0.5014229416847229,-0.0034102778881788254
0.001021839678287506,0.501425564289093,-0.0033906204625964165
0.0010182051919400692,0.5014645457267761,-0.0033528758212924004
0.0010039503686130047,0.5014751553535461,-0.0033619552850723267
0.0009764693677425385,0.5014505982398987,-0.003446929156780243
0.0009051552042365074,0.5014264583587646,-0.003609033301472664
0.0008196458220481873,0.5014785528182983,-0.0037482259795069695
0.0007391120307147503,0.5014808773994446,-0.0038210535421967506
0.000712687149643898,0.5014533996582031,-0.0038787489756941795
0.0007190513424575329,0.5014708638191223,-0.003867438994348049
0.0006596837192773819,0.5015025734901428,-0.003915997222065926
0.0006856368854641914,0.5014441609382629,-0.003975349478423595
0.0007790648378431797,0.5014586448669434,-0.0038925018161535263
0.0007668565958738327,0.5014817118644714,-0.0038298843428492546
0.0007875491864979267,0.5014737248420715,-0.003750178962945938
0.0009045889601111412,0.5014657974243164,-0.0036297375336289406
0.00088095897808671,0.5015058517456055,-0.0036026909947395325
0.0008997735567390919,0.5014978051185608,-0.0035759136080741882
0.0009166300296783447,0.5014707446098328,-0.0035558445379137993
0.0008978759869933128,0.5014837980270386,-0.0035421960055828094
0.0009045111946761608,0.5014949440956116,-0.003549574874341488
0.000895282719284296,0.5014920234680176,-0.003533443436026573
0.0009053251706063747,0.5014658570289612,-0.0035019908100366592
0.0009078006260097027,0.5014223456382751,-0.00358465313911438
0.0009444989264011383,0.501445472240448,-0.003569282591342926
0.0009899125434458256,0.5014758110046387,-0.0034673353657126427
0.0009747571311891079,0.5014753341674805,-0.003374735824763775
0.0009497916325926781,0.5014492869377136,-0.0033423732966184616
0.0009319274686276913,0.501453697681427,-0.003392578102648258
0.0009239194914698601,0.5014683604240417,-0.0034323446452617645
0.000942606944590807,0.5014207363128662,-0.0034227240830659866
0.0010110908187925816,0.5014166235923767,-0.003428485244512558
0.0009884927421808243,0.5014594197273254,-0.0034228507429361343
0.0009889374487102032,0.5014436841011047,-0.003415187820792198
0.0009608441032469273,0.5014467239379883,-0.0034322934225201607
0.000986004713922739,0.5014311671257019,-0.0035032210871577263
0.0008775950409471989,0.5014514923095703,-0.003622615709900856
0.0007425034418702126,0.5014702081680298,-0.0036879386752843857
0.0006675249896943569,0.5014691352844238,-0.0038321679458022118
0.0005790544673800468,0.5014486908912659,-0.0039482638239860535
0.0005452889017760754,0.5014216899871826,-0.004070731811225414
0.0005936301313340664,0.5014280676841736,-0.0040845973417162895
0.000664843712002039,0.5014355778694153,-0.004024655558168888
0.0006578993052244186,0.5014082789421082,-0.004011775366961956
0.0006686863489449024,0.5013846755027771,-0.003998328000307083
0.0006723147816956043,0.5014693737030029,-0.003976387903094292
0.0006432803347706795,0.5014883875846863,-0.0038367193192243576
0.000646193977445364,0.5015265345573425,-0.0037066610530018806
0.0007661241106688976,0.5014360547065735,-0.0037097185850143433
0.0007893727160990238,0.5013866424560547,-0.0037810634821653366
0.0008789529092609882,0.5014500021934509,-0.0037452122196555138
0.000840239692479372,0.5014773607254028,-0.0035699140280485153
0.0008752518333494663,0.5014753341674805,-0.0034296661615371704
0.000874366145581007,0.5014622211456299,-0.0033236201852560043
0.0009109745733439922,0.5013885498046875,-0.003302597440779209
0.000911561306566,0.5013682246208191,-0.0034726783633232117
0.0007837302982807159,0.5013660788536072,-0.003636486828327179
0.0007485994137823582,0.5014285445213318,-0.0036518769338726997
0.0007711215876042843,0.5014427304267883,-0.0036189062520861626
0.000803033821284771,0.5014173984527588,-0.0035851355642080307
0.0009113200940191746,0.5014412999153137,-0.0035294052213430405
0.0008073318749666214,0.50150066614151,-0.0035261521115899086
0.0006704144179821014,0.5015127658843994,-0.003682853654026985
0.0006046178750693798,0.5015016794204712,-0.00390457920730114
0.000460941344499588,0.50147944688797,-0.004173491150140762
0.0002603749744594097,0.5014931559562683,-0.004447948187589645
0.0001926785334944725,0.5014961361885071,-0.004488554783165455
0.0001252288930118084,0.5015115141868591,-0.004557246342301369
9.402725845575333e-05,0.5015078186988831,-0.0046889930963516235
3.34116630256176e-05,0.5014793872833252,-0.004775676876306534
-1.2505799531936646e-05,0.5014709830284119,-0.004812412895262241
-7.329974323511124e-06,0.501491904258728,-0.004804418422281742
6.340863183140755e-05,0.501496434211731,-0.004824398085474968
0.0001677623949944973,0.5014578700065613,-0.004853690043091774
0.0002530808560550213,0.5014498233795166,-0.0048014018684625626
0.0003440822474658489,0.5014999508857727,-0.004671010188758373
0.0004736287519335747,0.5014788508415222,-0.004425233229994774
0.0005222512409090996,0.5014691948890686,-0.004271895624697208
0.00045828521251678467,0.5014536380767822,-0.00417669489979744
0.0003759157843887806,0.5014228224754333,-0.004231303930282593
0.00037162238731980324,0.5014230012893677,-0.004219513386487961
0.00047058239579200745,0.5014607906341553,-0.004208080470561981
0.0006339643150568008,0.5014593005180359,-0.004101390950381756
0.0007498669438064098,0.5014727115631104,-0.003953194245696068
0.0007889647968113422,0.501474916934967,-0.003847789019346237
0.0008275005966424942,0.5014721751213074,-0.0037776827812194824
0.0008591026999056339,0.5014660358428955,-0.0037233904004096985
0.0008882945403456688,0.5014632344245911,-0.003679129295051098
0.0009100250899791718,0.5014525055885315,-0.003665856085717678
0.000928832683712244,0.501419723033905,-0.003653962165117264
0.0009660348296165466,0.5014360547065735,-0.003614700399339199
0.0010027321986854076,0.5014552474021912,-0.003565065562725067
0.00103415222838521,0.5014451146125793,-0.0035395370796322823
0.0010270536877214909,0.5014646649360657,-0.003551744855940342
0.0009742206893861294,0.5014123320579529,-0.0036355331540107727
0.0009412146173417568,0.5013799071311951,-0.0036516785621643066
0.0009502735920250416,0.5014384984970093,-0.0036276457831263542
0.0009636864997446537,0.501399576663971,-0.0036045387387275696
0.0010682870633900166,0.5014132857322693,-0.003509294241666794
0.0011418829672038555,0.5014204382896423,-0.0034441566094756126
0.001176527701318264,0.5014622807502747,-0.0034095440059900284
0.0012562219053506851,0.5014088153839111,-0.0033093011006712914
0.0012605939991772175,0.5014328360557556,-0.0032952120527625084
0.001283555757254362,0.5014395713806152,-0.0032276026904582977
0.0012798788957297802,0.5014539957046509,-0.0031963055953383446
0.0012718173675239086,0.501437246799469,-0.003217252902686596
0.0012598615139722824,0.5014126896858215,-0.003306906670331955
0.00121691869571805,0.5014057159423828,-0.0033469945192337036
0.001194159034639597,0.5014093518257141,-0.003397788852453232
0.0012403279542922974,0.5014411211013794,-0.0033493591472506523
0.0012736362405121326,0.5014800429344177,-0.0032705189660191536
0.0013048946857452393,0.5014812350273132,-0.003211342729628086
0.0012769745662808418,0.5014605522155762,-0.003205946646630764
0.0011877967044711113,0.5014744997024536,-0.0033058393746614456
0.0011398401111364365,0.5014838576316833,-0.003315902315080166
0.0011322102509438992,0.5014828443527222,-0.003304612822830677
0.001152964774519205,0.5014519691467285,-0.0032885484397411346
0.0012082909233868122,0.5014482140541077,-0.0032556485384702682
0.0012183254584670067,0.5014834403991699,-0.0032524652779102325
0.0012637968175113201,0.5014652609825134,-0.003243488259613514
0.001331681851297617,0.501457929611206,-0.0031790398061275482
0.001265904400497675,0.501467764377594,-0.0031966296955943108
0.0012462330050766468,0.5014523863792419,-0.0032695773988962173
0.001245210412889719,0.501447856426239,-0.0033051948994398117
0.001204601489007473,0.5014738440513611,-0.0032886601984500885
0.00120086083188653,0.5014817714691162,-0.003313116729259491
0.001183678861707449,0.5014566779136658,-0.0033461889252066612
0.0011372994631528854,0.5014351010322571,-0.0033774273470044136
0.0010810242965817451,0.5014355182647705,-0.003430216573178768
0.0010694442316889763,0.5014418959617615,-0.0034365737810730934
0.0010704142041504383,0.5014532804489136,-0.0033887261524796486
0.001060653943568468,0.5014668107032776,-0.003349260427057743
0.0010633938945829868,0.5014680027961731,-0.003347420133650303
0.0010598027147352695,0.501487672328949,-0.003361179493367672
0.0010525616817176342,0.5014745593070984,-0.003410065546631813
0.0010232129134237766,0.5014582872390747,-0.003448852337896824
0.0009811921045184135,0.5014343857765198,-0.003493664786219597
0.0009498526342213154,0.5014608502388,-0.0035122111439704895
0.0009768474847078323,0.5014476776123047,-0.0034855129197239876
0.0010053724981844425,0.5014529228210449,-0.003445458598434925
0.001068746205419302,0.5014213919639587,-0.0034056054428219795
0.0010818708688020706,0.5014565587043762,-0.003351188264787197
0.0011001769453287125,0.5014548301696777,-0.0032880622893571854
0.0010497812181711197,0.5014155507087708,-0.003298862837255001
0.0010647340677678585,0.5013960599899292,-0.00324300117790699
0.0011009881272912025,0.5014314651489258,-0.0032661547884345055
0.0010982607491314411,0.5013744831085205,-0.0033343182876706123
0.0011345017701387405,0.501376211643219,-0.0034654559567570686
0.0011147968471050262,0.5013946294784546,-0.0034251827746629715
0.0011254874989390373,0.5014254450798035,-0.003397190012037754
0.001155029982328415,0.5014200210571289,-0.0033600041642785072
0.0012203603982925415,0.5014252066612244,-0.003315418027341366
0.0012002061121165752,0.5014286041259766,-0.003257150761783123
0.001157343853265047,0.501443088054657,-0.0031649312004446983
0.0011070957407355309,0.5014292597770691,-0.0031768372282385826
0.0010323487222194672,0.5013967156410217,-0.0031994711607694626
0.0009777816012501717,0.5014685988426208,-0.0032033221796154976
0.0008679023012518883,0.5014212727546692,-0.0034126341342926025
0.0008541792631149292,0.5013414621353149,-0.003595694899559021
0.0008600889705121517,0.5014300346374512,-0.0035721277818083763
0.0007391106337308884,0.5014652609825134,-0.003553265705704689
0.0008111195638775826,0.5014412999153137,-0.003457835875451565
0.0008912929333746433,0.501433253288269,-0.0034032240509986877
0.000785063486546278,0.5014820098876953,-0.003522011451423168
0.0005966085009276867,0.5014216899871826,-0.00368429534137249
0.000552828423678875,0.5013943314552307,-0.003973718732595444
0.0004554907791316509,0.5014608502388,-0.004099096171557903
0.00046080537140369415,0.5014877319335938,-0.004141688346862793
0.00048700813204050064,0.5015246868133545,-0.0041330475360155106
0.00043639587238430977,0.5014866590499878,-0.004070078022778034
0.00025895703583955765,0.5015052556991577,-0.004313749261200428
0.00010452605783939362,0.5014805197715759,-0.004513050429522991
8.400436490774155e-05,0.5014281868934631,-0.004577380605041981
0.00012219836935400963,0.5015035271644592,-0.004618843086063862
0.00013667671009898186,0.5015086531639099,-0.004646151326596737
4.4947490096092224e-05,0.5014596581459045,-0.004744087345898151
-0.00015627359971404076,0.5014452338218689,-0.004827347584068775
-0.00028578005731105804,0.5014522075653076,-0.004784492775797844
-0.00027484865859150887,0.5014240145683289,-0.004770650528371334
-0.00014198524877429008,0.5014570951461792,-0.004855616018176079
-0.00014756759628653526,0.5015624761581421,-0.004886962473392487
-0.00019711535423994064,0.5015121102333069,-0.004973242059350014
-0.00028366874903440475,0.5014442801475525,-0.005142880603671074
-0.0002455618232488632,0.5014798641204834,-0.005228368565440178
-0.00018607079982757568,0.5015756487846375,-0.005224118009209633
-0.00010367808863520622,0.5015468001365662,-0.005053767003118992
3.94224189221859e-05,0.501579999923706,-0.004774043336510658
0.0001804400235414505,0.5015138983726501,-0.004653989337384701
5.3940340876579285e-05,0.5014986395835876,-0.004746953025460243
-5.370285362005234e-05,0.5014429688453674,-0.00480078998953104
5.905516445636749e-06,0.5015337467193604,-0.004913652315735817
3.3709220588207245e-05,0.5014438033103943,-0.005012683570384979
0.0001239832490682602,0.5014252662658691,-0.005133274011313915
0.00013320846483111382,0.5014978051185608,-0.0048396531492471695
0.00020970450714230537,0.5015475749969482,-0.004233609884977341
0.00016851862892508507,0.5015759468078613,-0.004177655093371868
0.0001291101798415184,0.5014963150024414,-0.0044378675520420074
0.0002443692646920681,0.5015006065368652,-0.004558798857033253
0.0003947182558476925,0.5014433860778809,-0.004467912949621677
0.0004494483582675457,0.5013805627822876,-0.004229151643812656
0.0005812393501400948,0.501422107219696,-0.004011753015220165
0.0007110950537025928,0.5014937520027161,-0.003907286562025547
0.0007291873916983604,0.5014418363571167,-0.003875359892845154
0.0006958735175430775,0.5014824271202087,-0.0038811732083559036
0.0006627398543059826,0.5015571713447571,-0.0038176430389285088
0.0006626625545322895,0.5015714168548584,-0.0037757521495223045
0.0007288525812327862,0.5015732049942017,-0.003717627376317978
0.0007245433516800404,0.5015433430671692,-0.003757718950510025
0.0006320434622466564,0.5015147924423218,-0.003911446779966354
0.0005798679776489735,0.5014675855636597,-0.004048408940434456
0.0005353954620659351,0.5014626383781433,-0.004137538373470306
0.0005522011779248714,0.501400887966156,-0.004095542244613171
0.0006913891993463039,0.5014208555221558,-0.003963555209338665
0.0007527400739490986,0.5014461278915405,-0.0038056811317801476
0.0007551801390945911,0.5014387369155884,-0.0036865193396806717
0.0008207350037992001,0.5014134645462036,-0.0036413846537470818
0.0007716971449553967,0.5014618635177612,-0.0036790044978260994
0.0007506804540753365,0.501430869102478,-0.0037953807041049004
0.0007718778215348721,0.5014232397079468,-0.003919956274330616
0.0007070312276482582,0.5014112591743469,-0.003970537334680557
0.0005990071222186089,0.5014251470565796,-0.004050251096487045
0.0006130235269665718,0.5014163851737976,-0.004059307277202606
0.0006103310734033585,0.5014138221740723,-0.004047609865665436
0.0006008236669003963,0.501415491104126,-0.004020102322101593
0.0006021368317306042,0.501430332660675,-0.003984345123171806
0.0006655934266746044,0.5013959407806396,-0.0039537036791443825
0.0007863976061344147,0.5014082789421082,-0.00390851404517889
0.0009141680784523487,0.5014463663101196,-0.0038292333483695984
0.0009603351354598999,0.5014727115631104,-0.003727101720869541
0.0009839870035648346,0.5014072060585022,-0.0037003904581069946
0.00096482178196311,0.5014228224754333,-0.003717211075127125
0.0009559663012623787,0.5014220476150513,-0.0037372279912233353
0.0009109401144087315,0.5014268755912781,-0.0037845950573682785
0.000899129081517458,0.5013964772224426,-0.00377487950026989
0.0008611287921667099,0.5013816952705383,-0.0037797559052705765
0.000934721902012825,0.5013841986656189,-0.0037371795624494553
0.00103296572342515,0.5014218091964722,-0.0036838725209236145
0.0011740406043827534,0.5014451146125793,-0.0035919835790991783
0.0012678462080657482,0.5014499425888062,-0.0035127997398376465
0.0012700469233095646,0.5014320015907288,-0.0034833746030926704
0.0012379763647913933,0.5014377236366272,-0.003496689721941948
0.0011544344015419483,0.5014544725418091,-0.0035650329664349556
0.0010531791485846043,0.5014575719833374,-0.0036446498706936836
0.001003734301775694,0.5014390349388123,-0.003715239465236664
0.0010046125389635563,0.5014398694038391,-0.003718193620443344
0.0010315668769180775,0.5014645457267761,-0.0036512939259409904
0.0010207989253103733,0.50149005651474,-0.003574295900762081
0.0010564043186604977,0.5014464855194092,-0.0034820595756173134
0.0010761427693068981,0.5014368295669556,-0.003434557467699051
0.001109129749238491,0.5014269948005676,-0.0034007197245955467
0.0011621401645243168,0.5014657378196716,-0.0033851973712444305
0.0011490043252706528,0.5014756917953491,-0.003357051871716976
0.0011401157826185226,0.5014408230781555,-0.003412475809454918
0.001156358513981104,0.5014274716377258,-0.003434855490922928
0.0011535021476447582,0.5014403462409973,-0.003444269299507141
0.0011514457874000072,0.5014540553092957,-0.0034425798803567886
0.001148659735918045,0.5014426708221436,-0.0034521054476499557
0.001110730692744255,0.5014430284500122,-0.0034936564043164253
0.0010715271346271038,0.50143963098526,-0.003541397862136364
0.0010308451019227505,0.5014655590057373,-0.003588791936635971
0.0010242294520139694,0.5014612674713135,-0.00369158573448658
0.0010237428359687328,0.5014739632606506,-0.0037494031712412834
0.0009963754564523697,0.5015056729316711,-0.003781372681260109
0.0009542778134346008,0.5014621019363403,-0.00383060984313488
0.0009807995520532131,0.5014188289642334,-0.0038079023361206055
0.0009993202984333038,0.5014408826828003,-0.003786765970289707
0.001053670421242714,0.5014715790748596,-0.0036968188360333443
0.001148089300841093,0.5014534592628479,-0.003596637398004532
0.0011608554050326347,0.5014675855636597,-0.0035772817209362984
0.001061812974512577,0.5014529228210449,-0.00354720838367939
0.0009907172061502934,0.501465916633606,-0.0036009494215250015
0.0009867898188531399,0.5014738440513611,-0.003658848814666271
0.001032416708767414,0.5015026330947876,-0.003700312227010727
0.0009730164892971516,0.5014534592628479,-0.0037759458646178246
0.0009394721128046513,0.5014740824699402,-0.0038122357800602913
0.0008949460461735725,0.5014815330505371,-0.003838692791759968
0.0008105915039777756,0.5014601945877075,-0.003809414803981781
0.0008646450005471706,0.501485288143158,-0.0037606777623295784
0.0007911156862974167,0.5015016198158264,-0.0037500057369470596
0.0007273550145328045,0.5015005469322205,-0.003851521760225296
0.0007718522101640701,0.5014622807502747,-0.003901580348610878
0.0008307565003633499,0.5014482140541077,-0.0038740169256925583
0.0008868160657584667,0.5014324188232422,-0.003752126358449459
0.0009360285475850105,0.5014581084251404,-0.003662850707769394
0.000929682981222868,0.5014726519584656,-0.003587392158806324
0.0009447745978832245,0.501506507396698,-0.003506440669298172
0.000944141298532486,0.5015339851379395,-0.003584939055144787
0.0009388062171638012,0.501502275466919,-0.0037253042683005333
0.0009466707706451416,0.501470148563385,-0.003825295716524124
0.0009784945286810398,0.5014818906784058,-0.0037993984296917915
0.0009870566427707672,0.5014467835426331,-0.0036294953897595406
0.0009483885951340199,0.5015273094177246,-0.0034920424222946167
0.0010499684140086174,0.5014503002166748,-0.003478752449154854
0.0011421069502830505,0.5014337301254272,-0.0035645291209220886
0.0011770795099437237,0.5013980269432068,-0.003401808440685272
0.0010997559875249863,0.5014392733573914,-0.003276243805885315
0.001164752058684826,0.5013846755027771,-0.0031857797876000404
0.0013005482032895088,0.5013065338134766,-0.003127296455204487
0.00134656997397542,0.501417338848114,-0.003184218890964985
0.0012476006522774696,0.5015259385108948,-0.0031874598935246468
0.0011062598787248135,0.5015264749526978,-0.003131573088467121
0.0010390086099505424,0.5014654397964478,-0.0031430544331669807
0.0009194947779178619,0.501401960849762,-0.0033432189375162125
0.0008871122263371944,0.5014081597328186,-0.003503665328025818
0.000955535564571619,0.5014495849609375,-0.0035668350756168365
0.0009449147619307041,0.5014931559562683,-0.0036208098754286766
0.0009329719468951225,0.5014680624008179,-0.0036255698651075363
0.0008835000917315483,0.5014362931251526,-0.0037126950919628143
0.0008516306988894939,0.5013673901557922,-0.0037476401776075363
0.0008319155313074589,0.5013782978057861,-0.0036683911457657814
0.0008230973035097122,0.5014252662658691,-0.003524530678987503
0.0009113522246479988,0.5013843774795532,-0.0035117408260703087
0.0009435112588107586,0.5013909339904785,-0.0035101715475320816
0.0008882950060069561,0.5014731884002686,-0.0035869190469384193
0.0007962188683450222,0.5014866590499878,-0.003552507609128952
0.0008020983077585697,0.5014962553977966,-0.00352321844547987
0.0007231826893985271,0.5014747381210327,-0.00350075401365757
0.0006567393429577351,0.501451849937439,-0.003558419644832611
0.000602230429649353,0.5014544129371643,-0.0036648279055953026
0.0004888200201094151,0.5014496445655823,-0.0037382515147328377
0.0004774760454893112,0.5014466047286987,-0.003797154873609543
0.0004794555716216564,0.5014643669128418,-0.003932291641831398
0.0004801875911653042,0.5014286637306213,-0.00413866713643074
0.00042002834379673004,0.5014177560806274,-0.004224037751555443
0.0003853142261505127,0.5014354586601257,-0.004171676002442837
0.00042074453085660934,0.501449465751648,-0.004054768942296505
0.0004954533651471138,0.5014342665672302,-0.003997856751084328
0.0005594268441200256,0.5014219284057617,-0.0039658984169363976
0.0006126398220658302,0.5014334917068481,-0.003990226425230503
0.0006245770491659641,0.50141441822052,-0.004014579579234123
0.0007312977686524391,0.5013789534568787,-0.003937782719731331
0.000838959589600563,0.5013759136199951,-0.0038325637578964233
0.000910244882106781,0.5013911724090576,-0.003673408180475235
0.0010355813428759575,0.50140380859375,-0.003562517464160919
0.0011004246771335602,0.5014104843139648,-0.0035408008843660355
0.00099520618095994,0.5014505982398987,-0.0036469679325819016
0.0009118542075157166,0.501441240310669,-0.0037791961804032326
0.0009015202522277832,0.5014138221740723,-0.003972037695348263
0.0009258300997316837,0.5013508796691895,-0.004164627753198147
0.0009738840162754059,0.5013900995254517,-0.004124034196138382
0.0010361750610172749,0.5014289021492004,-0.0039923181757330894
0.0011283946223556995,0.5014719367027283,-0.0037594949826598167
0.001202831044793129,0.5014428496360779,-0.0035116802901029587
0.0012255655601620674,0.501438319683075,-0.0034606987610459328
0.0011861738748848438,0.5014163255691528,-0.0034554386511445045
0.0011132569052278996,0.5014179944992065,-0.0035171648487448692
0.0009712176397442818,0.5014310479164124,-0.003585650585591793
0.0008687335066497326,0.5014356970787048,-0.0036588478833436966
0.0008687814697623253,0.5014221668243408,-0.0036933990195393562
0.0008726189844310284,0.501447856426239,-0.003703163005411625
0.0008381828665733337,0.5014904737472534,-0.0037561077624559402
0.0007947077974677086,0.5014646649360657,-0.0038198139518499374
0.0007909913547337055,0.5014020800590515,-0.003870660439133644
0.0008019064553081989,0.5014365315437317,-0.0037733688950538635
0.0008731475099921227,0.501462996006012,-0.0035931505262851715
0.0009321733377873898,0.5014789700508118,-0.0034256866201758385
0.0010164515115320683,0.5014424920082092,-0.0033474797382950783
0.0010188701562583447,0.5014342069625854,-0.003449886105954647
0.0009995577856898308,0.5014479160308838,-0.003555072471499443
0.0009349421598017216,0.5015047192573547,-0.003657831810414791
0.0008546048775315285,0.5014610290527344,-0.003738299012184143
0.0008107959292829037,0.5014302730560303,-0.0038278624415397644
0.0007606726139783859,0.5014333128929138,-0.0038515720516443253
0.0007195514626801014,0.5014739036560059,-0.0037964079529047012
0.0007246625609695911,0.5014673471450806,-0.003700869157910347
0.0007501696236431599,0.501437783241272,-0.003607889637351036
0.000748299527913332,0.5014311075210571,-0.0036464082077145576
0.0007337667047977448,0.5014182925224304,-0.00367866363376379
0.000749676488339901,0.5014037489891052,-0.0036998912692070007
0.0007765810005366802,0.5014076828956604,-0.003727576695382595
0.000809322576969862,0.5014377236366272,-0.003682045266032219
0.0008360603824257851,0.5014548301696777,-0.0036205612123012543
0.0008272049017250538,0.5014238357543945,-0.003602413460612297
0.0008597131818532944,0.501427948474884,-0.0036227181553840637
0.0008337381295859814,0.5014813542366028,-0.003666449338197708
0.000813895370811224,0.5014768242835999,-0.00372167956084013
0.0007987096905708313,0.5014578104019165,-0.0038222642615437508
0.0007107220590114594,0.501450777053833,-0.0038990825414657593
0.0006381748244166374,0.5014598369598389,-0.003986207768321037
0.0006287167780101299,0.5014665722846985,-0.0040379418060183525
0.0006781811825931072,0.501469075679779,-0.003971917554736137
0.0007658777758479118,0.5014950037002563,-0.0038498062640428543
0.0008208625949919224,0.501504123210907,-0.0037261024117469788
0.0008712238632142544,0.5014814138412476,-0.00362370815128088
0.0009024264290928841,0.5014507174491882,-0.0036363061517477036
0.0009275018237531185,0.5014427304267883,-0.0036394326016306877
0.0009597055613994598,0.5014658570289612,-0.0035719526931643486
0.0009399638511240482,0.5015076994895935,-0.003536021336913109
0.0008948491886258125,0.5015125274658203,-0.0035418160259723663
0.000902300700545311,0.5014747977256775,-0.0035883765667676926
0.00086258165538311,0.5014392137527466,-0.003653569146990776
0.0009056893177330494,0.5014420747756958,-0.0036302264779806137
0.0009343619458377361,0.5014838576316833,-0.0035887565463781357
0.0008972357027232647,0.5014897584915161,-0.003577057272195816
0.0009107198566198349,0.5014519095420837,-0.003644287586212158
0.0008363761007785797,0.5014972686767578,-0.0036849910393357277
0.0007705311290919781,0.501466691493988,-0.003761385567486286
0.0007699779234826565,0.5014592409133911,-0.003790878690779209
0.0007730633951723576,0.501413106918335,-0.0037361299619078636
0.0007876651361584663,0.5014142394065857,-0.0037921788170933723
0.000903645996004343,0.5014404058456421,-0.0036521349102258682
0.0009449692443013191,0.5015057325363159,-0.0035018501803278923
0.0008333004079759121,0.5014917850494385,-0.0035867514088749886
0.0007619638927280903,0.5014460682868958,-0.0036725327372550964
0.0006554746069014072,0.5013834834098816,-0.003758879378437996
0.0005257725715637207,0.5014434456825256,-0.0037133730947971344
0.0005736937746405602,0.501516580581665,-0.0036292411386966705
0.0005874703638255596,0.5014488101005554,-0.0038253935053944588
0.000501672737300396,0.5013865828514099,-0.004083095118403435
0.0003238813951611519,0.5013707280158997,-0.004277773201465607
0.00018265144899487495,0.5014739036560059,-0.004326595924794674
0.00022357795387506485,0.5014790892601013,-0.004221111536026001
0.0003406163305044174,0.5014661550521851,-0.0042157890275120735
0.00048540765419602394,0.501501739025116,-0.004222657531499863
0.0004855548031628132,0.5014968514442444,-0.004212087020277977
0.00048212893307209015,0.501354992389679,-0.004307739436626434
0.00044102128595113754,0.5013859868049622,-0.0042404551059007645
0.0003214818425476551,0.5014998316764832,-0.004149084910750389
0.0002258196473121643,0.5014727115631104,-0.00424732081592083
0.0003256616182625294,0.5013335943222046,-0.0044347504153847694
0.00031035812571644783,0.5012210011482239,-0.00457400269806385
0.0003309175372123718,0.501333475112915,-0.0043420493602752686
0.0006003067828714848,0.5013695359230042,-0.004023466259241104
0.0008426867425441742,0.5013449788093567,-0.0037779835984110832
0.0010711229406297207,0.5013535022735596,-0.0038077570497989655
0.0010241763666272163,0.5013930797576904,-0.003910597413778305
0.0010452978312969208,0.5013588070869446,-0.0038386043161153793
0.0011660601012408733,0.5013524889945984,-0.003606795333325863
0.001206547487527132,0.501436710357666,-0.003363511525094509
0.0010403580963611603,0.5013917088508606,-0.0032860618084669113
0.0009497832506895065,0.5014027953147888,-0.003630169667303562
0.0007676202803850174,0.501469075679779,-0.004032609984278679
0.0006173541769385338,0.5014720559120178,-0.004202045500278473
0.0005305861122906208,0.501423180103302,-0.0042145512998104095
0.0006105941720306873,0.5013874173164368,-0.004185397177934647
0.000799042172729969,0.5014324188232422,-0.003907479345798492
0.0009785746224224567,0.5014557838439941,-0.003555774688720703
0.0010500652715563774,0.5014939904212952,-0.0033738529309630394
0.001033115666359663,0.5014739036560059,-0.0034066885709762573
0.0009742281399667263,0.501459538936615,-0.0036879200488328934
0.0009286464191973209,0.5014170408248901,-0.003809988498687744
0.0008545382879674435,0.5014132857322693,-0.0038154087960720062
0.0008202078752219677,0.501400351524353,-0.003752300515770912
0.000864299014210701,0.5014066696166992,-0.0037520425394177437
0.0008524563163518906,0.5014195442199707,-0.003715183585882187
0.0008775424212217331,0.5014345049858093,-0.003659701906144619
0.0008707358501851559,0.5014629364013672,-0.003646206110715866
0.0008995244279503822,0.5014906525611877,-0.003643745556473732
0.000868355855345726,0.5015068650245667,-0.00363293569535017
0.0007921694777905941,0.5015008449554443,-0.003663100302219391
0.0006845742464065552,0.5014848113059998,-0.0037920167669653893
0.0005880771204829216,0.5014958381652832,-0.003926733508706093
0.0005668024532496929,0.501486599445343,-0.004007356241345406
0.0005558915436267853,0.5015174150466919,-0.004029386676847935
0.0005824626423418522,0.5015028715133667,-0.004007583484053612
0.0006228424608707428,0.5014618635177612,-0.003950115293264389
0.0007102456875145435,0.5014448165893555,-0.003859281539916992
0.0007569440640509129,0.5014724135398865,-0.003746258094906807
0.00085093779489398,0.5014304518699646,-0.003633304499089718
0.0010525318793952465,0.5014397501945496,-0.003538435325026512
0.0011540553532540798,0.5014708042144775,-0.003380824811756611
0.0011838385835289955,0.5015113949775696,-0.0032509341835975647
0.0011805268004536629,0.5014562010765076,-0.0031526992097496986
0.0011208830401301384,0.5014288425445557,-0.003204825334250927
0.0010433434508740902,0.5013884902000427,-0.003427170217037201
0.000920554157346487,0.5013938546180725,-0.0036253854632377625
0.0009058746509253979,0.5013778805732727,-0.0036610206589102745
0.0008824295364320278,0.5013881325721741,-0.003664359450340271
0.0008907560259103775,0.5014360547065735,-0.003642413765192032
0.0008590379729866982,0.5014949440956116,-0.0036603612825274467
0.0008015371859073639,0.5014528632164001,-0.0036915242671966553
0.0007528583519160748,0.5014062523841858,-0.003799566999077797
0.0006884662434458733,0.5014047026634216,-0.0037711020559072495
0.0007406985387206078,0.501432478427887,-0.00356171652674675
0.0008826102130115032,0.5014161467552185,-0.003362840972840786
0.0010509458370506763,0.5014119744300842,-0.003159540705382824
0.0010963035747408867,0.501398503780365,-0.0031411554664373398
0.0010541025549173355,0.501386284828186,-0.0033857449889183044
0.0010273014195263386,0.5014079809188843,-0.0035752709954977036
0.0009571663103997707,0.5014411211013794,-0.0037424908950924873
0.0009817020036280155,0.5014463067054749,-0.0037090126425027847
0.0010693208314478397,0.5014147758483887,-0.003641020506620407
0.0010341517627239227,0.5014245510101318,-0.003606393001973629
0.0010586660355329514,0.5014261603355408,-0.0035874340683221817
0.001039752271026373,0.5014156699180603,-0.003550245426595211
0.0010452931746840477,0.5014271140098572,-0.003490367904305458
0.0010979198850691319,0.5014313459396362,-0.0033902768045663834
0.001163514330983162,0.5013834238052368,-0.0032963231205940247
0.0012462050653994083,0.5014154314994812,-0.003370465710759163
0.0012860195711255074,0.5013877153396606,-0.0034243986010551453
0.001275444868952036,0.5014037489891052,-0.003511662594974041
0.0012316158972680569,0.5014045834541321,-0.0034970268607139587
0.0011577261611819267,0.5014004707336426,-0.003463401459157467
0.001049442682415247,0.5014007687568665,-0.003409608267247677
0.001078643836081028,0.5013277530670166,-0.0034713055938482285
0.0011355509050190449,0.5013652443885803,-0.0033314358443021774
0.0010377904400229454,0.5013661980628967,-0.003263050690293312
0.0011084158904850483,0.5013408064842224,-0.0032779164612293243
0.0012651416473090649,0.5012970566749573,-0.0032719988375902176
0.001322752796113491,0.5013397932052612,-0.0032543251290917397
0.00122089684009552,0.5013756155967712,-0.0032010627910494804
0.0013049663975834846,0.5013588070869446,-0.0031965915113687515
0.0012455936521291733,0.5013762712478638,-0.0029957080259919167
0.0010778997093439102,0.5014094710350037,-0.003182239830493927
0.0008499333634972572,0.5014035701751709,-0.0033722911030054092
0.0007669893093407154,0.5014317035675049,-0.003617336042225361
0.0004331832751631737,0.5013905167579651,-0.004010971635580063
0.0005779005587100983,0.5014166831970215,-0.004063580185174942
0.0005359803326427937,0.5014800429344177,-0.004092679359018803
0.0004772217944264412,0.5015267729759216,-0.004155635833740234
0.0004976694472134113,0.501437246799469,-0.004275350831449032
0.00044246111065149307,0.5013962984085083,-0.004528410732746124
0.0004594409838318825,0.5014267563819885,-0.004742863588035107
0.0004945145919919014,0.5014419555664062,-0.004777432419359684
0.0005928692407906055,0.50143963098526,-0.004654242657124996
0.0006379787810146809,0.5014399290084839,-0.004409480839967728
0.0007398887537419796,0.5014904737472534,-0.004154866561293602
0.0008673095144331455,0.5014730095863342,-0.003913139924407005
0.000983668491244316,0.5014352202415466,-0.0038125943392515182
0.001027477439492941,0.5014415979385376,-0.003747745417058468
0.0010474096052348614,0.501455545425415,-0.003645944409072399
0.0011214669793844223,0.5014716386795044,-0.003528255969285965
0.0012198025360703468,0.501458466053009,-0.003463342785835266
0.0012177848257124424,0.5014376044273376,-0.003419998101890087
0.0011622356250882149,0.5014591813087463,-0.003458557650446892
0.0010407161898911,0.5014255046844482,-0.0035930629819631577
0.0009095817804336548,0.5014083981513977,-0.0037525715306401253
0.0007712142542004585,0.5014439225196838,-0.0038624387234449387
0.0006534531712532043,0.5014603137969971,-0.0039048362523317337
0.0006953822448849678,0.5015066862106323,-0.0039058132097125053
0.0007177488878369331,0.5015060901641846,-0.003884292207658291
0.0007376167923212051,0.5015067458152771,-0.0038577988743782043
0.0007489556446671486,0.501497209072113,-0.0038543427363038063
0.0007421229965984821,0.5015026330947876,-0.003926562145352364
0.0007335138507187366,0.5014492869377136,-0.003992580808699131
0.000726612750440836,0.5014383792877197,-0.004021260887384415
0.0006889770738780499,0.5014687180519104,-0.003995679318904877
0.0006368588656187057,0.5014773011207581,-0.003974772058427334
0.0006747241131961346,0.5014843344688416,-0.003968088887631893
0.0006811683997511864,0.5014669299125671,-0.004029044881463051
0.0007143877446651459,0.5014292597770691,-0.004054108634591103
0.0007276376709342003,0.5014375448226929,-0.004029925912618637
0.0007333103567361832,0.501420795917511,-0.004029354080557823
0.0008040321990847588,0.5014160871505737,-0.0039808982983231544
0.0008647539652884007,0.5014254450798035,-0.0038118967786431313
0.0009472421370446682,0.5014309883117676,-0.0036448659375309944
0.0010236166417598724,0.5014147758483887,-0.003518255427479744
0.0010393587872385979,0.5014123320579529,-0.003442208282649517
0.0009372043423354626,0.5014393925666809,-0.0035776933655142784
0.0008657220751047134,0.5014134049415588,-0.0037777191027998924
0.0008233613334596157,0.5014066696166992,-0.003933621570467949
0.000753539614379406,0.501430332660675,-0.003955465741455555
0.0007275720126926899,0.5014126896858215,-0.0038549983873963356
0.0007847081869840622,0.5014230608940125,-0.0038182632997632027
0.0008069719187915325,0.5014346241950989,-0.0038334261626005173
0.0008688056841492653,0.5014423131942749,-0.003885086625814438
0.0009152404963970184,0.5015174746513367,-0.0037999674677848816
0.0008987574838101864,0.5014792680740356,-0.00368526391685009
0.0008828979916870594,0.5014564990997314,-0.003712479956448078
0.0008368147537112236,0.5014569759368896,-0.0037976596504449844
0.0007623941637575626,0.5014669299125671,-0.0038883667439222336
0.0008245110511779785,0.5014032125473022,-0.0038788365200161934
0.0008545289747416973,0.5013995170593262,-0.0037727151066064835
0.000885531771928072,0.5014246702194214,-0.003658570349216461
0.0008737612515687943,0.5014412999153137,-0.0035499855875968933
0.0009726784192025661,0.501453697681427,-0.0034728888422250748
0.0009783399291336536,0.5014209747314453,-0.0034912526607513428
0.0008991626091301441,0.5014516711235046,-0.0034957556053996086
0.0008847573772072792,0.5014398097991943,-0.0035668006166815758
0.0008707684464752674,0.5014039278030396,-0.0036067022010684013
0.0009256494231522083,0.5014144778251648,-0.0036144834011793137
0.000959854107350111,0.5014866590499878,-0.003622475080192089
0.0010058577172458172,0.5014743208885193,-0.003449223004281521
0.0010524080134928226,0.5014981031417847,-0.003357051871716976
0.0009823068976402283,0.5014484524726868,-0.0034544887021183968
0.0009151571430265903,0.501397967338562,-0.003699847497045994
0.0008582943119108677,0.5014208555221558,-0.003951095975935459
0.0007158806547522545,0.5014441013336182,-0.003888680599629879
0.0007037883624434471,0.5014996528625488,-0.0038134949281811714
0.000614384189248085,0.501484751701355,-0.003809986636042595
0.0005976432003080845,0.5014479160308838,-0.003960749134421349
0.0005332808941602707,0.5014250874519348,-0.00410392414778471
0.0005787089467048645,0.5013875961303711,-0.004163938574492931
0.0006216238252818584,0.5013841986656189,-0.004170771688222885
0.0006850217469036579,0.5014301538467407,-0.004085619933903217
0.0007240260019898415,0.5014595985412598,-0.003965707495808601
0.0008017728105187416,0.5014119148254395,-0.003856814466416836
0.0009253793396055698,0.5014298558235168,-0.0037595564499497414
0.0009902785532176495,0.5015122890472412,-0.0037374403327703476
0.000964432954788208,0.5015082955360413,-0.0037429211661219597
0.0009901970624923706,0.5014345049858093,-0.0037242304533720016
0.0008986708708107471,0.5014088153839111,-0.003843415528535843
0.0007680957205593586,0.5014147758483887,-0.003954879939556122
0.0007671439088881016,0.5014687180519104,-0.0039160167798399925
0.0007416466251015663,0.5014815330505371,-0.003939340822398663
0.0007012798450887203,0.501452624797821,-0.004025203175842762
0.0006698495708405972,0.5014569759368896,-0.004038366489112377
0.0005270722322165966,0.5014716386795044,-0.004086876288056374
0.0005914443172514439,0.5014684200286865,-0.0040979571640491486
0.0006829071789979935,0.501474142074585,-0.004067795351147652
0.0007013445720076561,0.5014832615852356,-0.004026344045996666
0.000715792179107666,0.5014815926551819,-0.0040796734392642975
0.0006488957442343235,0.5014892816543579,-0.004137780517339706
0.0005748551338911057,0.5015090703964233,-0.004238525405526161
0.0004581366665661335,0.501502513885498,-0.004287487827241421
0.00042766332626342773,0.5015143752098083,-0.00428827665746212
0.00038719968870282173,0.5015170574188232,-0.004266034811735153
0.00040226615965366364,0.5014895796775818,-0.004138588905334473
0.0004554959014058113,0.5014649629592896,-0.004037815146148205
0.0005302596837282181,0.5014697909355164,-0.003946852870285511
0.00062901945784688,0.501446545124054,-0.003829951398074627
0.0007117236964404583,0.5014576315879822,-0.0037656091153621674
0.0007828534580767155,0.5014485120773315,-0.0037448210641741753
0.000826515257358551,0.5014137029647827,-0.003702218644320965
0.0008907741867005825,0.5014098286628723,-0.00364124309271574
0.0009679985232651234,0.501422643661499,-0.003513311967253685
0.00108752166852355,0.5014579892158508,-0.0033037839457392693
0.0011855331249535084,0.5014248490333557,-0.003140754997730255
0.0012318394146859646,0.5013895630836487,-0.0031106509268283844
0.0012579564936459064,0.5013691186904907,-0.003186452202498913
0.0011675483547151089,0.501356840133667,-0.0032918276265263557
0.0011223023757338524,0.5013750195503235,-0.0032800808548927307
0.0011573187075555325,0.5013920068740845,-0.003222336992621422
0.0011177822016179562,0.5013878345489502,-0.0032418668270111084
0.0011346959508955479,0.5013489723205566,-0.0034156767651438713
0.001069521065801382,0.501370906829834,-0.00356193445622921
0.001012410968542099,0.5014036297798157,-0.0037102019414305687
0.000918408390134573,0.5014345049858093,-0.003844684921205044
0.0007917392067611217,0.501373291015625,-0.0038646068423986435
0.0006897957064211369,0.5014145374298096,-0.0038592368364334106
0.0006532277911901474,0.5013777017593384,-0.003876812756061554
0.0007639178074896336,0.5013865232467651,-0.0038454607129096985
0.0008121361024677753,0.5013960599899292,-0.003756493330001831
0.0008290102705359459,0.5014370083808899,-0.003745637834072113
0.000907509122043848,0.5014607906341553,-0.003697703592479229
0.0008652526885271072,0.5014113187789917,-0.0037115011364221573
0.0008350829593837261,0.5013711452484131,-0.003740956075489521
0.0007413728162646294,0.5013334155082703,-0.003765273839235306
0.0006686965934932232,0.5014508962631226,-0.003773047588765621
0.0007231840863823891,0.5014368295669556,-0.0038169166073203087
0.0008471263572573662,0.5014104843139648,-0.003782794810831547
0.0009854533709585667,0.5014218688011169,-0.0037174196913838387
0.0009686038829386234,0.5014244914054871,-0.0036252886056900024
0.0009667971171438694,0.5014072060585022,-0.0034381113946437836
0.0009069018997251987,0.5013697147369385,-0.0034009553492069244
0.0008965069428086281,0.5013558268547058,-0.003490420989692211
0.0008948626928031445,0.5013641715049744,-0.003562108613550663
0.000978419091552496,0.5014283657073975,-0.0035041561350226402
0.0010848380625247955,0.5014359354972839,-0.0033899424597620964
0.0010602273978292942,0.5014486312866211,-0.0033058319240808487
0.0010750778019428253,0.5014265179634094,-0.0032645128667354584
0.0010635941289365292,0.5014190077781677,-0.0032776352018117905
0.0010397294536232948,0.5014240741729736,-0.003186154179275036
0.0010679853148758411,0.5014290809631348,-0.00316533911973238
0.0010874108411371708,0.5014052391052246,-0.003225899301469326
0.0010409699752926826,0.5013982653617859,-0.0033913124352693558
0.0009126374498009682,0.5014047622680664,-0.0036124074831604958
0.0008186367340385914,0.5014153122901917,-0.003743588924407959
0.0007255147211253643,0.5014115571975708,-0.0037736697122454643
0.0006636744365096092,0.5014336109161377,-0.0037485752254724503
0.0006724265404045582,0.5014259219169617,-0.0037229489535093307
0.0006903703324496746,0.5014389753341675,-0.0036414125934243202
0.0007362281903624535,0.501429557800293,-0.0035874424502253532
0.00075879180803895,0.5014540553092957,-0.003623664379119873
0.0007337634451687336,0.5014091730117798,-0.0036717988550662994
0.0007026530802249908,0.5013997554779053,-0.0038011083379387856
0.0007491745054721832,0.5013866424560547,-0.0038435878232121468
0.0007957154884934425,0.5014084577560425,-0.003793083131313324
0.000874856486916542,0.5014373660087585,-0.0035173268988728523
0.0009967056103050709,0.5014163255691528,-0.0032319705933332443
0.0011112452484667301,0.5014308094978333,-0.0030800625681877136
0.001169182825833559,0.5013657212257385,-0.003044677898287773
0.0011599976569414139,0.5013788342475891,-0.0031623821705579758
0.0011449544690549374,0.5014076828956604,-0.0032412121072411537
0.0010759737342596054,0.5014146566390991,-0.0032764067873358727
0.0011511920019984245,0.5014435648918152,-0.003341388888657093
0.001138557679951191,0.5014299750328064,-0.0034425463527441025
0.0010970407165586948,0.5014308094978333,-0.0035725152119994164
0.0009920471347868443,0.5014089941978455,-0.003588316962122917
0.0009583723731338978,0.5014601349830627,-0.003500688821077347
0.0010486203245818615,0.5014604330062866,-0.003369756042957306
0.001140353735536337,0.5014544129371643,-0.0033588511869311333
0.0011619571596384048,0.5014083981513977,-0.0033388547599315643
0.0011692270636558533,0.5013918280601501,-0.0034805145114660263
0.0010458244942128658,0.5014026761054993,-0.003534233197569847
0.0010504801757633686,0.501381516456604,-0.0035331500694155693
0.0011364640668034554,0.5014592409133911,-0.0034761400893330574
0.0011015292257070541,0.5014421343803406,-0.0033512599766254425
0.0011370247229933739,0.5014447569847107,-0.0033560162410140038
0.0011271131224930286,0.5014386773109436,-0.0032579051330685616
0.001112564466893673,0.501430094242096,-0.003236064687371254
0.0011163335293531418,0.5014255046844482,-0.0032229870557785034
0.0011065863072872162,0.5014181733131409,-0.0032101888209581375
0.00103848148137331,0.5014310479164124,-0.0033427467569708824
0.001013980247080326,0.5014396905899048,-0.0034785959869623184
0.0010375119745731354,0.5014190673828125,-0.0035289283841848373
0.0009997701272368431,0.5013990998268127,-0.003574174828827381
0.0010147341527044773,0.5014205574989319,-0.0036387378349900246
0.001051589846611023,0.5014256238937378,-0.003634881228208542
0.0010183011181652546,0.5014483332633972,-0.0036078840494155884
0.0010629603639245033,0.5014387965202332,-0.003642616793513298
0.001061508897691965,0.501419723033905,-0.003611903637647629
0.000985381193459034,0.50144362449646,-0.0035837404429912567
0.0009426265023648739,0.5014424324035645,-0.0035807201638817787
0.0009080907329916954,0.5014640092849731,-0.003578251227736473
0.000860836822539568,0.5014809370040894,-0.0036384332925081253
0.0008814823813736439,0.5014617443084717,-0.00364725012332201
0.0008995002135634422,0.501470148563385,-0.0036132754758000374
0.0008345884270966053,0.50152188539505,-0.003609178587794304
0.0008101030252873898,0.5014462471008301,-0.0037519605830311775
0.0008202660828828812,0.5013894438743591,-0.0037815626710653305
0.0007705921307206154,0.5014365315437317,-0.003873995505273342
0.0006987275555729866,0.5014626383781433,-0.0038360022008419037
0.0007290723733603954,0.5014199018478394,-0.0036812201142311096
0.0007301941514015198,0.5013747215270996,-0.0035980548709630966
0.0008008037693798542,0.5014272332191467,-0.0035699578002095222
0.0008286521770060062,0.5014417767524719,-0.0035682497546076775
0.0008950303308665752,0.5015178322792053,-0.0035155760124325752
0.0008317115716636181,0.501326858997345,-0.0034926310181617737
0.0007680901326239109,0.5014233589172363,-0.003596714697778225
0.0006114584393799305,0.5013962388038635,-0.0038582775741815567
0.0006113201379776001,0.5013546347618103,-0.004016551189124584
0.0008184788748621941,0.5013958215713501,-0.003994271159172058
0.0007741511799395084,0.5014241933822632,-0.004046681337058544
0.0009267246350646019,0.5012596845626831,-0.003988415002822876
0.0010315370745956898,0.501390814781189,-0.003913682885468006
0.0010046139359474182,0.5014599561691284,-0.0037349890917539597
0.0010476820170879364,0.5014382004737854,-0.0037513021379709244
0.0010903654620051384,0.5013805031776428,-0.0037175631150603294
0.0009964401833713055,0.5014283657073975,-0.0037313075736165047
0.001065235584974289,0.5014602541923523,-0.00360855832695961
0.0011106515303254128,0.501455545425415,-0.0034562619403004646
0.001052573323249817,0.501475989818573,-0.003416762687265873
0.001017940230667591,0.5014247298240662,-0.003504526801407337
0.001003701239824295,0.5014211535453796,-0.003616505302488804
0.0009759487584233284,0.5014499425888062,-0.0035887230187654495
0.0009610126726329327,0.5014753937721252,-0.003526509739458561
0.0009735915809869766,0.5014694333076477,-0.003488202579319477
0.0009517008438706398,0.5014580488204956,-0.003550458699464798
0.0008814218454062939,0.5014591217041016,-0.0036428403109312057
0.0008017453365027905,0.501455545425415,-0.003765491768717766
0.0007713292725384235,0.5014559626579285,-0.0038428213447332382
0.0007668309845030308,0.5014726519584656,-0.003943685442209244
0.0007987669669091702,0.5014828443527222,-0.00394512340426445
0.0008647148497402668,0.5014550685882568,-0.003937831148505211
0.0009046518243849277,0.5014282464981079,-0.003907191567122936
0.0009527117945253849,0.5014241933822632,-0.003792097792029381
0.0009751515462994576,0.5014707446098328,-0.003645136021077633
0.001059388741850853,0.501463770866394,-0.0035277903079986572
0.0011580404825508595,0.501436710357666,-0.0034315427765250206
0.0012164590880274773,0.5014793276786804,-0.0033394750207662582
0.0011938991956412792,0.5014952421188354,-0.003292221575975418
0.0012385793961584568,0.5014469623565674,-0.0033320318907499313
0.001270996406674385,0.5014269351959229,-0.003345118835568428
0.001177441794425249,0.5014537572860718,-0.003364449366927147
0.0011421814560890198,0.5014422535896301,-0.003410439006984234
0.0011547678150236607,0.5014340281486511,-0.0033959662541747093
0.0011134049855172634,0.5014369487762451,-0.003383854404091835
0.0011631394736468792,0.5014171600341797,-0.0033318251371383667
0.001300722360610962,0.5014392733573914,-0.003243441693484783
0.0013339337892830372,0.5014376640319824,-0.0031783506274223328
0.0013836086727678776,0.5014341473579407,-0.003189300186932087
0.001367807388305664,0.5013976097106934,-0.003239372745156288
0.0012954487465322018,0.5013990998268127,-0.0032208291813731194
0.001285431906580925,0.5014148950576782,-0.0031932787969708443
0.0012654210440814495,0.5014424920082092,-0.003097015433013439
0.001294875517487526,0.501430332660675,-0.0030917515978217125
0.001275705173611641,0.5013972520828247,-0.0031626075506210327
0.0012471224181354046,0.5014505982398987,-0.003140956163406372
0.0012057223357260227,0.5014732480049133,-0.003113296814262867
0.0011251699179410934,0.5014861226081848,-0.0031009120866656303
0.001011757180094719,0.5014399290084839,-0.003196270205080509
0.0009185313247144222,0.5014505982398987,-0.00329606793820858
0.0008859108202159405,0.5014289021492004,-0.0034183375537395477
0.0008948645554482937,0.5014504790306091,-0.0035071885213255882
0.0008388455025851727,0.5015522837638855,-0.003556506708264351
0.0007171574980020523,0.5014201402664185,-0.003806942142546177
0.0006514266133308411,0.5013896226882935,-0.0038590095937252045
0.0004975949414074421,0.5014551877975464,-0.0039025330916047096
0.00043978122994303703,0.5014759302139282,-0.004037465900182724
0.0005958639085292816,0.5014748573303223,-0.004001191817224026
0.0007733586244285107,0.5014706254005432,-0.003972615115344524
0.0008992310613393784,0.5014745593070984,-0.003728068433701992
0.0008789543062448502,0.5014824271202087,-0.0035797525197267532
0.000806368887424469,0.5014389753341675,-0.0038898102939128876
0.000880618579685688,0.5014171600341797,-0.003960072994232178
0.0009166067466139793,0.50142902135849,-0.004024540074169636
0.0009775045327842236,0.5014567375183105,-0.0039052898064255714
0.0010640746913850307,0.501387894153595,-0.003754260018467903
0.0010466836392879486,0.5014798641204834,-0.003598000854253769
0.0010781832970678806,0.5014781355857849,-0.0034437254071235657
0.0012020445428788662,0.5013769268989563,-0.0033864825963974
0.0013462682254612446,0.5013812184333801,-0.0033781733363866806
0.0013215085491538048,0.5013698935508728,-0.003238813951611519
0.0013490417040884495,0.5013878345489502,-0.003024549223482609
0.001398424617946148,0.501386284828186,-0.002956927753984928
0.0014228872023522854,0.5013928413391113,-0.0029503926634788513
0.0014502769336104393,0.5014378428459167,-0.002975335344672203
0.0013444935902953148,0.5014290809631348,-0.0029457788914442062
0.0013558152131736279,0.5014235973358154,-0.0029570497572422028
0.0013740640133619308,0.5014150142669678,-0.0029946304857730865
0.0013763224706053734,0.501440703868866,-0.0030532097443938255
0.0013943002559244633,0.5014482140541077,-0.003021600656211376
0.001392934937030077,0.5015036463737488,-0.0029831528663635254
0.0013969792053103447,0.5014668107032776,-0.0029360055923461914
0.0014164927415549755,0.5014442205429077,-0.002944539301097393
0.0014260970056056976,0.5014519095420837,-0.0029694605618715286
0.0014086426235735416,0.5014936327934265,-0.002997761592268944
0.0013756626285612583,0.5015139579772949,-0.0030030179768800735
0.0013133063912391663,0.5014815330505371,-0.0030353013426065445
0.0012452155351638794,0.5014442801475525,-0.0030806632712483406
0.001158988568931818,0.5014460682868958,-0.003154085949063301
0.0011098063550889492,0.5014119744300842,-0.003265494480729103
0.0010827388614416122,0.5014278292655945,-0.0033179325982928276
0.0010342677123844624,0.5014362931251526,-0.00334076676517725
0.0010562795214354992,0.5014360547065735,-0.003348243422806263
0.0011900272220373154,0.5014234781265259,-0.0032913945615291595
0.001229825895279646,0.5014172792434692,-0.003236955963075161
0.0012568822130560875,0.5014368891716003,-0.0032154032960534096
0.0012020338326692581,0.501408576965332,-0.0031725233420729637
0.0011797714978456497,0.5013777017593384,-0.0032430393621325493
0.0012105321511626244,0.50141841173172,-0.0032927310094237328
0.0012022336013615131,0.5014482140541077,-0.0032855579629540443
0.0011642621830105782,0.5014501810073853,-0.0032789502292871475
0.001114760059863329,0.5014593601226807,-0.0032697729766368866
0.0010282518342137337,0.5014438629150391,-0.003315059468150139
0.0009535918943583965,0.5014427304267883,-0.0034308554604649544
0.0008871410973370075,0.5014644265174866,-0.0035080499947071075
0.0008527953177690506,0.5014708638191223,-0.0035193366929888725
0.0008779582567512989,0.5014530420303345,-0.0035076914355158806
0.0009152982383966446,0.5014433860778809,-0.00353266391903162
0.0009414246305823326,0.5014595985412598,-0.0035517793148756027
0.0009314301423728466,0.5014941096305847,-0.0035384390503168106
0.0009266845881938934,0.5014669895172119,-0.0035181408748030663
0.0009610708802938461,0.5014557242393494,-0.003488765098154545
0.0010186810977756977,0.5014415383338928,-0.0034484555944800377
0.001069133635610342,0.5014844536781311,-0.003367071971297264
0.0011191214434802532,0.501512885093689,-0.0032898234203457832
0.0011176634579896927,0.5014966130256653,-0.0032817143946886063
0.0010732566006481647,0.5014404058456421,-0.0033304430544376373
0.0010150535963475704,0.5014811158180237,-0.003367166966199875
0.00098721357062459,0.50147944688797,-0.0034067342057824135
0.0009862645529210567,0.5014702081680298,-0.003420468419790268
0.0009854547679424286,0.5014308094978333,-0.003474269062280655
0.0009273048490285873,0.5014621615409851,-0.003558920696377754
0.0009179236367344856,0.5014607310295105,-0.0035545378923416138
0.0008829748257994652,0.501454770565033,-0.003538215532898903
0.0008207554928958416,0.5014476180076599,-0.0035368334501981735
0.0008015581406652927,0.5014151334762573,-0.0036280937492847443
0.000889310147613287,0.501387894153595,-0.0036141639575362206
0.0009370422922074795,0.5014010667800903,-0.003566790372133255
0.0009814128279685974,0.5014768242835999,-0.0035588424652814865
0.0009550563991069794,0.5014649629592896,-0.003547096624970436
0.0008991444483399391,0.5014261603355408,-0.003534659743309021
0.0009386292658746243,0.5013998746871948,-0.0035139331594109535
0.0009433301165699959,0.501433253288269,-0.003479558974504471
0.000970922876149416,0.501447856426239,-0.003460107371211052
0.0009970557875931263,0.5014089941978455,-0.003460252657532692
0.0009709238074719906,0.5014498829841614,-0.003457743674516678
0.0009266077540814877,0.5015020370483398,-0.0035012122243642807
0.0009781476110219955,0.5013906955718994,-0.0035355202853679657
0.0010240268893539906,0.5013967156410217,-0.0035650767385959625
0.001001700758934021,0.5014463067054749,-0.003525683656334877
0.0009547015652060509,0.5014575719833374,-0.003571408800780773
0.0009513660334050655,0.5014135837554932,-0.0036079175770282745
0.0008887648582458496,0.5013949871063232,-0.0036905473098158836
0.0007878844626247883,0.5014598965644836,-0.003721793182194233
0.0007623550482094288,0.5014380216598511,-0.0036994898691773415
0.0008403388783335686,0.5014254450798035,-0.0037058694288134575
0.0008844793774187565,0.5014464259147644,-0.003782600164413452
0.0009002937003970146,0.5014562010765076,-0.003861556760966778
0.0009340257383882999,0.5014598965644836,-0.0038587236776947975
0.0009146551601588726,0.5014616250991821,-0.003851933404803276
0.0009140525944530964,0.5014396905899048,-0.003876658156514168
0.0009313174523413181,0.5014474391937256,-0.003828464075922966
0.0009615141898393631,0.5014544129371643,-0.0036610234528779984
0.0010417825542390347,0.5014852285385132,-0.003517736680805683
0.0011095567606389523,0.5014891624450684,-0.0034142648801207542
0.001154446043074131,0.501460611820221,-0.0033353082835674286
0.0011228173971176147,0.5014657378196716,-0.0033918656408786774
0.0010512717999517918,0.501445472240448,-0.003448258154094219
0.0010237726382911205,0.5014210939407349,-0.0035134144127368927
0.0010415604338049889,0.5014194846153259,-0.003497959114611149
0.0010770214721560478,0.5014422535896301,-0.003386969678103924
0.0011666538193821907,0.5014487504959106,-0.00322754867374897
0.0012669390998780727,0.50144362449646,-0.0030582938343286514
0.0013269786722958088,0.5014453530311584,-0.0029898500069975853
0.001370942685753107,0.5014559030532837,-0.002988673746585846
0.0013848165981471539,0.5014477968215942,-0.0029724156484007835
0.0013659871183335781,0.5014204978942871,-0.0030037667602300644
0.0013636047951877117,0.5014215111732483,-0.003006785176694393
0.0013698316179215908,0.501406192779541,-0.003005470149219036
0.0013056802563369274,0.5014111399650574,-0.0030535785481333733
0.0012525785714387894,0.5014050602912903,-0.0031011607497930527
0.0011512232013046741,0.501411497592926,-0.00323515385389328
0.0010658316314220428,0.5014139413833618,-0.0033448506146669388
0.0010320241563022137,0.501439094543457,-0.0034621255472302437
0.0010287887416779995,0.5014450550079346,-0.003481506370007992
0.0011064251884818077,0.5014448165893555,-0.0034281453117728233
0.0011639301665127277,0.5014548301696777,-0.0033240998163819313
0.0012134774588048458,0.5014594197273254,-0.003245753236114979
0.0012208777479827404,0.5014642477035522,-0.003155054524540901
0.0012325630523264408,0.5014763474464417,-0.003103802911937237
0.0012077218852937222,0.501450777053833,-0.0031571369618177414
0.0012053768150508404,0.5014181137084961,-0.003213583491742611
0.0011803144589066505,0.501446545124054,-0.003285106271505356
0.0011184406466782093,0.5014572143554688,-0.00331709161400795
0.0011407183483242989,0.5014526844024658,-0.00333558302372694
0.0011663353070616722,0.5014501214027405,-0.003291570581495762
0.0011940179392695427,0.5014601945877075,-0.003244188614189625
0.0012095309793949127,0.5014373064041138,-0.0032481756061315536
0.0011709029786288738,0.5014196634292603,-0.003292323090136051
0.001147343311458826,0.5013976097106934,-0.0033539850264787674
0.0011005979031324387,0.5014340877532959,-0.0033886348828673363
0.0010936753824353218,0.5014444589614868,-0.00337798148393631
0.0011131307110190392,0.5014651417732239,-0.0033859778195619583
0.0011185845360159874,0.5014554858207703,-0.0033821361139416695
0.0011085770092904568,0.5014601349830627,-0.003372841514647007
0.0011053895577788353,0.5014705657958984,-0.0033519305288791656
0.0010596918873488903,0.5014668703079224,-0.0033330991864204407
0.0010555954650044441,0.5014539957046509,-0.0033812541514635086
0.0010462692007422447,0.5014405846595764,-0.0033798469230532646
0.0010790922679007053,0.5014764666557312,-0.0033011771738529205
0.0011345604434609413,0.5014886260032654,-0.0032409541308879852
0.0012084655463695526,0.5014474987983704,-0.0031599141657352448
0.0011913515627384186,0.5014457106590271,-0.0031685316935181618
0.001137209590524435,0.5014655590057373,-0.0032424060627818108
0.001108825672417879,0.501473605632782,-0.003257780335843563
0.001090992707759142,0.50149005651474,-0.0032571209594607353
0.001115424558520317,0.5014645457267761,-0.003265960142016411
0.0011155582033097744,0.5014609694480896,-0.003334036096930504
0.0011126208119094372,0.5014656186103821,-0.003399087116122246
0.001093028113245964,0.501462996006012,-0.0034687286242842674
0.0010650367476046085,0.5014562606811523,-0.0034779636189341545
0.001083992887288332,0.5014569759368896,-0.003448832780122757
0.0010625035502016544,0.5014493465423584,-0.0034373197704553604
0.001051856204867363,0.501462996006012,-0.0034390240907669067
0.001053349580615759,0.5014746785163879,-0.0034369826316833496
0.0010370477102696896,0.5014674663543701,-0.0034474926069378853
0.0010581016540527344,0.5014523863792419,-0.003448113799095154
0.0010889493860304356,0.5014804005622864,-0.003436155617237091
0.0011099637486040592,0.50151526927948,-0.0034185880795121193
0.0011060354299843311,0.5014952421188354,-0.0034143291413784027
0.0011210083030164242,0.5014837384223938,-0.003383159637451172
0.001087371725589037,0.5014997124671936,-0.003365744836628437
0.0010905596427619457,0.5014941096305847,-0.003352285362780094
0.001085377298295498,0.501439094543457,-0.003411291167140007
0.0009800568222999573,0.5014429092407227,-0.003466349095106125
0.0009063519537448883,0.5014732480049133,-0.003608597442507744
0.0008339914493262768,0.5015349388122559,-0.003756794147193432
0.0008747722022235394,0.5014955401420593,-0.0037567606195807457
0.0010029817931354046,0.5014542937278748,-0.0036658747121691704
0.0010281181894242764,0.5015645623207092,-0.003491530194878578
0.0010661506094038486,0.5014463067054749,-0.003540247678756714
0.0011046305298805237,0.5013983249664307,-0.0034564873203635216
0.0010660681873559952,0.5014139413833618,-0.0033145928755402565
0.001168085727840662,0.5015626549720764,-0.003340279683470726
0.0012185745872557163,0.5014948844909668,-0.0032771769911050797
0.0011790855787694454,0.501465380191803,-0.0037406664341688156
0.0010018940083682537,0.5011774897575378,-0.00417256448417902
0.0008379244245588779,0.501315712928772,-0.004007226787507534
0.0006897654384374619,0.5015078783035278,-0.0035785771906375885
0.0008338703773915768,0.5016607642173767,-0.002935422584414482
0.0011781621724367142,0.501539409160614,-0.003061543218791485
0.001077077817171812,0.5014318227767944,-0.0034139277413487434
0.0009710919111967087,0.5014967322349548,-0.003784877248108387
0.0008583255112171173,0.5014526844024658,-0.0036981217563152313
0.0008316994644701481,0.5014945268630981,-0.00373688992112875
0.0009388439357280731,0.5014602541923523,-0.0036941971629858017
0.001094277948141098,0.501419186592102,-0.0035975463688373566
0.0011795097962021828,0.5014539957046509,-0.003466797061264515
0.0012188288383185863,0.5015052556991577,-0.0032342299818992615
0.0012919395230710506,0.5015255212783813,-0.003047579899430275
0.0012335940264165401,0.5014724135398865,-0.0031060660257935524
0.0011465433053672314,0.5015196204185486,-0.0032688789069652557
0.0010554664768278599,0.5014388561248779,-0.0034025395289063454
0.0010356782004237175,0.5014269351959229,-0.003454119898378849
0.0011020503006875515,0.5014472603797913,-0.003371686674654484
0.0009869160130620003,0.5014773011207581,-0.003370819613337517
0.0009466088376939297,0.5014564990997314,-0.003489147871732712
0.000718108844012022,0.5014491081237793,-0.0037833424285054207
0.000444220844656229,0.5014615654945374,-0.0037635406479239464
0.00032263994216918945,0.5014424324035645,-0.003858141601085663
0.0002785320393741131,0.5014190077781677,-0.003921394236385822
0.0003714938648045063,0.5014042258262634,-0.00426073931157589
0.0002781250514090061,0.5013879537582397,-0.004276088438928127
0.00035082222893834114,0.5013989210128784,-0.0042158011347055435
0.00021855998784303665,0.5014369487762451,-0.0041208695620298386
0.00034997938200831413,0.5013673901557922,-0.004140283912420273
0.00040170084685087204,0.5012695789337158,-0.004391848109662533
0.0003658994100987911,0.5014182329177856,-0.004391909576952457
0.00030786171555519104,0.5014004707336426,-0.004347804002463818
0.0003884853795170784,0.5014762878417969,-0.0041970666497945786
0.00045729195699095726,0.5013827085494995,-0.004387391731142998
0.0004244535230100155,0.5014554858207703,-0.004699286073446274
0.00041688792407512665,0.5015040636062622,-0.004800846800208092
0.0003956924192607403,0.5014551877975464,-0.004768752492964268
0.0003888239152729511,0.5013523101806641,-0.004692738875746727
0.00036787940189242363,0.5014412999153137,-0.004583301953971386
0.00042922189459204674,0.5015488266944885,-0.004444974474608898
0.0005814596079289913,0.5015032887458801,-0.004308076575398445
0.0007105316035449505,0.5014801025390625,-0.0043060388416051865
0.0007509463466703892,0.5013704895973206,-0.004159080795943737
0.0008499035611748695,0.5013643503189087,-0.0038162516430020332
0.0009467853233218193,0.501395046710968,-0.0035326099023222923
0.0009998609311878681,0.501351535320282,-0.0034589534625411034
0.0010660537518560886,0.5013371109962463,-0.0034719081595540047
0.0010255933739244938,0.5014100670814514,-0.0034867245703935623
0.0009674513712525368,0.5014910697937012,-0.0034300237894058228
0.0010040435008704662,0.5014871954917908,-0.0033740997314453125
0.0010440824553370476,0.5014821887016296,-0.003402591682970524
0.0009835525415837765,0.5014480948448181,-0.0034922678023576736
0.0009398092515766621,0.5014060735702515,-0.003605710342526436
0.0009157457388937473,0.501413106918335,-0.003504842519760132
0.0009430712088942528,0.501404881477356,-0.0033960631117224693
0.0010089511051774025,0.5014410614967346,-0.0033667506650090218
0.001147440169006586,0.501397967338562,-0.0034006210044026375
0.0011125453747808933,0.5013900399208069,-0.0035695647820830345
0.0010503903031349182,0.5014155507087708,-0.0036074016243219376
0.0009760516695678234,0.5014623403549194,-0.0036963708698749542
0.0008898759260773659,0.5014317035675049,-0.00356086902320385
0.00080485874786973,0.5014580488204956,-0.003398837521672249
0.0006438852287828922,0.5014969110488892,-0.0034976648166775703
0.0007311948575079441,0.5013759136199951,-0.0035538077354431152
0.0008408231660723686,0.5014464855194092,-0.0036035263910889626
0.0009071868844330311,0.5013899803161621,-0.003435482271015644
0.0010979063808918,0.5014634132385254,-0.0031560948118567467
0.0013263728469610214,0.5014171004295349,-0.0029666684567928314
0.0014192406088113785,0.5014199018478394,-0.003023778088390827
0.0014263531193137169,0.5013756155967712,-0.0030111316591501236
0.001213426236063242,0.5014359354972839,-0.0031119007617235184
0.0010568113066256046,0.5014142990112305,-0.0032610949128866196
0.0010873074643313885,0.5013836622238159,-0.0034237494692206383
0.001152710523456335,0.5014383792877197,-0.0036114277318120003
0.0011469777673482895,0.50145423412323,-0.0037060026079416275
0.0011197826825082302,0.5014450550079346,-0.003675812855362892
0.0009914608672261238,0.5014561414718628,-0.003628181293606758
0.0008713714778423309,0.5014103651046753,-0.003597211092710495
0.0009313207119703293,0.5013900399208069,-0.0036118831485509872
0.001016711350530386,0.5013980269432068,-0.0035502826794981956
0.0011351401917636395,0.5014040470123291,-0.003428185358643532
0.0012476067058742046,0.5013832449913025,-0.0032274387776851654
0.0013334411196410656,0.5013905167579651,-0.0029271822422742844
0.0013105361722409725,0.5013992190361023,-0.0028468770906329155
0.0013061240315437317,0.5013818740844727,-0.002921830862760544
0.0012719398364424706,0.5013594627380371,-0.0030234241858124733
0.0011527426540851593,0.5013828873634338,-0.0030852844938635826
0.0011879270896315575,0.5013740062713623,-0.0031190691515803337
0.0012390809133648872,0.5013189315795898,-0.0032055769115686417
0.0012687211856245995,0.5013574957847595,-0.003238195553421974
0.0012576878070831299,0.5014170408248901,-0.0032828915864229202
0.0011992976069450378,0.5014697313308716,-0.003311390057206154
0.001153571531176567,0.5014622807502747,-0.003347046673297882
0.001077159307897091,0.50146484375,-0.0034716110676527023
0.001020002644509077,0.501473605632782,-0.003543047234416008
0.0009591770358383656,0.501452624797821,-0.0036165285855531693
0.0009728088043630123,0.5014093518257141,-0.003633705899119377
0.0009465618059039116,0.501436173915863,-0.0036405259743332863
0.0009669899009168148,0.5014165639877319,-0.0036034518852829933
0.0010237563401460648,0.5014091730117798,-0.003467150963842869
0.001038628164678812,0.5013958811759949,-0.003261939622461796
0.0011311676353216171,0.5014025568962097,-0.0031187133863568306
0.0012264433316886425,0.5014060735702515,-0.0030646026134490967
0.0013203434646129608,0.5013802647590637,-0.0031284671276807785
0.0013119056820869446,0.5014106035232544,-0.0032366272062063217
0.0012343991547822952,0.501465916633606,-0.0032376041635870934
0.0012231566943228245,0.5014126896858215,-0.00322699174284935
0.0011753547005355358,0.5014374256134033,-0.0032341498881578445
0.0012423847801983356,0.501395583152771,-0.003315204754471779
0.0011420329101383686,0.5014100074768066,-0.0033699581399559975
0.0010651769116520882,0.5014472603797913,-0.003310960717499256
0.0010837065055966377,0.5014543533325195,-0.0033312207087874413
0.0010189414024353027,0.5014746189117432,-0.00339689664542675
0.0009422465227544308,0.5014315247535706,-0.003465471789240837
0.0009693680331110954,0.5013417601585388,-0.0036392053589224815
0.000969612505286932,0.5013633966445923,-0.003670208156108856
0.0008535357192158699,0.5014171600341797,-0.003566293977200985
0.0008370787836611271,0.5014644861221313,-0.003396199084818363
0.0009342934936285019,0.5013728141784668,-0.0035713473334908485
0.0007729171775281429,0.5014050006866455,-0.0037986692041158676
0.00058030616492033,0.5014025568962097,-0.00402749702334404
0.00038882484659552574,0.5014441013336182,-0.00417353305965662
0.0003689117729663849,0.5014321804046631,-0.004146602004766464
0.0005529974587261677,0.5014562010765076,-0.0043689534068107605
0.0006987131200730801,0.5014480948448181,-0.004552433267235756
0.00043076416477560997,0.5012775659561157,-0.00458887591958046
0.00036443304270505905,0.5013368129730225,-0.004589957185089588
0.0004017176106572151,0.5013663172721863,-0.004506929777562618
0.0004998068325221539,0.5014598369598389,-0.004261196590960026
0.0007478524930775166,0.50147944688797,-0.004194475710391998
0.0007820692844688892,0.5013654232025146,-0.004228645004332066
0.0008786055259406567,0.5012966394424438,-0.0040639350190758705
0.0007492299191653728,0.5014176368713379,-0.0037747668102383614
0.0007469113916158676,0.5014031529426575,-0.0035537630319595337
0.0008280905894935131,0.5013943314552307,-0.0037624938413500786
0.0007460406050086021,0.5013930797576904,-0.004064517095685005
0.0006247679702937603,0.501380205154419,-0.0042926957830786705
0.0007185288704931736,0.50141841173172,-0.0042163776233792305
0.0008513983339071274,0.5014014840126038,-0.0039031263440847397
0.0010329289361834526,0.5013989806175232,-0.003636574372649193
0.001190489623695612,0.5013521909713745,-0.0034692101180553436
0.0011394345201551914,0.501416027545929,-0.0034065311774611473
0.0010758587159216404,0.5014287829399109,-0.0034621041268110275
0.0009877444244921207,0.501387894153595,-0.003548947162926197
0.0009122546762228012,0.5013607144355774,-0.003675290383398533
0.0007650316692888737,0.5013349056243896,-0.003813887946307659
0.0007929839193820953,0.5013734698295593,-0.0038111796602606773
0.0008376482874155045,0.501408040523529,-0.003707660362124443
0.0009374730288982391,0.5014432072639465,-0.0035671619698405266
0.0010792482644319534,0.5014480352401733,-0.0034906789660453796
0.0010510627180337906,0.5014138221740723,-0.0034283241257071495
0.001028501894325018,0.501435399055481,-0.0034539513289928436
0.0010078311897814274,0.5014886856079102,-0.0035225320607423782
0.0010276208631694317,0.5014709234237671,-0.003548748791217804
0.0010665501467883587,0.5014687776565552,-0.0035381410270929337
0.001009361818432808,0.5014691948890686,-0.0035758716985583305
0.0010075708851218224,0.5014933943748474,-0.003590731881558895
0.0009762626141309738,0.5015111565589905,-0.0036385077983140945
0.0008455892093479633,0.5014775395393372,-0.003768371418118477
0.0007425779476761818,0.5014568567276001,-0.0038963891565799713
0.0006704758852720261,0.5013818740844727,-0.004005293361842632
0.0006258566863834858,0.5013598203659058,-0.004039601422846317
0.0006742547266185284,0.5014433860778809,-0.004011143930256367
0.0007639499381184578,0.5014657974243164,-0.003970162943005562
0.0008918638341128826,0.5015065670013428,-0.003956489264965057
0.0009258221834897995,0.5015109777450562,-0.003841121681034565
0.0009003346785902977,0.5014940500259399,-0.0038031889125704765
0.0008607604540884495,0.5015231966972351,-0.0037181805819272995
0.0008798162452876568,0.5015086531639099,-0.0036582043394446373
0.0009379987604916096,0.501457154750824,-0.003742249682545662
0.001002538949251175,0.5014384388923645,-0.0037684831768274307
0.0010039717890322208,0.5014486312866211,-0.0037881778553128242
0.0009621940553188324,0.5014449954032898,-0.003764375112950802
0.0009809141047298908,0.5014137029647827,-0.0036837002262473106
0.001051511149853468,0.5014480352401733,-0.00351894274353981
0.001096244901418686,0.5014917254447937,-0.003368453122675419
0.0011808876879513264,0.5014708042144775,-0.003227437846362591
0.001271239947527647,0.5014063715934753,-0.0031312210485339165
0.001285226084291935,0.501436710357666,-0.0031182942911982536
0.0013310317881405354,0.5014276504516602,-0.0030189333483576775
0.0013429811224341393,0.5014270544052124,-0.002977370284497738
0.0012895860709249973,0.5013858079910278,-0.0030090520158410072
0.0012639830820262432,0.5013715624809265,-0.003195810131728649
0.0012255231849849224,0.5014018416404724,-0.0033493954688310623
0.0011852015741169453,0.5014281272888184,-0.0034827692434191704
0.0011656498536467552,0.5014458298683167,-0.003528980538249016
0.0011374382302165031,0.5014104247093201,-0.0034379735589027405
0.0011171451769769192,0.5013906955718994,-0.0033810995519161224
0.0011416533961892128,0.5014088749885559,-0.003363627940416336
0.0011448664590716362,0.501428484916687,-0.0034020431339740753
0.0011144159361720085,0.5014462471008301,-0.0034214509651064873
0.001094253733754158,0.5014787316322327,-0.0034374678507447243
0.0011203344911336899,0.5014955401420593,-0.003465050831437111
0.0010634860955178738,0.5014722347259521,-0.003513977862894535
0.001058327965438366,0.5014417171478271,-0.003614535555243492
0.001008652150630951,0.5014479160308838,-0.0035952525213360786
0.0009537348523736,0.5015071034431458,-0.003578905016183853
0.0009590466506779194,0.50152987241745,-0.0036415867507457733
0.0009202701039612293,0.5014897584915161,-0.0036594998091459274
0.0008428255096077919,0.5014752149581909,-0.0036687739193439484
0.0008183354511857033,0.501461386680603,-0.0036570532247424126
0.0009028338827192783,0.5014384388923645,-0.00361650250852108
0.0009743082337081432,0.5014510750770569,-0.003579148091375828
0.0010467413812875748,0.5014674067497253,-0.003575088456273079
0.0010302760638296604,0.5014986991882324,-0.0035565029829740524
0.0008871844038367271,0.5014733076095581,-0.0035696569830179214
0.0008181971497833729,0.5014360547065735,-0.0036361925303936005
0.0007100352086126804,0.5014645457267761,-0.003655598498880863
0.000628794077783823,0.5014448761940002,-0.0036904923617839813
0.0006909719668328762,0.5014422535896301,-0.0037449849769473076
0.0007103872485458851,0.5014665722846985,-0.0038131726905703545
0.0006645373068749905,0.5014826655387878,-0.0038233650848269463
0.000651101116091013,0.50147944688797,-0.0037781307473778725
0.0006903097964823246,0.5014681220054626,-0.003733311779797077
0.0007029385305941105,0.5014514923095703,-0.003747004084289074
0.0007599941454827785,0.5014485716819763,-0.0037267403677105904
0.0008177626878023148,0.5014497637748718,-0.003667432814836502
0.0008506043814122677,0.5014286637306213,-0.0035699382424354553
0.00096548767760396,0.5014422535896301,-0.003470722585916519
0.0009721075184643269,0.5015072822570801,-0.0033470699563622475
0.001063619740307331,0.5014780759811401,-0.0033570481464266777
0.0011380063369870186,0.5014836192131042,-0.003414156846702099
0.0010823123157024384,0.5014194250106812,-0.0034536058083176613
0.0009590690024197102,0.5014785528182983,-0.0035065868869423866
0.0009797941893339157,0.5014273524284363,-0.0034979945048689842
0.0009343191049993038,0.5014331340789795,-0.003536062315106392
0.0009076595306396484,0.5014062523841858,-0.003527626395225525
0.0009463001042604446,0.5014405846595764,-0.003555644303560257
0.0009917248971760273,0.5014180541038513,-0.0035951044410467148
0.0009641451761126518,0.5014287829399109,-0.0036273831501603127
0.0009148684330284595,0.5014329552650452,-0.0035373447462916374
0.0008505466394126415,0.5014496445655823,-0.003458927385509014
0.0009636464528739452,0.501465916633606,-0.003436070866882801
0.00101027125492692,0.5014584064483643,-0.003414086066186428
0.0010481839999556541,0.5014764070510864,-0.0034418348222970963
0.0010640397667884827,0.5014503002166748,-0.0034289127215743065
0.0010785856284201145,0.5014617443084717,-0.003339177928864956
0.0011059986427426338,0.5014649033546448,-0.003301735036075115
0.001095884945243597,0.5014947652816772,-0.0033335350453853607
0.0010409546084702015,0.5014907121658325,-0.0033351005986332893
0.0010185418650507927,0.5014409422874451,-0.0034081637859344482
0.0009964401833713055,0.5014451742172241,-0.0034853406250476837
0.0010154950432479382,0.501435399055481,-0.0035402141511440277
0.0009872019290924072,0.5014824867248535,-0.0034997034817934036
0.0009599947370588779,0.501497209072113,-0.0034205177798867226
0.000928215216845274,0.5014703869819641,-0.0034246882423758507
0.0009779445827007294,0.5014441013336182,-0.0035361340269446373
0.0010748738422989845,0.5014424920082092,-0.0035529695451259613
0.0011654244735836983,0.5014448165893555,-0.0034490488469600677
0.0011559822596609592,0.5014479160308838,-0.003232952207326889
0.0012944741174578667,0.5014030933380127,-0.003191565163433552
0.0013482538051903248,0.5014634132385254,-0.003184657543897629
0.0012801457196474075,0.5013859272003174,-0.0032511893659830093
0.0011527640745043755,0.5013861060142517,-0.003378584049642086
0.0010694097727537155,0.5014150738716125,-0.0033485768362879753
0.0010458328761160374,0.501483142375946,-0.0033434266224503517
0.0012014620006084442,0.5014124512672424,-0.003228055313229561
0.0012017334811389446,0.5014415979385376,-0.003253331407904625
0.0011456431820988655,0.5014176964759827,-0.0032491032034158707
0.0010501458309590816,0.5014880895614624,-0.0033381814137101173
0.0010703564621508121,0.5013887882232666,-0.0033973539248108864
0.0009974641725420952,0.5014756917953491,-0.0034754732623696327
0.0008535757660865784,0.5014615058898926,-0.0035617686808109283
0.0006551039405167103,0.5015566945075989,-0.003826875239610672
0.0005623833276331425,0.5014117956161499,-0.0040683988481760025
0.00044528301805257797,0.5014302134513855,-0.004336269572377205
0.00038615334779024124,0.5014790892601013,-0.004302659071981907
0.0005330354906618595,0.5015842914581299,-0.004150856286287308
0.0006225821562111378,0.5014388561248779,-0.004025925882160664
0.0007271990180015564,0.5014042854309082,-0.004018842242658138
0.0008374308235943317,0.5014442205429077,-0.003815934993326664
0.0008261851035058498,0.5015519857406616,-0.0036215828731656075
0.0008477703668177128,0.5015163421630859,-0.0034801336005330086
0.0008335760794579983,0.5013864040374756,-0.0034716464579105377
0.000772448256611824,0.5014038681983948,-0.003497919999063015
0.000812687911093235,0.5014969110488892,-0.003524860367178917
0.000925243366509676,0.5014490485191345,-0.0036454880610108376
0.0010918299667537212,0.5014049410820007,-0.0038558784872293472
0.0011030621826648712,0.5014554858207703,-0.004052445292472839
0.0009506908245384693,0.5014835596084595,-0.0039952220395207405
0.0008198865689337254,0.5015485286712646,-0.0037862295284867287
0.0007859133183956146,0.5015347599983215,-0.0036857249215245247
0.0008453037589788437,0.5015482306480408,-0.003746580332517624
0.0008593825623393059,0.5015336275100708,-0.0038916394114494324
0.0008406569249927998,0.5015050768852234,-0.00392206571996212
0.0007671955972909927,0.5015291571617126,-0.003964098170399666
0.0005880496464669704,0.5015110969543457,-0.003978521563112736
0.0005796290934085846,0.5014671087265015,-0.003981715999543667
0.0006550094112753868,0.5014713406562805,-0.0038679763674736023
0.000763248186558485,0.5015057325363159,-0.003719128668308258
0.0008715186268091202,0.5015051364898682,-0.00357742328196764
0.0010285275056958199,0.5015069842338562,-0.0034867161884903908
0.0010107452981173992,0.5015140175819397,-0.003496435470879078
0.0010240720584988594,0.5015154480934143,-0.0035517392680048943
0.0010127914138138294,0.5014981031417847,-0.0035400716587901115
0.0009490353986620903,0.501556932926178,-0.0034718960523605347
0.0009222626686096191,0.5015178322792053,-0.003575000911951065
0.0008072168566286564,0.5015230774879456,-0.003687458112835884
0.0007052281871438026,0.5015122890472412,-0.003842097707092762
0.0005857567302882671,0.5014918446540833,-0.0039786044508218765
0.0006493623368442059,0.501469612121582,-0.004036913625895977
0.0006520221941173077,0.5015004873275757,-0.00395786389708519
0.0006887475028634071,0.5014947056770325,-0.003902127966284752
0.000736587680876255,0.5014752149581909,-0.0038386574015021324
0.0008265855722129345,0.5014269948005676,-0.003790944814682007
0.0008183564059436321,0.5014178156852722,-0.0037827426567673683
0.0009141005575656891,0.5014433264732361,-0.003616560250520706
0.0010223169811069965,0.5014654397964478,-0.0034324079751968384
0.0011302665807306767,0.5014530420303345,-0.0032705869525671005
0.0012242086231708527,0.5014148950576782,-0.0031369607895612717
0.0012283562682569027,0.5014098882675171,-0.003122062422335148
0.0012245173566043377,0.5014476776123047,-0.0030282428488135338
0.001305252779275179,0.5014315843582153,-0.00295905489474535
0.001456539612263441,0.5014148950576782,-0.003042408265173435
0.0016025640070438385,0.5014712810516357,-0.0030901581048965454
0.001602482981979847,0.5014733076095581,-0.003129200078547001
0.0015413775108754635,0.5014728307723999,-0.0030921902507543564
0.001571879256516695,0.5014849901199341,-0.0031225457787513733
0.001540611032396555,0.5014667510986328,-0.003157130442559719
0.0015448825433850288,0.501457929611206,-0.003281998448073864
0.0014915596693754196,0.5014691948890686,-0.003458724357187748
0.0013417094014585018,0.5014860033988953,-0.0034980494529008865
0.0013272264041006565,0.5014520287513733,-0.0035125119611620903
0.0013298667035996914,0.5014963150024414,-0.0034772101789712906
0.0013179830275475979,0.501529335975647,-0.0034273769706487656
0.0013719317503273487,0.5014762282371521,-0.003359733149409294
0.0013075098395347595,0.5015087723731995,-0.003373310901224613
0.0011758324690163136,0.5014282464981079,-0.0034090252593159676
0.001247163861989975,0.501451849937439,-0.0034132879227399826
0.001276629976928234,0.5014947652816772,-0.0033234385773539543
0.0014086863957345486,0.5014594793319702,-0.0031674467027187347
0.0014948169700801373,0.5014408826828003,-0.0029457127675414085
0.0015024952590465546,0.5013672709465027,-0.002914552576839924
0.001517096534371376,0.5014444589614868,-0.00305741373449564
0.0014401981607079506,0.5014684200286865,-0.0030746329575777054
0.0014800885692238808,0.5014734268188477,-0.0030418774113059044
0.0014076032675802708,0.5014510154724121,-0.0029093483462929726
0.0013798368163406849,0.5014327168464661,-0.0029161497950553894
0.0014500981196761131,0.5014028549194336,-0.003020329400897026
0.0013770731166005135,0.5014145374298096,-0.003086712211370468
0.0013374518603086472,0.5013793706893921,-0.003025057725608349
0.0012443014420568943,0.501436710357666,-0.0029782038182020187
0.0011891690082848072,0.5014132857322693,-0.0030632317066192627
0.0011057360097765923,0.501410186290741,-0.003289623185992241
0.001125603448599577,0.501366376876831,-0.0034439964219927788
0.0010702484287321568,0.5013514757156372,-0.0035235323011875153
0.001144147478044033,0.5014724135398865,-0.003432048484683037
0.0012045451439917088,0.5014731884002686,-0.0031648017466068268
0.0012384448200464249,0.5014546513557434,-0.0029932446777820587
0.0012885285541415215,0.501444935798645,-0.0029503675177693367
0.001305446494370699,0.5015348792076111,-0.003006603568792343
0.0011112713254988194,0.5014529824256897,-0.0032783355563879013
0.0009385640732944012,0.5013642907142639,-0.0036010416224598885
0.0008471999317407608,0.5013450980186462,-0.003993694670498371
0.0007855445146560669,0.5013860464096069,-0.004096025601029396
0.0008549755439162254,0.501337468624115,-0.003980323672294617
0.0011063017882406712,0.5014434456825256,-0.0036336276680231094
0.0011678384616971016,0.5014494061470032,-0.003325764089822769
0.001214225310832262,0.5013949275016785,-0.00304243341088295
0.0014309538528323174,0.5013414621353149,-0.0029700826853513718
0.0013113459572196007,0.5013020038604736,-0.0030979346483945847
0.0012706187553703785,0.5013338327407837,-0.0031570717692375183
0.0012713740579783916,0.5013949871063232,-0.0031267423182725906
0.0014211339876055717,0.5014325380325317,-0.0030357101932168007
0.0015887008048593998,0.5013853311538696,-0.0029817763715982437
0.001526704989373684,0.501392662525177,-0.0029481379315257072
0.0014256029389798641,0.5013858675956726,-0.0029603280127048492
0.0013379426673054695,0.5013502240180969,-0.003085085190832615
0.001249376218765974,0.5013142228126526,-0.0031737172976136208
0.001088609453290701,0.5013644099235535,-0.003377326764166355
0.0009174752049148083,0.5013889670372009,-0.003495023585855961
0.0008686762303113937,0.5013000965118408,-0.00343979150056839
0.0007534683682024479,0.5013262629508972,-0.003305649384856224
0.0009175483137369156,0.5015789270401001,-0.0031892219558358192
0.001013853121548891,0.5014650821685791,-0.0031350674107670784
0.0009679789654910564,0.5014632940292358,-0.003318049944937229
0.0006195018067955971,0.5015334486961365,-0.003634740598499775
0.000326493289321661,0.5015845894813538,-0.0039294408634305
0.0002627735957503319,0.501476526260376,-0.004155142232775688
0.0001828833483159542,0.5015018582344055,-0.004259489476680756
0.00027510058134794235,0.5015793442726135,-0.0041407328099012375
0.00041489629074931145,0.5016372799873352,-0.003946922719478607
0.0006634085439145565,0.5014742612838745,-0.0037516923621296883
0.0009008250199258327,0.5014944076538086,-0.0036474857479333878
0.0010271104983985424,0.5016124248504639,-0.0034341802820563316
0.0010284148156642914,0.5016078352928162,-0.0034134583547711372
0.0010512825101613998,0.5015024542808533,-0.0036216359585523605
0.0007316730916500092,0.5013686418533325,-0.00411158986389637
0.0004222956486046314,0.5013240575790405,-0.00431488361209631
0.000384022481739521,0.5014615058898926,-0.004165991209447384
0.0007088608108460903,0.5015708208084106,-0.00386896263808012
0.001289148349314928,0.5015969276428223,-0.0034682396799325943
0.0014949734322726727,0.5015240907669067,-0.0028298115357756615
0.0016408865340054035,0.5013810396194458,-0.0024394402280449867
0.00194075470790267,0.5013823509216309,-0.0023767612874507904
0.0024378220550715923,0.5014219880104065,-0.0022370368242263794
0.002514616819098592,0.501431941986084,-0.0022269180044531822
0.0025848993100225925,0.5014880299568176,-0.0019801976159214973
0.0025510527193546295,0.5014811158180237,-0.0017021410167217255
0.002304278314113617,0.5014588236808777,-0.0017873458564281464
0.002026572357863188,0.5015141367912292,-0.0019062673673033714
0.0016607465222477913,0.5015689730644226,-0.0023074792698025703
0.001106466632336378,0.5015221834182739,-0.002789197489619255
0.0009909714572131634,0.5013192296028137,-0.003222621977329254
0.0008955509401857853,0.5013397336006165,-0.003589005209505558
0.000816849060356617,0.5016549229621887,-0.003912582993507385
0.001171051524579525,0.5016433000564575,-0.0037359939888119698
0.0016299700364470482,0.5012465119361877,-0.0034898603335022926
0.0016120774671435356,0.5013222694396973,-0.003596649505198002
0.0015221829526126385,0.501375138759613,-0.0030456800013780594
0.0014996882528066635,0.5013406872749329,-0.0028581656515598297
0.0015074326656758785,0.5014999508857727,-0.0027239136397838593
0.0011699837632477283,0.5017055869102478,-0.0027794698253273964
0.000739609356969595,0.5016443729400635,-0.0028469134122133255
0.0008616680279374123,0.5014896392822266,-0.0030636684969067574
0.0005996758118271828,0.5015476942062378,-0.003446045331656933
0.0004919525235891342,0.501717209815979,-0.00422842800617218
0.0003696167841553688,0.501666784286499,-0.004452573135495186
0.000359279103577137,0.5015881061553955,-0.004561296664178371
0.00039715925231575966,0.5016183257102966,-0.004527726210653782
0.0005652536638081074,0.5016685128211975,-0.004252859391272068
0.000849737785756588,0.5016330480575562,-0.00399246159940958
0.001022515818476677,0.5015329122543335,-0.003834974952042103
0.0011558588594198227,0.5015027523040771,-0.0035790568217635155
0.0011592283844947815,0.501492440700531,-0.003381851129233837
0.001157605554908514,0.5014492273330688,-0.0032603247091174126
0.001184029970318079,0.5014632940292358,-0.003219881094992161
0.0011680158786475658,0.5014625787734985,-0.003185017965734005
0.0011651082895696163,0.5014352202415466,-0.003203009255230427
0.0012050699442625046,0.5014249086380005,-0.0032036863267421722
0.00122456019744277,0.5014325380325317,-0.003162936307489872
0.0012493631802499294,0.5014451146125793,-0.003122936934232712
0.0012573692947626114,0.501436710357666,-0.0031007397919893265
0.0012236223556101322,0.5014204382896423,-0.003139861859381199
0.001192078460007906,0.5014262795448303,-0.0031946972012519836
0.0011750352568924427,0.5014218091964722,-0.0032433876767754555
0.0011981758289039135,0.5014288425445557,-0.0032398346811532974
0.0012034503743052483,0.5014248490333557,-0.0031883278861641884
0.001234450377523899,0.501424252986908,-0.003131456673145294
0.0013029156252741814,0.501430332660675,-0.00308962631970644
0.0013339156284928322,0.501427412033081,-0.0030587268993258476
0.0014118007384240627,0.5014196634292603,-0.003038443624973297
0.0014328425750136375,0.5014284253120422,-0.0029935454949736595
0.001401133369654417,0.5014371871948242,-0.002982884645462036
0.0013659712858498096,0.5014235973358154,-0.0030452637001872063
0.0013292673975229263,0.5014021396636963,-0.0031260093674063683
0.0012576980516314507,0.50141841173172,-0.0032072532922029495
0.0012319395318627357,0.5014370679855347,-0.0032449159771203995
0.001252335961908102,0.5014709234237671,-0.0032499684020876884
0.0012510623782873154,0.5014637112617493,-0.003227580338716507
0.00126663688570261,0.5014275312423706,-0.0032204026356339455
0.0012586885131895542,0.501446545124054,-0.0032563814893364906
0.0012682168744504452,0.5014471411705017,-0.0032680323347449303
0.0013028266839683056,0.5014557838439941,-0.003231625072658062
0.0013298047706484795,0.5014353394508362,-0.003165842965245247
0.0013410546816885471,0.5014683604240417,-0.003129430115222931
0.0013300669379532337,0.5014671087265015,-0.0031309248879551888
0.001322634518146515,0.5014210939407349,-0.0031627435237169266
0.001310577616095543,0.5014388561248779,-0.003178142011165619
0.0012483689934015274,0.5014553070068359,-0.0031937602907419205
0.0012418059632182121,0.5014556646347046,-0.0031797299161553383
0.0012669931165874004,0.5014418363571167,-0.0031480276957154274
0.0012790500186383724,0.5014346241950989,-0.0031286627054214478
0.0012961216270923615,0.5014446973800659,-0.0031096478924155235
0.0012954603880643845,0.5014452934265137,-0.0030914489179849625
0.0013212957419455051,0.5014311671257019,-0.0030674031004309654
0.0013435017317533493,0.50144362449646,-0.0030463552102446556
0.0013694525696337223,0.5014428496360779,-0.0030371639877557755
0.00139269744977355,0.5014603734016418,-0.003032655455172062
0.001376231200993061,0.5014589428901672,-0.0029962193220853806
0.0013415031135082245,0.501448929309845,-0.0030233878642320633
0.001306038349866867,0.5014386177062988,-0.0030653048306703568
0.0012705051340162754,0.501442551612854,-0.0031283004209399223
0.0011920761317014694,0.501481831073761,-0.0031889164820313454
0.0011627092026174068,0.5014546513557434,-0.0032242275774478912
0.001090475358068943,0.5014552474021912,-0.0033197691664099693
0.0010470026172697544,0.501458466053009,-0.0034048501402139664
0.0010231160558760166,0.5014742612838745,-0.0034683169797062874
0.0010189940221607685,0.5014841556549072,-0.0034836847335100174
0.001032569445669651,0.5014814734458923,-0.0034898677840828896
0.0010306565091013908,0.501474916934967,-0.0034489305689930916
0.0009896066039800644,0.5014687180519104,-0.003418906591832638
0.000964106060564518,0.501467764377594,-0.003442930057644844
0.0009955852292478085,0.5014708638191223,-0.0034714853391051292
0.0010357573628425598,0.5014709234237671,-0.0034497128799557686
0.001068770419806242,0.5014615654945374,-0.003388216719031334
0.0011284914799034595,0.5014327764511108,-0.003314605914056301
0.001238183118402958,0.5014366507530212,-0.0032163355499505997
0.001332070678472519,0.5014477968215942,-0.003122852183878422
0.0014376831240952015,0.501446008682251,-0.0030287550762295723
0.0015128697268664837,0.5014540553092957,-0.002957776188850403
0.001489449292421341,0.5014363527297974,-0.0029126517474651337
0.0015402860008180141,0.5014399886131287,-0.002899215556681156
0.0015417714603245258,0.5014179944992065,-0.0028585586696863174
0.0015382496640086174,0.5014204978942871,-0.0028131669387221336
0.0015718289650976658,0.5014509558677673,-0.0028054965659976006
0.0015865778550505638,0.5014426708221436,-0.0028502605855464935
0.0016092951409518719,0.5014499425888062,-0.0028212862089276314
0.0016347113996744156,0.5014724731445312,-0.00273201335221529
0.0016449922695755959,0.5014520287513733,-0.0026564793661236763
0.001670660451054573,0.5014356970787048,-0.0026527997106313705
0.0016543748788535595,0.501433789730072,-0.0026866672560572624
0.0015813019126653671,0.5014494061470032,-0.0027184374630451202
0.0015285578556358814,0.5014838576316833,-0.0027739712968468666
0.0014426810666918755,0.5014604926109314,-0.0028710616752505302
0.0013697589747607708,0.5014409422874451,-0.003005589358508587
0.0013528168201446533,0.5014714598655701,-0.0031136404722929
0.0013575321063399315,0.5014621615409851,-0.003155660815536976
0.0013736565597355366,0.5014750957489014,-0.0030828872695565224
0.001336144283413887,0.5014888048171997,-0.0029682740569114685
0.0012760930694639683,0.5014957189559937,-0.0029986659064888954
0.0012373537756502628,0.5014772415161133,-0.003044579178094864
0.0011929022148251534,0.501455545425415,-0.00309901125729084
0.0011564348824322224,0.5014505386352539,-0.003188648261129856
0.0011309990659356117,0.5014387369155884,-0.003276311792433262
0.0011449996381998062,0.501434326171875,-0.0033152252435684204
0.00112935621291399,0.5014460682868958,-0.0033507244661450386
0.001079448964446783,0.5014566779136658,-0.00339394249022007
0.0010454910807311535,0.5014612078666687,-0.0034277550876140594
0.00097241485491395,0.5014709830284119,-0.003490610048174858
0.0009285262785851955,0.5014557242393494,-0.0035880301147699356
0.000926959328353405,0.5014418363571167,-0.003619326278567314
0.0009636762551963329,0.501461386680603,-0.0035659465938806534
0.000951018650084734,0.501474142074585,-0.003474641591310501
0.0010027983225882053,0.5014564394950867,-0.003390026278793812
0.0010422146879136562,0.5014616250991821,-0.0033080540597438812
0.001074682455509901,0.5014550089836121,-0.0032286643981933594
0.0011584493331611156,0.5014428496360779,-0.003224673680961132
0.0012004277668893337,0.5014328360557556,-0.003240141086280346
0.0012443014420568943,0.5014374852180481,-0.0032970355823636055
0.0012498153373599052,0.5014545917510986,-0.003281770274043083
0.0012456933036446571,0.5014501214027405,-0.0032262420281767845
0.0012813173234462738,0.5014325380325317,-0.0032223938032984734
0.0012884847819805145,0.5014509558677673,-0.0031714634969830513
0.0012304638512432575,0.5014654397964478,-0.003160417079925537
0.0011529079638421535,0.5014567375183105,-0.0032085273414850235
0.0010983352549374104,0.5014396905899048,-0.0033118585124611855
0.0010359310545027256,0.501462996006012,-0.003424053080379963
0.0009741820394992828,0.5014650821685791,-0.003580983728170395
0.0009060814045369625,0.5014479756355286,-0.0036713536828756332
0.0008661835454404354,0.5014314651489258,-0.0036811744794249535
0.0008736345916986465,0.5014452338218689,-0.003610203042626381
0.0009522656910121441,0.501477837562561,-0.0035213660448789597
0.0010869824327528477,0.5014675259590149,-0.0034250812605023384
0.0011962209828197956,0.501474916934967,-0.0033620772883296013
0.0011882777325809002,0.5014778971672058,-0.0031999489292502403
0.0012119435705244541,0.501494824886322,-0.003149567171931267
0.0012181103229522705,0.5014515519142151,-0.0030966196209192276
0.0012874240055680275,0.501445472240448,-0.0030911751091480255
0.0012110662646591663,0.501485288143158,-0.0031367838382720947
0.001205578912049532,0.5014387965202332,-0.0031523723155260086
0.0011817947961390018,0.501453161239624,-0.0032193874940276146
0.0011940007098019123,0.5014491081237793,-0.0032793981954455376
0.0012109228409826756,0.5014273524284363,-0.003271675668656826
0.0012985155917704105,0.5014243721961975,-0.0032609151676297188
0.0013087154366075993,0.5014039874076843,-0.0032283319160342216
0.0013133995234966278,0.5014638304710388,-0.003120535984635353
0.0012282147072255611,0.5014904141426086,-0.0030796322971582413
0.0011937408708035946,0.5014867782592773,-0.003098558634519577
0.0012051481753587723,0.5014134049415588,-0.0031616371124982834
0.0011953250505030155,0.5013887882232666,-0.003199799917638302
0.0012230542488396168,0.5014397501945496,-0.0031854724511504173
0.0012598317116498947,0.5014802813529968,-0.003137512132525444
0.0013379966840147972,0.5014644861221313,-0.003088393248617649
0.0013490519486367702,0.5014390349388123,-0.003050833009183407
0.0013261404819786549,0.5014563202857971,-0.003147803246974945
0.0013337028212845325,0.5014616250991821,-0.0031400788575410843
0.0013493415899574757,0.5015255808830261,-0.0031144972890615463
0.001363326795399189,0.5014291405677795,-0.003110921010375023
0.001385771669447422,0.5014548897743225,-0.0030177636072039604
0.0012831585481762886,0.5014576315879822,-0.0029969606548547745
0.0013266527093946934,0.5014443397521973,-0.0030671264976263046
0.0013139094226062298,0.5014281272888184,-0.003029296174645424
0.0012309039011597633,0.5014605522155762,-0.003155326470732689
0.0012526679784059525,0.5014299750328064,-0.003219977021217346
0.0012284335680305958,0.5013890266418457,-0.0032796449959278107
0.0011400189250707626,0.5014492869377136,-0.0032644951716065407
0.001120490487664938,0.5014514327049255,-0.0032021459192037582
0.0010533700697124004,0.5014810562133789,-0.003193882293999195
0.0010777320712804794,0.5013989806175232,-0.003261757083237171
0.0010591540485620499,0.5014228224754333,-0.0032979846000671387
0.0010966137051582336,0.5014569759368896,-0.003224201500415802
0.0011442606337368488,0.5014846920967102,-0.00320377666503191
0.0012136655859649181,0.5014204978942871,-0.003207271918654442
0.0011934922076761723,0.5014547109603882,-0.0032530762255191803
0.0011123977601528168,0.5014086365699768,-0.003338797949254513
0.001073386985808611,0.5013900995254517,-0.00334274023771286
0.0010729781351983547,0.5014153718948364,-0.003304760903120041
0.0010573947802186012,0.501446545124054,-0.003357517533004284
0.001151439268141985,0.5014362335205078,-0.003368874080479145
0.00120882922783494,0.5014306902885437,-0.003356078639626503
0.0012027043849229813,0.5014676451683044,-0.0033127088099718094
0.0011701639741659164,0.5014735460281372,-0.0032514864578843117
0.001172632910311222,0.5014471411705017,-0.0032617365941405296
0.0010585165582597256,0.5014218688011169,-0.0032920707017183304
0.001061784103512764,0.5014354586601257,-0.0033011995255947113
0.0010836939327418804,0.5014550089836121,-0.0032964367419481277
0.001186612993478775,0.5014251470565796,-0.003284129314124584
0.0012313365004956722,0.5014275908470154,-0.0032737310975790024
0.0011700401082634926,0.5014409422874451,-0.0033022332936525345
0.0012069055810570717,0.5014280676841736,-0.0033169956877827644
0.001150602474808693,0.501407265663147,-0.0033377138897776604
0.000995175912976265,0.501441478729248,-0.003365376964211464
0.0009014811366796494,0.5014689564704895,-0.0033949976786971092
0.0008771237917244434,0.5014462471008301,-0.0034127123653888702
0.0009107771329581738,0.5013898015022278,-0.003488498739898205
0.0008164611645042896,0.5014191269874573,-0.0035441871732473373
0.0007615308277308941,0.5014368891716003,-0.003498484380543232
0.0008343290537595749,0.5014830231666565,-0.003422040492296219
0.001008093822747469,0.5014310479164124,-0.003436785191297531
0.0010622479021549225,0.5013961791992188,-0.003501991741359234
0.0010979208163917065,0.5014128684997559,-0.00344785675406456
0.0010931775905191898,0.5014870166778564,-0.0034114448353648186
0.0011109565384685993,0.5014880895614624,-0.003353266976773739
0.001116467174142599,0.5014427900314331,-0.003384862095117569
0.0010481332428753376,0.5014136433601379,-0.003465072251856327
0.000957823358476162,0.501437246799469,-0.0035477671772241592
0.0008942517451941967,0.5014570355415344,-0.003573775291442871
0.0009376918897032738,0.501476526260376,-0.003554399125277996
0.0009629502892494202,0.5014644861221313,-0.0035219835117459297
0.0009622471407055855,0.5014495849609375,-0.0035434113815426826
0.000953382346779108,0.5014510154724121,-0.003553442656993866
0.0009429464116692543,0.5014440417289734,-0.0035723624750971794
0.000982628669589758,0.5014229416847229,-0.0035580769181251526
0.0010417504236102104,0.5014200806617737,-0.003484725020825863
0.001104291994124651,0.5014589428901672,-0.003384936600923538
0.0011578910052776337,0.5014560222625732,-0.003316503018140793
0.0011658864095807076,0.5014396905899048,-0.003294031135737896
0.0011333688162267208,0.5014416575431824,-0.003306811675429344
0.0010863104835152626,0.5014715790748596,-0.0033356277272105217
0.0010558334179222584,0.501474142074585,-0.003396613523364067
0.0010407422669231892,0.5014467239379883,-0.003512505441904068
0.0009698257781565189,0.5014548897743225,-0.0036524999886751175
0.0008773393929004669,0.5014440417289734,-0.0036771371960639954
0.000853776466101408,0.5014758706092834,-0.0036247819662094116
0.0008464250713586807,0.5014684200286865,-0.0035910429432988167
0.0008688983507454395,0.5014857649803162,-0.0036107832565903664
0.00085874879732728,0.5014553070068359,-0.0035799695178866386
0.0009008590131998062,0.5014384388923645,-0.0036341389641165733
0.0009219544008374214,0.5014819502830505,-0.003610496409237385
0.0009699719958007336,0.5014796853065491,-0.0035656895488500595
0.0010299580171704292,0.5015050768852234,-0.0033751362934708595
0.0010627848096191883,0.5015566945075989,-0.003242718055844307
0.0010516778565943241,0.5014331340789795,-0.0033381804823875427
0.0010767560452222824,0.50145024061203,-0.003370644524693489
0.0010397634468972683,0.5014032125473022,-0.0035614240914583206
0.0011187163181602955,0.5015171766281128,-0.0035680681467056274
0.0010400079190731049,0.5015546083450317,-0.003510628826916218
0.000898994505405426,0.5013594627380371,-0.003812018781900406
0.0008784499950706959,0.5014674067497253,-0.0038298675790429115
0.0008716937154531479,0.5014557242393494,-0.0037523331120610237
0.0009297868236899376,0.5015763640403748,-0.0032293125987052917
0.0009450060315430164,0.5014706254005432,-0.003108697012066841
0.0007781488820910454,0.5014166831970215,-0.003497729077935219
0.0007595820352435112,0.5014397501945496,-0.003859379328787327
0.0007825368084013462,0.5014946460723877,-0.003983000293374062
0.0007289359346032143,0.5014704465866089,-0.003917057067155838
0.0006696726195514202,0.5014734864234924,-0.0039061596617102623
0.0006740964017808437,0.5014635920524597,-0.0038237636908888817
0.0007319520227611065,0.5014363527297974,-0.0037736576050519943
0.0008816039189696312,0.5014327168464661,-0.0036280639469623566
0.0010406929068267345,0.5014647841453552,-0.0035024601966142654
0.0011165523901581764,0.5015032291412354,-0.0033775251358747482
0.001164257526397705,0.5014688372612,-0.003256007097661495
0.001213619951158762,0.5014310479164124,-0.00316433422267437
0.001182796899229288,0.5014570951461792,-0.00315016508102417
0.001126313116401434,0.5014542937278748,-0.0032474063336849213
0.001110360026359558,0.5014598965644836,-0.0032817060127854347
0.0010345689952373505,0.5014377236366272,-0.00335082970559597
0.0010163383558392525,0.5014441013336182,-0.0034205112606287003
0.0010269940830767155,0.5014790296554565,-0.0034122373908758163
0.0010268217884004116,0.50147944688797,-0.0034328708425164223
0.0010241218842566013,0.5014735460281372,-0.003390904515981674
0.0009909491054713726,0.5014984607696533,-0.003403007984161377
0.0008948240429162979,0.5014675855636597,-0.0035594813525676727
0.0008539604023098946,0.5014286637306213,-0.0036027980968356133
0.0007845764048397541,0.501447319984436,-0.0036869607865810394
0.0007491498254239559,0.5014680027961731,-0.003699501045048237
0.0008167638443410397,0.5014843940734863,-0.0036246562376618385
0.0007942006923258305,0.5014655590057373,-0.0036544594913721085
0.0008360929787158966,0.501445472240448,-0.00366266630589962
0.0007924940437078476,0.5013971924781799,-0.003719596192240715
0.0008314051665365696,0.5014761686325073,-0.003718588501214981
0.0008381777442991734,0.501467227935791,-0.003610321320593357
0.0007645599544048309,0.5015003085136414,-0.003621703013777733
0.0008019222877919674,0.5013999342918396,-0.0035944245755672455
0.0007479251362383366,0.5014903545379639,-0.0037096021696925163
0.0006427895277738571,0.5014857053756714,-0.0037394333630800247
0.0005577602423727512,0.5014996528625488,-0.0038237450644373894
0.0004178243689239025,0.5014424920082092,-0.003987956792116165
0.00027571991086006165,0.5014200210571289,-0.004264422692358494
0.0002613496035337448,0.5014034509658813,-0.0043208543211221695
0.00030553946271538734,0.5013850331306458,-0.00430835597217083
0.0004904191009700298,0.5014183521270752,-0.0042228056117892265
0.0006130379624664783,0.5014650821685791,-0.004098714329302311
0.0006017121486365795,0.5014759302139282,-0.004038597457110882
0.0007621720433235168,0.5015267729759216,-0.0038449056446552277
0.0007388023659586906,0.5015553832054138,-0.003897428512573242
0.0006770878098905087,0.5015037655830383,-0.0039008716121315956
0.0007380526512861252,0.5014375448226929,-0.0038405433297157288
0.0007333839312195778,0.5014684200286865,-0.0038752481341362
0.0008106604218482971,0.5014933347702026,-0.003802606835961342
0.0008655688725411892,0.5014849305152893,-0.0037490706890821457
0.0008634664118289948,0.5014943480491638,-0.003796651028096676
0.0007948689162731171,0.5014814138412476,-0.0038556111976504326
0.0007718848064541817,0.501426100730896,-0.003902123309671879
0.000827333889901638,0.5014021396636963,-0.0038474733009934425
0.0008942182175815105,0.5014423727989197,-0.0037005748599767685
0.0009736446663737297,0.5014574527740479,-0.003535304218530655
0.0010470603592693806,0.5014179944992065,-0.0034423237666487694
0.0010595559142529964,0.5014108419418335,-0.003460804931819439
0.001041642390191555,0.5013986825942993,-0.003523816354572773
0.001046893186867237,0.501427948474884,-0.003551812842488289
0.0010667527094483376,0.5014365315437317,-0.0034906743094325066
0.0011178036220371723,0.5014503598213196,-0.0034487703815102577
0.0011574160307645798,0.5014507174491882,-0.003340338356792927
0.001166528556495905,0.5014631748199463,-0.0032508764415979385
0.0011516292579472065,0.5014592409133911,-0.0032118670642375946
0.001176642719656229,0.501446545124054,-0.0032175639644265175
0.001153554767370224,0.5014570355415344,-0.0032915715128183365
0.0011322163045406342,0.5014766454696655,-0.0033292975276708603
0.0010903836227953434,0.5014995336532593,-0.0033681942149996758
0.001027037389576435,0.5014798045158386,-0.0034032389521598816
0.000993199646472931,0.5014582276344299,-0.0034362860023975372
0.0009644101373851299,0.5014808177947998,-0.003471195697784424
0.0009561479091644287,0.5014764070510864,-0.0035142088308930397
0.0009928378276526928,0.5014940500259399,-0.0034886542707681656
0.0009967749938368797,0.5014768838882446,-0.003459378145635128
0.0010082367807626724,0.5014621019363403,-0.003452468663454056
0.0010166573338210583,0.5014730095863342,-0.003452013246715069
0.001025475561618805,0.501470148563385,-0.0034583285450935364
0.0010386938229203224,0.5014564990997314,-0.0034441258758306503
0.0010023443028330803,0.501448392868042,-0.0034525152295827866
0.0009985193610191345,0.5014652013778687,-0.003448895178735256
0.0009945211932063103,0.5014492869377136,-0.00347005482763052
0.0009984341450035572,0.5014488697052002,-0.0034808795899152756
0.0010082628577947617,0.5014631748199463,-0.003465179353952408
0.000982374418526888,0.5014755725860596,-0.003443712368607521
0.0010099401697516441,0.5014452338218689,-0.003421412780880928
0.0010301168076694012,0.5014432668685913,-0.0034213336184620857
0.0010482859797775745,0.5014402270317078,-0.003429599106311798
0.0010860897600650787,0.5014404058456421,-0.003404313698410988
0.0011518355458974838,0.5014303922653198,-0.003336450085043907
0.0011880705133080482,0.5014508366584778,-0.0032713748514652252
0.0011917753145098686,0.501452624797821,-0.0032188519835472107
0.0011825994588434696,0.5014444589614868,-0.0031922096386551857
0.0011766673997044563,0.5014126896858215,-0.0032180575653910637
0.0011730226688086987,0.5014135837554932,-0.0032663922756910324
0.0012027723714709282,0.5014209747314453,-0.0032509639859199524
0.0012435032986104488,0.5014386773109436,-0.0032015619799494743
0.0013062967918813229,0.5014381408691406,-0.0031435824930667877
0.0013161306269466877,0.5014438629150391,-0.003158475272357464
0.0013015586882829666,0.5014440417289734,-0.0031859157606959343
0.0012488500215113163,0.5014485716819763,-0.003204415552318096
0.001185738481581211,0.5014535188674927,-0.003230375237762928
0.0011605871841311455,0.5014558434486389,-0.0032737357541918755
0.0011378619819879532,0.5014457106590271,-0.003349906764924526
0.001085564959794283,0.5014528632164001,-0.0034018028527498245
0.0010145404376089573,0.5014743804931641,-0.00343486201018095
0.0010130410082638264,0.5014503598213196,-0.003450184129178524
0.001040617935359478,0.5014546513557434,-0.0034549813717603683
0.001015680842101574,0.50146484375,-0.0034822188317775726
0.0010367501527071,0.5014552474021912,-0.003486616536974907
0.0010679257102310658,0.5014550685882568,-0.003422670066356659
0.0010747280903160572,0.5014815330505371,-0.0033462531864643097
0.0010810722596943378,0.5014758110046387,-0.0033056261017918587
0.0010929107666015625,0.5014529824256897,-0.0033126864582300186
0.0010839584283530712,0.5014578700065613,-0.003371328115463257
0.0010552811436355114,0.5014897584915161,-0.0034291232004761696
0.0010080761276185513,0.5014854073524475,-0.0034860139712691307
0.0009608347900211811,0.5014664530754089,-0.0035470202565193176
0.000882450956851244,0.5014711022377014,-0.0036317771300673485
0.0007985485717654228,0.5014561414718628,-0.00370598491281271
0.000732282642275095,0.5014680624008179,-0.00374468881636858
0.0006936448626220226,0.5014826655387878,-0.003690512850880623
0.0006844513118267059,0.5014944672584534,-0.0036768391728401184
0.0007074191235005856,0.5014700293540955,-0.0036735469475388527
0.0007551941089332104,0.5014715790748596,-0.003728431649506092
0.0006989911198616028,0.5014839172363281,-0.0038241222500801086
0.000656837597489357,0.5014677047729492,-0.0038825785741209984
0.0006281910464167595,0.5014403462409973,-0.0039111170917749405
0.000628266017884016,0.5014196038246155,-0.003898557275533676
0.0007181353867053986,0.5014325976371765,-0.0038258451968431473
0.0008188094943761826,0.5014748573303223,-0.003687734715640545
0.0009038238786160946,0.5014574527740479,-0.0035249385982751846
0.0009559211321175098,0.5014683604240417,-0.0033933501690626144
0.000915254931896925,0.5014562606811523,-0.003381546586751938
0.000913962721824646,0.5014486312866211,-0.0034986790269613266
0.0009256494231522083,0.5014521479606628,-0.0036375578492879868
0.0009445575997233391,0.5014440417289734,-0.003665023483335972
0.0009467885829508305,0.501467227935791,-0.00360727496445179
0.0009369705803692341,0.5014574527740479,-0.003490515984594822
0.0009691342711448669,0.5014699697494507,-0.0033993273973464966
0.0010368549264967442,0.5014412999153137,-0.003334514796733856
0.0010769926011562347,0.5014693737030029,-0.0033026374876499176
0.0011476129293441772,0.501471221446991,-0.0032603442668914795
0.001192282885313034,0.501462996006012,-0.003214527852833271
0.0012123556807637215,0.5014744400978088,-0.003193850629031658
0.0011949674226343632,0.5014815926551819,-0.003263009712100029
0.0011500758118927479,0.5014675259590149,-0.0033536870032548904
0.0011150329373776913,0.5014841556549072,-0.0034447917714715004
0.001073393039405346,0.5014776587486267,-0.003508026711642742
0.001031461637467146,0.5014793276786804,-0.003549843095242977
0.0009982278570532799,0.5014379620552063,-0.00356168020516634
0.0009672194719314575,0.5014468431472778,-0.0035863202065229416
0.0009360630065202713,0.5014299154281616,-0.003530459478497505
0.0009631835855543613,0.5014402270317078,-0.0034191664308309555
0.0010642916895449162,0.5014654994010925,-0.0033133337274193764
0.0011232215911149979,0.5014593005180359,-0.003221621736884117
0.0011576563119888306,0.5014806389808655,-0.003208913840353489
0.0011309622786939144,0.5014660358428955,-0.003220614977180958
0.0010612611658871174,0.5014552474021912,-0.003305520862340927
0.000982282217592001,0.5014263987541199,-0.00346473790705204
0.0009337062947452068,0.5014376640319824,-0.0036060959100723267
0.000874590128660202,0.5014225840568542,-0.0036896131932735443
0.0008640317246317863,0.5014358162879944,-0.003685438074171543
0.0008820262737572193,0.5014532804489136,-0.0036203917115926743
0.0009035696275532246,0.5014758706092834,-0.003570467233657837
0.0009512691758573055,0.5014846324920654,-0.0034765182062983513
0.0009810728952288628,0.5014604330062866,-0.003435978665947914
0.0009694653563201427,0.5014352798461914,-0.0034026633948087692
0.0009285486303269863,0.5014544129371643,-0.0033773519098758698
0.0008660000748932362,0.5014685988426208,-0.00344893429428339
0.0008660899475216866,0.5014386773109436,-0.003542054444551468
0.0008596121333539486,0.5014325976371765,-0.0036123618483543396
0.000909801572561264,0.5014488697052002,-0.0036344164982438087
0.0009801564738154411,0.5014600157737732,-0.0035404739901423454
0.0010268003679811954,0.5014693737030029,-0.0034440215677022934
0.0010504922829568386,0.5014722943305969,-0.003434952348470688
0.0010472089052200317,0.501431405544281,-0.0034953197464346886
0.0010234997607767582,0.5014365315437317,-0.0034954510629177094
0.000990273430943489,0.5014708638191223,-0.0034309588372707367
0.0009641521610319614,0.5014654397964478,-0.0034105200320482254
0.001016948837786913,0.5014314651489258,-0.003423720598220825
0.001056784763932228,0.50142902135849,-0.0034290486946702003
0.0010793711990118027,0.5014660358428955,-0.0033867936581373215
0.0011250008828938007,0.5014660358428955,-0.0033170152455568314
0.00115900207310915,0.5014428496360779,-0.003314550966024399
0.0011324160732328892,0.5014411807060242,-0.0033300649374723434
0.0010373694822192192,0.501460611820221,-0.0033942200243473053
0.0009176530875265598,0.5014430284500122,-0.0035173892974853516
0.0008857809007167816,0.5014318823814392,-0.0035851188004016876
0.000893536489456892,0.5014388561248779,-0.0035840170457959175
0.0009573511779308319,0.5014564394950867,-0.0035365568473935127
0.0010627866722643375,0.5014839172363281,-0.0034494679421186447
0.0011055637151002884,0.5014623999595642,-0.0033837491646409035
0.0010551721788942814,0.5014642477035522,-0.0033823633566498756
0.0010335743427276611,0.5014784932136536,-0.003365643322467804
0.001004979945719242,0.5014532804489136,-0.0034535862505435944
0.0009696059860289097,0.501442015171051,-0.003538547083735466
0.0009267465211451054,0.5014352798461914,-0.0036016795784235
0.0009311423636972904,0.5014477968215942,-0.0036390479654073715
0.0009681726805865765,0.5014144778251648,-0.003629583865404129
0.0009858356788754463,0.5014379024505615,-0.003580961376428604
0.0010000425390899181,0.5014544725418091,-0.00347199197858572
0.0009876922704279423,0.5015050768852234,-0.003350956365466118
0.0009063072502613068,0.5014668107032776,-0.0033555030822753906
0.0008995016105473042,0.5014005899429321,-0.0034856637939810753
0.0009035291150212288,0.501388430595398,-0.0036309864372015
0.0008517387323081493,0.5014209747314453,-0.003752533346414566
0.0009555472061038017,0.5014820694923401,-0.003747638314962387
0.0010316031984984875,0.5014866590499878,-0.0035419631749391556
0.001042323186993599,0.5014961361885071,-0.0033134939149022102
0.001086947973817587,0.501437783241272,-0.0032861139625310898
0.0011629355140030384,0.5014193058013916,-0.003318256698548794
0.0011570518836379051,0.5014710426330566,-0.003275700844824314
0.001106342300772667,0.501474142074585,-0.0033304262906312943
0.0011152285151183605,0.5014453530311584,-0.003277285024523735
0.0011012707836925983,0.5014198422431946,-0.0032454151660203934
0.0010820012539625168,0.5014340281486511,-0.0032703690230846405
0.001135153230279684,0.5014738440513611,-0.00323393102735281
0.0011480404064059258,0.5014697909355164,-0.0032491376623511314
0.001168981660157442,0.5014625787734985,-0.0032394565641880035
0.0011557326652109623,0.5014498233795166,-0.003250175155699253
0.0011434159241616726,0.5014387369155884,-0.00329612847417593
0.001132383942604065,0.5014423727989197,-0.0033001061528921127
0.0010920194908976555,0.5014601945877075,-0.0033117467537522316
0.0010535609908401966,0.5014551877975464,-0.0033116014674305916
0.0010151448659598827,0.5014640092849731,-0.003369547426700592
0.0009908503852784634,0.5014621019363403,-0.003444299101829529
0.0009369743056595325,0.5014606714248657,-0.0035190926864743233
0.000894568394869566,0.5014551877975464,-0.0035999929532408714
0.0008610221557319164,0.5014427900314331,-0.003586770035326481
0.0008316645398736,0.5014514327049255,-0.0035771382972598076
0.0008400902152061462,0.5014584064483643,-0.0035396674647927284
0.0009032082743942738,0.5014640092849731,-0.00348111055791378
0.0009539942257106304,0.5014543533325195,-0.0034550055861473083
0.0010089422576129436,0.5014557838439941,-0.003409339115023613
0.0010228408500552177,0.5014545321464539,-0.0034047262743115425
0.0010123462416231632,0.5014528632164001,-0.0034327488392591476
0.0010374742560088634,0.5014510154724121,-0.0034143803641200066
0.0010368749499320984,0.5014683604240417,-0.0033835172653198242
0.0010405867360532284,0.5014581084251404,-0.0033516045659780502
0.0010412461124360561,0.501453161239624,-0.003336183726787567
0.0010349755175411701,0.5014694333076477,-0.0033504636958241463
0.0010237693786621094,0.5014593005180359,-0.0033714892342686653
0.0010442263446748257,0.5014554858207703,-0.003366422839462757
0.0010402924381196499,0.5014589428901672,-0.0033819638192653656
0.0010327990166842937,0.5014605522155762,-0.003409111872315407
0.001031388994306326,0.5014600157737732,-0.003398781642317772
0.0010225055739283562,0.5014688968658447,-0.003388097509741783
0.0010013398714363575,0.5014743208885193,-0.0034020328894257545
0.001011313870549202,0.5014562606811523,-0.003409280441701412
0.0010376409627497196,0.5014427304267883,-0.0034103766083717346
0.0010620951652526855,0.5014452934265137,-0.0033696312457323074
0.0011148396879434586,0.5014473795890808,-0.0033064307644963264
0.001139007043093443,0.5014773011207581,-0.003286954015493393
0.0011456208303570747,0.5014386177062988,-0.0033303406089544296
0.0011479156091809273,0.5014196038246155,-0.0033759502694010735
0.001113825011998415,0.5014386177062988,-0.0033548399806022644
0.0011016088537871838,0.5014567375183105,-0.00330494437366724
0.0011258292943239212,0.5014500617980957,-0.0032861586660146713
0.0011334549635648727,0.5014320015907288,-0.0032740486785769463
0.00109002273529768,0.5014373660087585,-0.0032841917127370834
0.001043548807501793,0.5014241337776184,-0.0033540213480591774
0.0010794908739626408,0.5014386773109436,-0.003378898836672306
0.00110236881300807,0.5014435052871704,-0.003391033038496971
0.0010761604644358158,0.5014572143554688,-0.0033469395712018013
0.0010849679820239544,0.5014461278915405,-0.003290260210633278
0.001066048163920641,0.5014066100120544,-0.003329305909574032
0.0010769916698336601,0.5014172792434692,-0.0033774767071008682
0.0010811593383550644,0.5014196038246155,-0.003360914997756481
0.0011084843426942825,0.5014302730560303,-0.003305968828499317
0.0011365371756255627,0.5014427304267883,-0.003153895027935505
0.0011261622421443462,0.5014769434928894,-0.003088364377617836
0.0010606166906654835,0.5014609098434448,-0.00319785438477993
0.0009730495512485504,0.5014235973358154,-0.0033714259043335915
0.0008882135152816772,0.5014374256134033,-0.0035175923258066177
0.0008101598359644413,0.501424252986908,-0.0036305561661720276
0.0008533787913620472,0.501439094543457,-0.0035993708297610283
0.0008683828637003899,0.5014782547950745,-0.0036087166517972946
0.0008705016225576401,0.501527726650238,-0.003559991717338562
0.0009215227328240871,0.5014888644218445,-0.00356944277882576
0.0009164256043732166,0.5014415383338928,-0.003580844961106777
0.0009480598382651806,0.5014238953590393,-0.003613441251218319
0.0009603546932339668,0.5014471411705017,-0.003637995570898056
0.0010756566189229488,0.5014500617980957,-0.0035032574087381363
0.0011256258003413677,0.5014798641204834,-0.003376966342329979
0.001166746485978365,0.5014622211456299,-0.003253762610256672
0.0011846711859107018,0.5014495849609375,-0.003193478100001812
0.0011501209810376167,0.501447319984436,-0.003235097974538803
0.0011366158723831177,0.501467227935791,-0.0033135609701275826
0.0011288686655461788,0.5014721751213074,-0.0033488543704152107
0.001084265299141407,0.5014642477035522,-0.003356172703206539
0.001081686932593584,0.5014564990997314,-0.00338079035282135
0.0010654907673597336,0.5014428496360779,-0.003409847617149353
0.0010483553633093834,0.5014500617980957,-0.0034129200503230095
0.0010487302206456661,0.5014621019363403,-0.0033807726576924324
0.0010419772006571293,0.501462996006012,-0.0033837230876088142
0.0010366006754338741,0.5014661550521851,-0.003382680006325245
0.0010280064307153225,0.5014637112617493,-0.003388272598385811
0.001022938173264265,0.5014756321907043,-0.003416537307202816
0.001043397467583418,0.5014602541923523,-0.003423376940190792
0.0010598963126540184,0.5014454126358032,-0.0034259604290127754
0.0010630055330693722,0.5014351606369019,-0.0034039905294775963
0.00107243238016963,0.5014490485191345,-0.003382650204002857
0.0010877507738769054,0.5014567375183105,-0.0033449800685048103
0.0010890341363847256,0.5014613270759583,-0.003318769857287407
0.0010708007030189037,0.5014572143554688,-0.0033424291759729385
0.0010421010665595531,0.5014504194259644,-0.0033617736771702766
0.0010262317955493927,0.5014500617980957,-0.0033960798755288124
0.00104520283639431,0.5014163255691528,-0.0034387316554784775
0.0010776054114103317,0.5014393925666809,-0.0033970726653933525
0.0010997303761541843,0.5014557838439941,-0.0033520981669425964
0.0011086366139352322,0.5014609694480896,-0.003290649503469467
0.0011498969979584217,0.5014411211013794,-0.003210386261343956
0.0011584335006773472,0.5014488101005554,-0.0032075662165880203
0.0011569000780582428,0.5014587640762329,-0.003198397345840931
0.0011645378544926643,0.5014433860778809,-0.003219674341380596
0.0011896062642335892,0.5014666318893433,-0.003220091573894024
0.0011925254948437214,0.5014220476150513,-0.003252931870520115
0.0011866195127367973,0.5014072060585022,-0.003238954581320286
0.0011619320139288902,0.5014315247535706,-0.003238256089389324
0.001097369473427534,0.5014586448669434,-0.003229842521250248
0.0011691022664308548,0.5014352202415466,-0.003204094246029854
0.0011780327185988426,0.5014334917068481,-0.003249233588576317
0.0011008717119693756,0.5014529228210449,-0.003281830810010433
0.0010456610471010208,0.501505434513092,-0.0033890847116708755
0.0009642704389989376,0.5014539361000061,-0.0034701358526945114
0.000909152440726757,0.501466691493988,-0.003512526862323284
0.0008447556756436825,0.5014767050743103,-0.0035491716116666794
0.0008177454583346844,0.5014588236808777,-0.0035813013091683388
0.0008206670172512531,0.5014733076095581,-0.0036222832277417183
0.0008349665440618992,0.5014150142669678,-0.0037048477679491043
0.000901342835277319,0.5014302134513855,-0.0036639366298913956
0.0009265444241464138,0.501487135887146,-0.003651338629424572
0.0009420174174010754,0.5014879107475281,-0.003633805550634861
0.0010387450456619263,0.5014168620109558,-0.003562335856258869
0.001051043625921011,0.501453697681427,-0.003422818146646023
0.0010991175659000874,0.5014782547950745,-0.003366384655237198
0.0011488455347716808,0.5015039443969727,-0.0032933037728071213
0.0011947816237807274,0.5014593601226807,-0.0032294485718011856
0.0011152736842632294,0.5014374256134033,-0.003351372666656971
0.0010902564972639084,0.501430094242096,-0.003408096730709076
0.001051244791597128,0.5014559626579285,-0.0034329937770962715
0.0010527404956519604,0.5014626979827881,-0.0034140050411224365
0.0010877870954573154,0.5014456510543823,-0.003365994431078434
0.0010933419689536095,0.5014378428459167,-0.003358086571097374
0.0011037848889827728,0.5014357566833496,-0.003359925001859665
0.0011511901393532753,0.5014508962631226,-0.003319893963634968
0.0011861799284815788,0.5014680027961731,-0.0032721497118473053
0.0012340066023170948,0.5014527440071106,-0.003243853338062763
0.0012533492408692837,0.5014466047286987,-0.0032252566888928413
0.0012288675643503666,0.5014525055885315,-0.0032225698232650757
0.001182500272989273,0.5014747977256775,-0.003199303522706032
0.0011460473760962486,0.5014665126800537,-0.0031867465004324913
0.0011399127542972565,0.5014451742172241,-0.003215854987502098
0.0011256756260991096,0.501433253288269,-0.0033244388177990913
0.0010903188958764076,0.5014516115188599,-0.003403071314096451
0.001077495515346527,0.5014731884002686,-0.003411947749555111
0.0010815011337399483,0.5014364123344421,-0.003402233123779297
0.0010935026220977306,0.501434862613678,-0.0033488133922219276
0.0011089383624494076,0.5014635324478149,-0.0033499281853437424
0.0011185589246451855,0.501453161239624,-0.003369860351085663
0.0011833240278065205,0.5014368891716003,-0.0033453088253736496
0.0011226572096347809,0.5014705061912537,-0.003341192379593849
0.0011001736856997013,0.501459002494812,-0.0032847020775079727
0.001181111205369234,0.5014429092407227,-0.0032058320939540863
0.0011845296248793602,0.5014383792877197,-0.0031956639140844345
0.001204704400151968,0.5014522075653076,-0.0032627368345856667
0.0011765118688344955,0.5014485716819763,-0.0032482342794537544
0.001180767547339201,0.5014676451683044,-0.0031277984380722046
0.0011846628040075302,0.5014744400978088,-0.003095511347055435
0.001197553239762783,0.5014544129371643,-0.003162762150168419
0.0011765062808990479,0.5014528036117554,-0.0032445015385746956
0.0011594188399612904,0.5014588832855225,-0.0032871607691049576
0.0011601303704082966,0.5014520287513733,-0.003311494365334511
0.0011451304890215397,0.5014371871948242,-0.003308124840259552
0.0011415020562708378,0.5014328956604004,-0.0032971706241369247
0.0010949145071208477,0.501458466053009,-0.0033340491354465485
0.0010774810798466206,0.5014452934265137,-0.003364832140505314
0.0010730256326496601,0.501469075679779,-0.0033810678869485855
0.0010445578955113888,0.5014713406562805,-0.0033777495846152306
0.001013527624309063,0.5014681220054626,-0.0034138038754463196
0.0010014623403549194,0.5014560222625732,-0.0034296363592147827
0.0009580720216035843,0.5014694929122925,-0.0034938575699925423
0.0009393314830958843,0.501461386680603,-0.0035563502460718155
0.0009494512341916561,0.5014714002609253,-0.0035371631383895874
0.0009245923720300198,0.5014652013778687,-0.00354586448520422
0.0009188475087285042,0.501484751701355,-0.0035515539348125458
0.0009171408601105213,0.5014722347259521,-0.0035409918054938316
0.0008950908668339252,0.5014662742614746,-0.0035589272156357765
0.0009474372491240501,0.5014153122901917,-0.0035609472543001175
0.0010243766009807587,0.5014327168464661,-0.0035440009087324142
0.0011096661910414696,0.5014558434486389,-0.0034440606832504272
0.0011640223674476147,0.5014781951904297,-0.0032832492142915726
0.0011861464008688927,0.5014631748199463,-0.003153356723487377
0.0011803093366324902,0.5014483332633972,-0.003176594153046608
0.001161143183708191,0.5014407634735107,-0.003239048644900322
0.0011164075694978237,0.501444399356842,-0.0033351853489875793
0.001071115955710411,0.5014405846595764,-0.0034016594290733337
0.0010386244393885136,0.5014626383781433,-0.0034155044704675674
0.0010127299465239048,0.501476526260376,-0.0034342901781201363
0.001039853785187006,0.5014549493789673,-0.0034488337114453316
0.0010759425349533558,0.5014410018920898,-0.003443134017288685
0.001075812615454197,0.5014404654502869,-0.0034088194370269775
0.0010808850638568401,0.5014577507972717,-0.003384760580956936
0.0011414946056902409,0.5014480948448181,-0.003307286649942398
0.0011864062398672104,0.5014565587043762,-0.003219941630959511
0.0011915056966245174,0.5014602541923523,-0.0031743599101901054
0.0011883298866450787,0.501474142074585,-0.003161049447953701
0.0011634007096290588,0.5014613270759583,-0.0032183825969696045
0.001144395675510168,0.5014532208442688,-0.003270973451435566
0.0010964847169816494,0.5014468431472778,-0.00334866251796484
0.0010787560604512691,0.5014684200286865,-0.0034089945256710052
0.001082531176507473,0.5014535784721375,-0.0034175319597125053
0.001071091741323471,0.5014614462852478,-0.0033713309094309807
0.0010647489689290524,0.5014628171920776,-0.0033520683646202087
0.0010654088109731674,0.5014467239379883,-0.0033740270882844925
0.0010723276063799858,0.5014356970787048,-0.0033710310235619545
0.0010275696404278278,0.5014581680297852,-0.0033880677074193954
0.001011174637824297,0.5014703869819641,-0.0033920081332325935
0.0010154806077480316,0.5014750957489014,-0.003392692655324936
0.0009966674260795116,0.5014665722846985,-0.003441714681684971
0.0009709978476166725,0.5014640092849731,-0.003473280929028988
0.0009445985779166222,0.5014628171920776,-0.0035028085112571716
0.0009428882040083408,0.5014583468437195,-0.003536083735525608
0.0009560664184391499,0.5014588832855225,-0.003518432378768921
0.0009467797353863716,0.5014545917510986,-0.0035451771691441536
0.0009315907955169678,0.5014512538909912,-0.0035434430465102196
0.0009652520529925823,0.501421332359314,-0.0035527274012565613
0.0009840158745646477,0.5014324188232422,-0.0035512614995241165
0.0010385503992438316,0.5014339089393616,-0.003441436216235161
0.0010988987050950527,0.5014510154724121,-0.003348526544868946
0.0011240760795772076,0.5014662146568298,-0.003289574757218361
0.0011533214710652828,0.5013995170593262,-0.003316395916044712
0.0011428329162299633,0.5014361143112183,-0.0032822992652654648
0.001111137680709362,0.5014679431915283,-0.003253903239965439
0.0011085695587098598,0.5014654397964478,-0.003254467621445656
0.0011236779391765594,0.5014430284500122,-0.003246001899242401
0.0010535595938563347,0.5014363527297974,-0.0032869912683963776
0.001044594682753086,0.5014360547065735,-0.00328887440264225
0.0010820766910910606,0.5014627575874329,-0.0032521672546863556
0.001093297265470028,0.501471221446991,-0.0032875603064894676
0.0011131423525512218,0.501435399055481,-0.0033347727730870247
0.0011478010565042496,0.5014231204986572,-0.0033714938908815384
0.0011018919758498669,0.5014371871948242,-0.003403325565159321
0.001060140784829855,0.5014557242393494,-0.003379669040441513
0.0010253018699586391,0.5014647841453552,-0.0033648060634732246
0.000998747069388628,0.5014623403549194,-0.003385063260793686
0.000989583320915699,0.5014612674713135,-0.003416679799556732
0.0010051261633634567,0.5014558434486389,-0.0034567592665553093
0.001037074252963066,0.5014719367027283,-0.0034275799989700317
0.0010478724725544453,0.5014746785163879,-0.0034160446375608444
0.0010492955334484577,0.5014563202857971,-0.003413969650864601
0.001090554054826498,0.5014452338218689,-0.003377443179488182
0.0010916460305452347,0.5014750957489014,-0.0033577438443899155
0.0011217962019145489,0.5014780163764954,-0.0033280672505497932
0.0011364645324647427,0.5014731287956238,-0.0033096307888627052
0.0011116880923509598,0.5014546513557434,-0.0033401912078261375
0.0010766726918518543,0.5014609098434448,-0.003413860686123371
0.001082360278815031,0.501431941986084,-0.003458769991993904
0.0011227671056985855,0.5014200806617737,-0.0034414837136864662
0.0011686361394822598,0.5014752745628357,-0.00332697294652462
0.0012255809269845486,0.501469075679779,-0.0031912103295326233
0.0012693214230239391,0.5014441609382629,-0.0031276103109121323
0.0012685712426900864,0.5014256238937378,-0.0031115803867578506
0.0012442958541214466,0.5014342069625854,-0.0031469184905290604
0.0012173778377473354,0.5014448165893555,-0.0031999703496694565
0.0012614666484296322,0.501436710357666,-0.0032817162573337555
0.0012261783704161644,0.5014988780021667,-0.0033129770308732986
0.001149499323219061,0.5014727115631104,-0.0033339858055114746
0.0010022148489952087,0.5014280676841736,-0.0034281332045793533
0.0009446875192224979,0.5014126896858215,-0.003675670363008976
0.0009219939820468426,0.5014227628707886,-0.003833337686955929
0.0009748819284141064,0.5014902949333191,-0.0036145271733403206
0.0011459081433713436,0.5014866590499878,-0.003293415531516075
0.0012050783261656761,0.501450777053833,-0.003205307759344578
0.001179172657430172,0.5014598369598389,-0.0033767567947506905
0.0011210925877094269,0.5014356970787048,-0.0034759370610117912
0.0011291583068668842,0.5014622211456299,-0.0034429356455802917
0.0010472466237843037,0.5015069842338562,-0.00340396910905838
0.001006287056952715,0.5014882683753967,-0.0034270603209733963
0.0009699398651719093,0.501469612121582,-0.0034883571788668633
0.0008990024216473103,0.5014520287513733,-0.0035871481522917747
0.0009165364317595959,0.5014402270317078,-0.003607739694416523
0.0009782356210052967,0.5014396905899048,-0.0035137832164764404
0.0010401662439107895,0.5014826059341431,-0.0033791018649935722
0.0010900311172008514,0.5014821290969849,-0.0033243466168642044
0.0011089667677879333,0.5014474987983704,-0.0034070638939738274
0.0010307314805686474,0.5014662146568298,-0.0035317353904247284
0.0009276047348976135,0.5014745593070984,-0.003623814322054386
0.0009071473032236099,0.5014824867248535,-0.0036289626732468605
0.0009045745246112347,0.5014844536781311,-0.003604399971663952
0.000913761556148529,0.5014721751213074,-0.0036137625575065613
0.0009296108037233353,0.5014447569847107,-0.0036036092787981033
0.0009851595386862755,0.5014016628265381,-0.0035831015557050705
0.0010571572929620743,0.5014824271202087,-0.0034265220165252686
0.0011427639983594418,0.5014652013778687,-0.003296623006463051
0.001260525081306696,0.5014386177062988,-0.0031084660440683365
0.0013402369804680347,0.5014445185661316,-0.0029695862904191017
0.0013004899956285954,0.5015071034431458,-0.0029584066942334175
0.0013482156209647655,0.5014463663101196,-0.0030429838225245476
0.0013272175565361977,0.5014357566833496,-0.0031622815877199173
0.0012370184995234013,0.5014592409133911,-0.0033174436539411545
0.0011401143856346607,0.5014262199401855,-0.0034339483827352524
0.001113085076212883,0.5014643669128418,-0.0033965017646551132
0.0010224506258964539,0.5014929175376892,-0.0033932039514184
0.0010312148369848728,0.5014702081680298,-0.0034080632030963898
0.0010924781672656536,0.501421332359314,-0.0034294147044420242
0.001158103346824646,0.5014256834983826,-0.003390161320567131
0.0012312033213675022,0.5014859437942505,-0.0033138543367385864
0.0012898524291813374,0.5014752745628357,-0.0032167695462703705
0.0013603544794023037,0.5014650225639343,-0.003148874267935753
0.001283416524529457,0.5014491677284241,-0.0031448304653167725
0.001163045410066843,0.5014756917953491,-0.003216809593141079
0.0010285070165991783,0.5014414191246033,-0.003374350257217884
0.0009016497060656548,0.5014324188232422,-0.003566315397620201
0.000807903241366148,0.5014222264289856,-0.003690873272716999
0.000820954330265522,0.501461386680603,-0.003714044578373432
0.000912331510335207,0.5014512538909912,-0.0036408090963959694
0.000972225796431303,0.5014582872390747,-0.003510880284011364
0.0009957295842468739,0.5014398097991943,-0.003470056690275669
0.0009337123483419418,0.5014260411262512,-0.0034562088549137115
0.0008710524998605251,0.5014740824699402,-0.0034600552171468735
0.0008665970526635647,0.5014325380325317,-0.003574937582015991
0.0008326191455125809,0.5014759302139282,-0.0036242641508579254
0.000769623089581728,0.5015074610710144,-0.0036784764379262924
0.0007842076011002064,0.5014317035675049,-0.0037719951942563057
0.0007572914473712444,0.5014363527297974,-0.003862912766635418
0.000712705310434103,0.5014516711235046,-0.003942594863474369
0.0006884457543492317,0.501478910446167,-0.0040712496265769005
0.0006406279280781746,0.501508355140686,-0.0041628070175647736
0.0005663614720106125,0.5015393495559692,-0.004121833480894566
0.0005163289606571198,0.5014961361885071,-0.004098157398402691
0.0005059563554823399,0.5014938712120056,-0.004134734161198139
0.0006461204029619694,0.5016087293624878,-0.00422406941652298
0.0005974876694381237,0.5016053318977356,-0.004066799767315388
0.0005626804195344448,0.5015648007392883,-0.004088525660336018
0.0005581616424024105,0.5015274882316589,-0.0041039688512682915
0.0005653896369040012,0.5015091896057129,-0.004105585627257824
0.0005208202637732029,0.5015486478805542,-0.00411742739379406
0.0005033425986766815,0.5015546679496765,-0.004049955867230892
0.0005113729275763035,0.5015448927879333,-0.00403837114572525
0.0005514719523489475,0.501492977142334,-0.004135689698159695
0.0005673356354236603,0.5014216899871826,-0.004252418875694275
0.0005897590890526772,0.5014402866363525,-0.004236597567796707
0.0007105730473995209,0.5014020800590515,-0.004124654456973076
0.0009180824272334576,0.5013921856880188,-0.0038091912865638733
0.0011793766170740128,0.5014168620109558,-0.003461291082203388
0.0013823932968080044,0.5014691352844238,-0.003200320526957512
0.0015957891009747982,0.5013427138328552,-0.0029935259371995926
0.001658792607486248,0.5013664364814758,-0.0028788400813937187
0.001654716208577156,0.5014082789421082,-0.0027239443734288216
0.0015790578909218311,0.5014048218727112,-0.0026076091453433037
0.0017331442795693874,0.5013034343719482,-0.0024821795523166656
0.001829509623348713,0.5013142228126526,-0.002515832893550396
0.0017633181996643543,0.5013732314109802,-0.0025161541998386383
0.0018320484086871147,0.5013739466667175,-0.0024900464341044426
0.0018040668219327927,0.5013281106948853,-0.0026853103190660477
0.0018119760788977146,0.5013517737388611,-0.003094065934419632
0.0016652313061058521,0.5013945698738098,-0.0032237498089671135
0.0014221384190022945,0.5014697313308716,-0.0032318448647856712
0.0010109785944223404,0.5013434886932373,-0.0033154794946312904
0.0007308907806873322,0.5013625025749207,-0.003756662830710411
0.0006059394218027592,0.5014068484306335,-0.0038391267880797386
0.0006334115751087666,0.5015116333961487,-0.003747638314962387
0.000801414716988802,0.5014492869377136,-0.0036150217056274414
0.0009135724976658821,0.501554548740387,-0.003480108454823494
0.0008692801930010319,0.5015026330947876,-0.0036140214651823044
0.0008366098627448082,0.5014531016349792,-0.0037663159891963005
0.0006519872695207596,0.5014551281929016,-0.003839811310172081
0.0004974436014890671,0.5014828443527222,-0.00422577653080225
0.0003772941417992115,0.5015303492546082,-0.004319376312196255
0.00043180352076888084,0.5014421939849854,-0.0041908081620931625
0.0005073249340057373,0.5013704895973206,-0.004208117723464966
0.0006577065214514732,0.5013933777809143,-0.004073379561305046
0.0007499381899833679,0.5015721917152405,-0.0038122599944472313
0.0007842476479709148,0.5015684366226196,-0.003741266205906868
0.0008396850898861885,0.5014031529426575,-0.0038082459941506386
0.000817442312836647,0.5013308525085449,-0.003792385570704937
0.0006087538786232471,0.5014641284942627,-0.003951809369027615
0.0006547481752932072,0.5014692544937134,-0.004035742953419685
0.0006932211108505726,0.501611053943634,-0.003952386789023876
0.0004951632581651211,0.501599133014679,-0.004170791245996952
0.0003534313291311264,0.5014144778251648,-0.004467870108783245
0.00025738729164004326,0.5014488697052002,-0.004515171982347965
-7.265107706189156e-05,0.5014088153839111,-0.004775662906467915
-3.903824836015701e-05,0.5013765692710876,-0.00479003693908453
9.261863306164742e-05,0.501517117023468,-0.004552407190203667
0.00022899871692061424,0.5016584396362305,-0.004278128035366535
0.0004091840237379074,0.5015310049057007,-0.004103752784430981
0.0006660125218331814,0.5013768672943115,-0.004129009321331978
0.0005157650448381901,0.501352071762085,-0.004176591522991657
0.0004988498985767365,0.5014077425003052,-0.004027862101793289
0.0007897336035966873,0.5016086101531982,-0.0037338649854063988
0.0006679175421595573,0.501512885093689,-0.0034277141094207764
0.0006423522718250751,0.5013439655303955,-0.003859235905110836
0.0006342674605548382,0.5013079047203064,-0.0041026826947927475
0.0003231414593756199,0.5013353228569031,-0.004292751662433147
0.0005471277981996536,0.5016024112701416,-0.004420596174895763
0.0005264254286885262,0.5015292763710022,-0.004305658861994743
0.0005630897358059883,0.5014054775238037,-0.004305480048060417
0.0005627074278891087,0.5013175010681152,-0.004121952690184116
0.0006048809736967087,0.5012695789337158,-0.004083646461367607
0.0006314544007182121,0.5013871192932129,-0.004060426726937294
0.0005478113889694214,0.5013343095779419,-0.003912671469151974
0.00046140188351273537,0.5012970566749573,-0.003893972374498844
0.0004408727400004864,0.501327395439148,-0.004105140455067158
0.0005303476937115192,0.5013307929039001,-0.004097865894436836
0.0005174162797629833,0.5015190243721008,-0.004158752039074898
0.000376739539206028,0.5015406608581543,-0.004323233850300312
0.00043208757415413857,0.5014558434486389,-0.004357633180916309
0.000383191742002964,0.5015519261360168,-0.004450329579412937
0.00020374543964862823,0.5014567971229553,-0.0045937588438391685
0.000492581631988287,0.5014503598213196,-0.004414346069097519
0.0004586176946759224,0.5014846920967102,-0.004273923113942146
0.00035507790744304657,0.5014722347259521,-0.0040563251823186874
0.0005573057569563389,0.5014985203742981,-0.003820255398750305
0.0005591395311057568,0.5014272332191467,-0.00391757395118475
0.0007334123365581036,0.5013011693954468,-0.004058182239532471
0.0008671246469020844,0.5014072060585022,-0.004120479337871075
0.0006930530071258545,0.5015113949775696,-0.0038587190210819244
0.0007015829905867577,0.5015053153038025,-0.003625752404332161
0.0008370298892259598,0.5014968514442444,-0.00371534563601017
0.000801850575953722,0.5014351010322571,-0.0039952900260686874
0.0006554131396114826,0.5013853311538696,-0.0042190346866846085
0.00046175625175237656,0.5014158487319946,-0.004403447732329369
0.0002975338138639927,0.5014474987983704,-0.004377162083983421
0.0003871261142194271,0.5014778971672058,-0.004117816686630249
0.0005143028683960438,0.5014863610267639,-0.0038627684116363525
0.0006393981166183949,0.5014535784721375,-0.0037651415914297104
0.0007059378549456596,0.501455545425415,-0.0038417698815464973
0.0007271771319210529,0.5014418363571167,-0.0038571543991565704
0.0007164799608290195,0.5014391541481018,-0.003933697938919067
0.0007202103734016418,0.5014263987541199,-0.00397646427154541
0.0007552667520940304,0.5014153718948364,-0.003987529315054417
0.0007915771566331387,0.5013963580131531,-0.00398678332567215
0.0008596130646765232,0.5014206767082214,-0.0039331624284386635
0.0009208414703607559,0.5014397501945496,-0.0038742944598197937
0.0009419289417564869,0.5014259815216064,-0.0038530565798282623
0.0009910999797284603,0.501422107219696,-0.003875372000038624
0.000965094193816185,0.5013977885246277,-0.0039168475195765495
0.0009445426985621452,0.5013887882232666,-0.003990168683230877
0.000959726981818676,0.501401960849762,-0.004068466834723949
0.0009357836097478867,0.5014371275901794,-0.004158187657594681
0.0008752369321882725,0.501434326171875,-0.00418725423514843
0.0007937322370707989,0.5013819932937622,-0.00418058130890131
0.0007795682176947594,0.5014101266860962,-0.004118643701076508
0.0008418732322752476,0.5014241933822632,-0.004065949469804764
0.0009406451135873795,0.5013894438743591,-0.004040241241455078
0.0011361315846443176,0.5013880133628845,-0.004123152233660221
0.0011466816067695618,0.5013992786407471,-0.004228824749588966
0.0011421022936701775,0.5014075636863708,-0.004325110465288162
0.0010664896108210087,0.5014228224754333,-0.0044082896783947945
0.0009217849001288414,0.5014311671257019,-0.004430106841027737
0.0008172467350959778,0.5014375448226929,-0.004456980153918266
0.0007939510978758335,0.5014206767082214,-0.004540617577731609
0.0007653580978512764,0.5014479160308838,-0.0045750802382826805
0.0007220166735351086,0.5014744997024536,-0.0045637283474206924
0.0006078151054680347,0.5014635324478149,-0.004512304440140724
0.0005510230548679829,0.5014715790748596,-0.00448901392519474
0.0005017360672354698,0.5014819502830505,-0.004513137973845005
0.000499112531542778,0.5014631152153015,-0.004520712420344353
0.0005586207844316959,0.5014738440513611,-0.0045483969151973724
0.0005702762864530087,0.5014595985412598,-0.004522300325334072
0.0005533662624657154,0.5014427304267883,-0.004474128596484661
0.0005986923351883888,0.5014379024505615,-0.004459992982447147
0.0006409292109310627,0.5014625787734985,-0.004373225383460522
0.0006659585051238537,0.5014429092407227,-0.0042783888056874275
0.0007137730717658997,0.5014264583587646,-0.004305237904191017
0.0007296004332602024,0.5014214515686035,-0.004350747913122177
0.000666425097733736,0.5014830231666565,-0.004371005110442638
0.0006397063843905926,0.5015380382537842,-0.004330418072640896
0.0006578722968697548,0.5015665888786316,-0.00432208925485611
0.0006571412086486816,0.5015851855278015,-0.004267390817403793
0.00067170150578022,0.5015793442726135,-0.004224810749292374
0.000672144815325737,0.5015857219696045,-0.004218081012368202
0.0006523733027279377,0.5015935301780701,-0.004211893305182457
0.0006593773141503334,0.5015975832939148,-0.004252523183822632
0.0006425534375011921,0.5015838742256165,-0.0043081119656562805
0.000654011033475399,0.5015667676925659,-0.004381584003567696
0.0006361715495586395,0.5015425086021423,-0.004409742541611195
0.0006191562861204147,0.5015448331832886,-0.004407686181366444
0.0006497125141322613,0.5015405416488647,-0.004380031488835812
0.0007051951251924038,0.5015321373939514,-0.004330204799771309
0.0007415511645376682,0.5015274882316589,-0.0042678434401750565
0.0007691415958106518,0.5015189051628113,-0.004210388287901878
0.0007763244211673737,0.501516580581665,-0.004179822281002998
0.0007654190994799137,0.5015099048614502,-0.0041602496057748795
0.000735950656235218,0.5015260577201843,-0.004150616005063057
0.0007197977975010872,0.501534640789032,-0.004102778621017933
0.0007477467879652977,0.5015184283256531,-0.004032389260828495
0.0008074971847236156,0.5014868378639221,-0.003969836980104446
0.0008640135638415813,0.5014564394950867,-0.003909650258719921
0.0008837156929075718,0.5014418959617615,-0.003908392041921616
0.0008899243548512459,0.501423716545105,-0.0039552971720695496
0.0008550831116735935,0.5014230608940125,-0.004021310247480869
0.0008189440704882145,0.501417338848114,-0.0040830401703715324
0.0008112723007798195,0.5014256834983826,-0.00411632563918829
0.0008016396313905716,0.5014317631721497,-0.004100453108549118
0.0007985737174749374,0.5014644861221313,-0.004014099948108196
0.0007908614352345467,0.5014851093292236,-0.003934698179364204
0.000805604737251997,0.5014901757240295,-0.003895651549100876
0.0008040200918912888,0.501476526260376,-0.003884032368659973
0.0008021038956940174,0.5014867782592773,-0.003872957080602646
0.0007673404179513454,0.5015097856521606,-0.0038575083017349243
0.0007360931485891342,0.5014938712120056,-0.0038570286706089973
0.0007554604671895504,0.5014806985855103,-0.003909146413207054
0.0007597091607749462,0.5014928579330444,-0.00398704968392849
0.0007531661540269852,0.5015358328819275,-0.004081163555383682
0.000720262061804533,0.5015501379966736,-0.004136361181735992
0.0006631296128034592,0.501546323299408,-0.004173365421593189
0.0006070048548281193,0.5015153288841248,-0.00421798974275589
0.0005654823035001755,0.5015053749084473,-0.004271733574569225
0.0005601015873253345,0.501496434211731,-0.004302584566175938
0.0005632373504340649,0.5014806985855103,-0.004319406114518642
0.0005536871030926704,0.5014946460723877,-0.004322275519371033
0.0005026049911975861,0.5015196800231934,-0.00437978096306324
0.00046061258763074875,0.50154048204422,-0.004484429024159908
0.00044173188507556915,0.5015415549278259,-0.004566800780594349
0.0004418236203491688,0.5015522837638855,-0.004642894491553307
0.00043611740693449974,0.5015051960945129,-0.004686516709625721
0.0005193292163312435,0.5015069246292114,-0.004725133068859577
0.0005908245220780373,0.5014969706535339,-0.0047056833282113075
0.0006867116317152977,0.5014991164207458,-0.00458952784538269
0.0008237324655056,0.5015411972999573,-0.004503901116549969
0.0008424916304647923,0.5015767812728882,-0.004356080666184425
0.0009200866334140301,0.5015624761581421,-0.004218041896820068
0.0009973584674298763,0.5015807151794434,-0.004108289256691933
0.0011062589474022388,0.5015324354171753,-0.00395628996193409
0.0012113014236092567,0.5015064477920532,-0.0037752771750092506
0.0012671910226345062,0.5015067458152771,-0.003636620007455349
0.0012641060166060925,0.501579761505127,-0.003595516085624695
0.0011112447828054428,0.5015891194343567,-0.003659372217953205
0.0009735659696161747,0.5015463829040527,-0.0037980861961841583
0.0009123850613832474,0.5014775395393372,-0.0039127292111516
0.0009078145958483219,0.5015856623649597,-0.0040663378313183784
0.0009533790871500969,0.5015977621078491,-0.003977268934249878
0.0009407657198607922,0.5016183853149414,-0.0039993105456233025
0.0008537443354725838,0.5016147494316101,-0.0040985578671097755
0.0007571931928396225,0.5016471147537231,-0.004178307019174099
0.0006836401298642159,0.5016180872917175,-0.004184296354651451
0.0006015929393470287,0.5015860795974731,-0.004303451627492905
0.0005936394445598125,0.5015908479690552,-0.0043482910841703415
0.0005342927761375904,0.5015832185745239,-0.004470815882086754
0.00043000606819987297,0.5015753507614136,-0.004573065787553787
0.0003924993798136711,0.5015628933906555,-0.004633065313100815
0.0003505377098917961,0.5016146302223206,-0.004648926667869091
0.0003240257501602173,0.501596212387085,-0.004606421105563641
0.0003200843930244446,0.5015823841094971,-0.004631164483726025
0.00028028758242726326,0.5015645623207092,-0.004698328673839569
0.0002797367051243782,0.5015671253204346,-0.004765192046761513
0.00027537764981389046,0.5015622973442078,-0.004754798486828804
0.00022863969206809998,0.5015731453895569,-0.004806632176041603
0.00016400404274463654,0.5015827417373657,-0.0048865871503949165
0.00013596424832940102,0.5015889406204224,-0.004863254725933075
0.00011532660573720932,0.5016069412231445,-0.004701927304267883
0.00013006338849663734,0.5015668272972107,-0.004572871141135693
0.00029601389542222023,0.501558244228363,-0.004445304162800312
0.0003441763110458851,0.5014902353286743,-0.004401416517794132
0.0003235558979213238,0.5014829635620117,-0.004444804973900318
0.00031395815312862396,0.5015178322792053,-0.00446537509560585
0.0002960795536637306,0.501558244228363,-0.004471658729016781
0.0002580941654741764,0.5015413165092468,-0.004476397298276424
0.0001639123074710369,0.5014892816543579,-0.004547138698399067
0.0001821969635784626,0.501481831073761,-0.004654425196349621
0.00015236902981996536,0.5015078783035278,-0.004665262997150421
0.00013889139518141747,0.5014708638191223,-0.004636426456272602
0.0001372508704662323,0.5014182329177856,-0.004643704742193222
0.00010283291339874268,0.5014589428901672,-0.004616406746208668
9.747222065925598e-05,0.5015152096748352,-0.004663948900997639
4.699919372797012e-05,0.5015932321548462,-0.004707410931587219
1.787859946489334e-05,0.501598596572876,-0.004755772650241852
-7.122568786144257e-05,0.5015867352485657,-0.004835725761950016
-0.0001148320734500885,0.5015681982040405,-0.004947364330291748
-0.00010056095197796822,0.5015734434127808,-0.0050756195560097694
-9.976839646697044e-05,0.5016244649887085,-0.0050748977810144424
-0.00010119378566741943,0.5016041994094849,-0.0050278399139642715
-0.00010898848995566368,0.5015302896499634,-0.005006554536521435
-0.0001774318516254425,0.5015048980712891,-0.005030031315982342
-0.0002644159831106663,0.5014699697494507,-0.005087694153189659
-0.00024735555052757263,0.5014899969100952,-0.005177670158445835
-0.0002818736247718334,0.501482367515564,-0.005297317169606686
-0.00033860141411423683,0.5014969706535339,-0.0054417820647358894
-0.00030800094828009605,0.5015007853507996,-0.005531340837478638
-0.0003167693503201008,0.5015046000480652,-0.005568721331655979
-0.00029189977794885635,0.5014796853065491,-0.0055827246978878975
-0.00023935409262776375,0.5014875531196594,-0.005576959811151028
-0.00022101076319813728,0.5014896988868713,-0.005504249595105648
-0.00018452806398272514,0.5014871954917908,-0.005437365733087063
-0.00020011328160762787,0.5014817118644714,-0.005347240716218948
-0.0002520480193197727,0.5014718174934387,-0.005286911502480507
-0.0002936115488409996,0.501471221446991,-0.005255367606878281
-0.00029729539528489113,0.5014795660972595,-0.00521406065672636
-0.0003097429871559143,0.5014720559120178,-0.00518109742552042
-0.00029922323301434517,0.5014973878860474,-0.005155564285814762
-0.0002826671116054058,0.5014871954917908,-0.005154362879693508
-0.00028831837698817253,0.5014933943748474,-0.005151068791747093
-0.0003060312010347843,0.5015002489089966,-0.005131579004228115
-0.00032450398430228233,0.5015461444854736,-0.005134022794663906
-0.0002894420176744461,0.5015435218811035,-0.005132623016834259
-0.00029403436928987503,0.5015767216682434,-0.0051305899396538734
-0.0003484240733087063,0.5015745162963867,-0.0051794396713376045
-0.0003990582190454006,0.5015690922737122,-0.0052317120134830475
-0.0004245741292834282,0.5016075968742371,-0.005269317887723446
-0.0005301651544868946,0.5015881061553955,-0.005404109135270119
-0.0005480586551129818,0.5015709400177002,-0.005501733161509037
-0.0005582100711762905,0.5015575289726257,-0.005637750029563904
-0.000657686498016119,0.5015999674797058,-0.005757875740528107
-0.0006904918700456619,0.5016027688980103,-0.00575599167495966
-0.0007234853692352772,0.5016000866889954,-0.005808748304843903
-0.0007418659515678883,0.5016116499900818,-0.0058647096157073975
-0.0007482529617846012,0.5015610456466675,-0.005922229960560799
-0.0007949993014335632,0.501568615436554,-0.005996333435177803
-0.0008149943314492702,0.5015895962715149,-0.005984604358673096
-0.0007761232554912567,0.5016106367111206,-0.005980679765343666
-0.0007826029323041439,0.5015975832939148,-0.0059593673795461655
-0.0007771090604364872,0.5015965104103088,-0.0059458184987306595
-0.0007703062146902084,0.5015766024589539,-0.005924353376030922
-0.0007782983593642712,0.5016010403633118,-0.005919415503740311
-0.0007815784774720669,0.5016015768051147,-0.0059107039123773575
-0.0007483595982193947,0.5016008019447327,-0.005913864821195602
-0.0007475712336599827,0.5016068816184998,-0.005895376205444336
-0.0007688482291996479,0.501591145992279,-0.005906976759433746
-0.0007637985982000828,0.5015852451324463,-0.005888229236006737
-0.0007574884220957756,0.5015904903411865,-0.005842715501785278
-0.0007243664003908634,0.5015767216682434,-0.0058365315198898315
-0.0006652888841927052,0.5015739798545837,-0.0057868193835020065
-0.0006403662264347076,0.5015734434127808,-0.005799687467515469
-0.0006338017992675304,0.501578152179718,-0.005766917951405048
-0.0006189020350575447,0.5015898942947388,-0.005752289667725563
-0.0006478601135313511,0.5015543103218079,-0.005766971968114376
-0.0006835581734776497,0.5015673041343689,-0.005755485035479069
-0.0007027746178209782,0.5015234351158142,-0.0058038122951984406
-0.0007121367380023003,0.5015236735343933,-0.005852820351719856
-0.0007361671887338161,0.5015144348144531,-0.006001787260174751
-0.0007769078947603703,0.5014935731887817,-0.006125863641500473
-0.0006995871663093567,0.5014887452125549,-0.006109166890382767
-0.0005913637578487396,0.5015031695365906,-0.006015371531248093
-0.000471718143671751,0.5015153288841248,-0.005860425531864166
-0.00034901825711131096,0.5015409588813782,-0.005648061633110046
-0.0002933214418590069,0.5015554428100586,-0.005460422486066818
-0.00026816967874765396,0.5015460252761841,-0.005343848839402199
-0.00024200836196541786,0.5015344023704529,-0.0052507296204566956
-0.00023443344980478287,0.501528263092041,-0.005209374241530895
-0.000256385188549757,0.5014957189559937,-0.005178884603083134
-0.00023116962984204292,0.5014411211013794,-0.005178764462471008
-0.00015007471665740013,0.5014205574989319,-0.005141654051840305
-0.0001056077890098095,0.5014336705207825,-0.005051988177001476
-7.116934284567833e-05,0.5013831257820129,-0.004939960315823555
2.8835143893957138e-05,0.5013492703437805,-0.00484081357717514
0.00016490044072270393,0.5013594031333923,-0.0046722060069441795
0.00026803603395819664,0.5013635158538818,-0.004446893930435181
0.00038947584107518196,0.5013992786407471,-0.004344870336353779
0.0005299029871821404,0.5014570355415344,-0.004297545179724693
0.0005448046140372753,0.5015045404434204,-0.004292255267500877
0.000549370888620615,0.5015066862106323,-0.004349922761321068
0.0005026510916650295,0.5014659762382507,-0.004426741972565651
0.0003932821564376354,0.5014297962188721,-0.0045000966638326645
0.0003312695771455765,0.5014121532440186,-0.004514945670962334
0.00037468597292900085,0.5014054775238037,-0.004460114985704422
0.00046521611511707306,0.5013853907585144,-0.004401710815727711
0.0005628224462270737,0.5014137029647827,-0.004270998761057854
0.0007047033868730068,0.5014438033103943,-0.004043362103402615
0.000812111422419548,0.5014019012451172,-0.003854449838399887
0.0007764124311506748,0.5013908743858337,-0.00375217292457819
0.0007499679923057556,0.5014323592185974,-0.0038101347163319588
0.0007172771729528904,0.5014396905899048,-0.003948048688471317
0.0007038242183625698,0.5015019178390503,-0.003941906616091728
0.000714906957000494,0.5015249252319336,-0.003931631334125996
0.000714596826583147,0.5014720559120178,-0.004007736220955849
0.0006669056601822376,0.5014856457710266,-0.004067785106599331
0.0005450439639389515,0.5015324354171753,-0.004184843972325325
0.000534422229975462,0.5014523267745972,-0.004202289506793022
0.0005873995833098888,0.5014719367027283,-0.004088858142495155
0.0006436388939619064,0.5014744997024536,-0.004035942256450653
0.0006613209843635559,0.5014698505401611,-0.0039030276238918304
0.0006795641966164112,0.5014570355415344,-0.003753082826733589
0.0005332990549504757,0.5014934539794922,-0.003880545496940613
0.0004509282298386097,0.5015031099319458,-0.004058723337948322
0.00042138295248150826,0.5015149712562561,-0.004167325794696808
0.0003788163885474205,0.5015124678611755,-0.0042431289330124855
0.00033914437517523766,0.5015577673912048,-0.00424512755125761
0.0002686283551156521,0.5015739798545837,-0.004285432398319244
0.0003437087871134281,0.5015925765037537,-0.004418698139488697
0.000432018656283617,0.5016010403633118,-0.004507801495492458
0.00032957596704363823,0.5016672015190125,-0.00444253534078598
0.00023090234026312828,0.50164794921875,-0.004583464935421944
-3.9103440940380096e-05,0.501605212688446,-0.004820812493562698
-0.00020311493426561356,0.5014888048171997,-0.005162514746189117
-0.0001925886608660221,0.5014952421188354,-0.005519367754459381
-0.00018156040459871292,0.5014681816101074,-0.0055313389748334885
-0.0002225465141236782,0.5015885829925537,-0.005338744260370731
-0.0002504158765077591,0.5015904903411865,-0.005215431563556194
-0.00025349901989102364,0.5015666484832764,-0.0051932623609900475
-0.00023369770497083664,0.5015422701835632,-0.005205257795751095
-0.00030161580070853233,0.501570463180542,-0.005259135738015175
-0.0003977320156991482,0.5015697479248047,-0.005379167385399342
-0.0005123834125697613,0.5015778541564941,-0.005543162114918232
-0.0005831164307892323,0.5015893578529358,-0.005703220143914223
-0.0005949619226157665,0.5015707015991211,-0.005761049687862396
-0.0005827615968883038,0.501568078994751,-0.005701916292309761
-0.0005405745469033718,0.5015696287155151,-0.005599028430879116
-0.0004737814888358116,0.5015760064125061,-0.005509675480425358
-0.0004573673941195011,0.5015766620635986,-0.005417284555733204
-0.00038433028385043144,0.5015835165977478,-0.0053827203810215
-0.0003571263514459133,0.5015628933906555,-0.0053050825372338295
-0.0003100722096860409,0.5015690922737122,-0.005281432531774044
-0.00035086972638964653,0.5015702843666077,-0.00528146605938673
-0.0003451947122812271,0.5015574097633362,-0.005274760536849499
-0.0003461623564362526,0.5015652179718018,-0.005269023589789867
-0.00033998023718595505,0.5015679597854614,-0.0052305785939097404
-0.0003229011781513691,0.501564085483551,-0.00524159986525774
-0.00032011186704039574,0.5015913844108582,-0.005249356850981712
-0.0003583463840186596,0.5016281604766846,-0.005326220765709877
-0.0003833845257759094,0.5015949010848999,-0.0054258182644844055
-0.000422860961407423,0.5015356540679932,-0.005434999242424965
-0.00042303744703531265,0.5015078783035278,-0.005433029495179653
-0.00041970377787947655,0.50154048204422,-0.005409758538007736
-0.00033778417855501175,0.5015767216682434,-0.005320904776453972
-0.0003014164976775646,0.5015750527381897,-0.0051865410059690475
-0.00031341053545475006,0.5015520453453064,-0.005181075073778629
-0.000349429901689291,0.5015687346458435,-0.005270366556942463
-0.0003468543291091919,0.5015558004379272,-0.005262377671897411
-0.00033248215913772583,0.5015506744384766,-0.0052715567871928215
-0.0003734366036951542,0.5016152262687683,-0.0052133724093437195
-0.00035940762609243393,0.5016300678253174,-0.0052239419892430305
-0.0004314403049647808,0.5016421675682068,-0.005299823358654976
-0.0005096751265227795,0.5015271902084351,-0.0053849657997488976
-0.0005042939446866512,0.5015190839767456,-0.005501690320670605
-0.0004895278252661228,0.5015249848365784,-0.005571545101702213
-0.0003744717687368393,0.5014837980270386,-0.005523421801626682
-0.0003385031595826149,0.5015406012535095,-0.005366192199289799
-0.0004594544880092144,0.5015793442726135,-0.005330421030521393
-0.00044389907270669937,0.5015763640403748,-0.005305572412908077
-0.00038618873804807663,0.501526951789856,-0.005226196721196175
-0.0003462033346295357,0.5015597343444824,-0.005278375931084156
-0.0003495686687529087,0.5015552639961243,-0.0053093889728188515
-0.0003857179544866085,0.501560628414154,-0.0053583234548568726
-0.00041483575478196144,0.5015906691551208,-0.005432998761534691
-0.0004077567718923092,0.5015961527824402,-0.005483757704496384
-0.0004012403078377247,0.5015659928321838,-0.0054540568962693214
-0.000363378319889307,0.5015785694122314,-0.0053675537928938866
-0.00030976999551057816,0.5015935897827148,-0.005312575027346611
-0.00032390234991908073,0.5015813112258911,-0.005296342074871063
-0.0003211456350982189,0.5015630125999451,-0.0052718548104166985
-0.00033960677683353424,0.5015707612037659,-0.005286622792482376
-0.00031853513792157173,0.5015649199485779,-0.005313818342983723
-0.0003209393471479416,0.5015580654144287,-0.005318732000887394
-0.0003103450872004032,0.50155109167099,-0.005330665037035942
-0.0003063729964196682,0.5015471577644348,-0.0053460728377103806
-0.00023824768140912056,0.5015421509742737,-0.0053402129560709
-0.00017223507165908813,0.5015555024147034,-0.005262021906673908
-0.0001012817956507206,0.5015450716018677,-0.005160742439329624
1.2942589819431305e-05,0.50152587890625,-0.005025968886911869
0.00013119680806994438,0.5015272498130798,-0.004909568466246128
0.00021978560835123062,0.501562774181366,-0.004728194326162338
0.0003367173485457897,0.5015534162521362,-0.004587521776556969
0.00037381332367658615,0.5015047192573547,-0.0045015690848231316
0.00046812649816274643,0.5014687776565552,-0.004468136467039585
0.0004995698109269142,0.5015501379966736,-0.004419766366481781
0.0005230121314525604,0.5015725493431091,-0.004300886765122414
0.0005362974479794502,0.501530647277832,-0.004174376837909222
0.0005566077306866646,0.501573383808136,-0.004137935116887093
0.0005024629645049572,0.5015416741371155,-0.004193675704300404
0.00042434176430106163,0.5015271902084351,-0.004297172650694847
0.0004482800140976906,0.5014853477478027,-0.004293992184102535
0.0005383333191275597,0.5015473961830139,-0.004268175922334194
0.0004579490050673485,0.5015172362327576,-0.004356696270406246
0.00048081669956445694,0.5014923214912415,-0.004372390918433666
0.0005257194861769676,0.5014602541923523,-0.0043593281880021095
0.0005191368982195854,0.5014784932136536,-0.004325671121478081
0.0005770171992480755,0.5014957189559937,-0.004246313124895096
0.0006569335237145424,0.501497209072113,-0.004175570793449879
0.0006291167810559273,0.5015161633491516,-0.004024643450975418
0.0006598611362278461,0.5015081763267517,-0.004027051851153374
0.0007414561696350574,0.501523494720459,-0.004081832244992256
0.0008195373229682446,0.5015774369239807,-0.004049689508974552
0.0008779247291386127,0.5015336871147156,-0.0039393603801727295
0.0009201755747199059,0.50150465965271,-0.00389894749969244
0.0009099706076085567,0.5015239119529724,-0.0038829147815704346
0.0009220759384334087,0.501572847366333,-0.003832995891571045
0.0008585946634411812,0.5015913248062134,-0.003900342620909214
0.000740367453545332,0.5014679431915283,-0.004146207123994827
0.0006197132170200348,0.5014427304267883,-0.0043396176770329475
0.0005065575242042542,0.5015637874603271,-0.004605407826602459
0.0004164022393524647,0.5015248656272888,-0.00466204434633255
0.0005090232007205486,0.5015332102775574,-0.004490506835281849
0.0005715838633477688,0.5016120076179504,-0.0043279631063342094
0.000616222620010376,0.5015547275543213,-0.004261312074959278
0.0008057313971221447,0.5015311241149902,-0.004331030882894993
0.0007053776644170284,0.5014557242393494,-0.0044205086305737495
0.0006411881186068058,0.5015772581100464,-0.004433579742908478
0.000513516366481781,0.5015648603439331,-0.004358968697488308
0.0005203490145504475,0.5015546679496765,-0.004397375509142876
0.0005770879797637463,0.5016583800315857,-0.004475618712604046
0.0004664948210120201,0.5016930103302002,-0.004549837671220303
0.0003889426589012146,0.5016463398933411,-0.004513485357165337
0.00027150241658091545,0.5015971660614014,-0.004662621766328812
0.00012780120596289635,0.5016270279884338,-0.004827073775231838
-3.29846516251564e-05,0.5016435980796814,-0.004912077449262142
-0.0001237308606505394,0.501686155796051,-0.005022794008255005
-0.00017686793580651283,0.5016642212867737,-0.0051415059715509415
-0.000207558274269104,0.5016756653785706,-0.0051896581426262856
-0.00028499774634838104,0.5016829371452332,-0.005248383618891239
-0.00039704376831650734,0.5017000436782837,-0.00538813229650259
-0.0005625998601317406,0.5016783475875854,-0.00548548623919487
-0.0006396295502781868,0.5016579031944275,-0.005640256218612194
-0.0007188580930233002,0.5017242431640625,-0.005712546408176422
-0.0008696713484823704,0.5017270445823669,-0.005867805331945419
-0.0009259148500859737,0.5017181038856506,-0.005998801440000534
-0.001055798027664423,0.5017001032829285,-0.00624915212392807
-0.0011346722021698952,0.501712441444397,-0.006322337314486504
-0.00110602006316185,0.5016628503799438,-0.006416197866201401
-0.001119562890380621,0.5016473531723022,-0.006349993869662285
-0.001041359268128872,0.5016580820083618,-0.006296435371041298
-0.000962571706622839,0.5016722679138184,-0.006325926631689072
-0.0009042136371135712,0.5016731023788452,-0.0062986984848976135
-0.0010557775385677814,0.5016884207725525,-0.006353382021188736
-0.001121046021580696,0.5016571879386902,-0.006358448415994644
-0.0011006612330675125,0.5016647577285767,-0.006332330405712128
-0.0011655478738248348,0.5016509294509888,-0.006384918466210365
-0.0012010550126433372,0.5016160607337952,-0.006426239386200905
-0.0011730105616152287,0.5016313791275024,-0.0064685046672821045
-0.001168473158031702,0.5016540288925171,-0.006497181951999664
-0.0011953124776482582,0.5016418695449829,-0.006453299894928932
-0.0011947262100875378,0.5016413331031799,-0.006495840847492218
-0.0012061269953846931,0.5016429424285889,-0.006530582904815674
-0.001202817540615797,0.5016450881958008,-0.006516372784972191
-0.0011896220967173576,0.5016463994979858,-0.006455382332205772
-0.001172299962490797,0.5016359090805054,-0.0064111631363630295
-0.001177388709038496,0.5016520023345947,-0.006419302895665169
-0.0011736061424016953,0.5016345381736755,-0.006442541256546974
-0.0011764918453991413,0.5016539692878723,-0.006467336788773537
-0.0011895596981048584,0.5016425848007202,-0.00643577054142952
-0.0011832150630652905,0.501625120639801,-0.006451839581131935
-0.0011862888932228088,0.5016489624977112,-0.0064354464411735535
-0.0011969185434281826,0.5016387701034546,-0.006509270519018173
-0.0012353458441793919,0.5016493201255798,-0.006547005847096443
-0.0012805243022739887,0.5016273856163025,-0.006539732217788696
-0.0013462323695421219,0.5016896724700928,-0.006597517058253288
-0.0013152915053069592,0.5015884637832642,-0.00660751573741436
-0.001324993558228016,0.5015982389450073,-0.0065483953803777695
-0.0012062862515449524,0.5015884637832642,-0.006416115909814835
-0.0011475780047476292,0.5016494393348694,-0.006359953433275223
-0.0010239779949188232,0.5016537308692932,-0.00637315958738327
-0.0010013766586780548,0.5015571713447571,-0.006486991420388222
-0.0010606874711811543,0.5016230344772339,-0.006576221436262131
-0.001226034015417099,0.5016582608222961,-0.006451698020100594
-0.001294456422328949,0.5016529560089111,-0.006480714306235313
-0.0012153680436313152,0.501613199710846,-0.006433829665184021
-0.0011935108341276646,0.5016367435455322,-0.006532425060868263
-0.0012356978841125965,0.5016220211982727,-0.006549393758177757
-0.0012445878237485886,0.5016360282897949,-0.0065679289400577545
-0.0012779748067259789,0.5016641020774841,-0.00656108558177948
-0.0012348559685051441,0.5016418099403381,-0.006560681387782097
-0.0012259394861757755,0.501639187335968,-0.006506791338324547
-0.0011971262283623219,0.5016379952430725,-0.006460154429078102
-0.0011939466930925846,0.5016396045684814,-0.0064690858125686646
-0.0012144171632826328,0.5016335248947144,-0.00648157112300396
-0.0012048468925058842,0.5016223788261414,-0.006561024114489555
-0.0012371041812002659,0.501649022102356,-0.006600348278880119
-0.0012502274475991726,0.501634955406189,-0.006576692685484886
-0.00125946756452322,0.5016307830810547,-0.00658809021115303
-0.0012526488862931728,0.5016143321990967,-0.006566101685166359
-0.001242159865796566,0.5016456246376038,-0.006566235795617104
-0.0012240107171237469,0.5016259551048279,-0.006550291553139687
-0.00121217779815197,0.5016325116157532,-0.006542595103383064
-0.001203443855047226,0.50163733959198,-0.006513640284538269
-0.0011989925988018513,0.5016456842422485,-0.0065476372838020325
-0.001200163271278143,0.5016395449638367,-0.0065264832228422165
-0.0011830967850983143,0.5016279220581055,-0.006515806540846825
-0.0011731740087270737,0.5016472339630127,-0.006510721519589424
-0.0011730687692761421,0.50165194272995,-0.006566209718585014
-0.0011909659951925278,0.5016567707061768,-0.0065988171845674515
-0.001223420724272728,0.501652181148529,-0.006627662107348442
-0.0012560882605612278,0.5016763210296631,-0.006694307550787926
-0.0012831194326281548,0.5016900300979614,-0.006707226857542992
-0.0012700329534709454,0.5016865730285645,-0.006751781329512596
-0.0012176558375358582,0.5016594529151917,-0.006741099059581757
-0.00113236578181386,0.5016690492630005,-0.006687819957733154
-0.0009987573139369488,0.5016516447067261,-0.006553990766406059
-0.0008772057481110096,0.5016391277313232,-0.006366994231939316
-0.0006952662952244282,0.5016409158706665,-0.006117081269621849
-0.0005261818878352642,0.5016589760780334,-0.005820446647703648
-0.000437331385910511,0.5016594529151917,-0.005500306375324726
-0.00041865045204758644,0.5016964077949524,-0.005262531340122223
-0.0003959396854043007,0.5016863942146301,-0.005237875506281853
-0.00036840466782450676,0.5016635656356812,-0.005300277844071388
-0.00033698882907629013,0.5016499757766724,-0.005317851901054382
-0.00031554512679576874,0.5016425251960754,-0.005382445640861988
-0.0002460172399878502,0.5016157627105713,-0.0053197480738162994
-0.0002021430991590023,0.5016313791275024,-0.005300950258970261
-0.00016245897859334946,0.5015919208526611,-0.005250880494713783
2.013426274061203e-05,0.501521646976471,-0.0051360828801989555
0.00015198392793536186,0.5015093088150024,-0.004927601665258408
0.00017132051289081573,0.5015353560447693,-0.004713079892098904
0.0001920829527080059,0.5015783309936523,-0.004652788862586021
0.00023608142510056496,0.50153648853302,-0.004618111997842789
0.0003302725963294506,0.5014866590499878,-0.004670706577599049
0.00045231590047478676,0.5013821721076965,-0.004757631570100784
0.0005479203537106514,0.5014299750328064,-0.004686431027948856
0.0006476142443716526,0.5015096664428711,-0.004437720403075218
0.0007183002308011055,0.5015900135040283,-0.004152295179665089
0.0007279990240931511,0.5016711950302124,-0.003736295737326145
0.000574904028326273,0.501780092716217,-0.003713875077664852
0.0003663552924990654,0.5017225742340088,-0.0039742812514305115
0.0004008994437754154,0.5014260411262512,-0.0042339107021689415
0.0004603266716003418,0.5013946890830994,-0.004443620331585407
0.0005875159986317158,0.5015261769294739,-0.0043868934735655785
0.0007698400877416134,0.5015301704406738,-0.004196290858089924
0.0009593409486114979,0.5014705061912537,-0.003856891766190529
0.0009538112208247185,0.5013625621795654,-0.003767823800444603
0.0008593844249844551,0.5014048218727112,-0.004013459198176861
0.0008165272884070873,0.5014975666999817,-0.004034044221043587
0.00039253244176506996,0.5014326572418213,-0.004054507240653038
0.00026049697771668434,0.5014922618865967,-0.004747097380459309
0.00019730813801288605,0.5015656352043152,-0.004881258122622967
0.000101516954600811,0.5013839602470398,-0.004870403558015823
0.00021455064415931702,0.5013467073440552,-0.004865635186433792
0.000280140433460474,0.5011587738990784,-0.004239799454808235
0.0002648979425430298,0.5012765526771545,-0.004461711272597313
0.00012273015454411507,0.501226007938385,-0.004363609477877617
0.00024892156943678856,0.5014445185661316,-0.004493315704166889
0.00020480947569012642,0.5014885067939758,-0.004516862332820892
0.00045113591477274895,0.5016286969184875,-0.004339694045484066
0.0005133817903697491,0.5014644265174866,-0.004256830550730228
0.00013475073501467705,0.5013899803161621,-0.004684217274188995
-0.0002507702447474003,0.5011376142501831,-0.005242336541414261
-0.0006602783687412739,0.5013424754142761,-0.005574307404458523
-0.0007331958040595055,0.5013657808303833,-0.005798238329589367
-0.0006081336177885532,0.501712441444397,-0.0055125001817941666
-7.11437314748764e-06,0.5015836954116821,-0.0050894711166620255
0.00019811280071735382,0.5015428066253662,-0.004678020253777504
0.0007760603912174702,0.5013724565505981,-0.004416374489665031
0.0003031729720532894,0.5014728307723999,-0.00446163397282362
0.00046842917799949646,0.5014294385910034,-0.004864857532083988
0.00029862765222787857,0.5015147924423218,-0.0049548763781785965
4.008738324046135e-05,0.5013425946235657,-0.004644056782126427
0.0001422027125954628,0.5012636780738831,-0.004576520994305611
0.00037594325840473175,0.5014190673828125,-0.004436946474015713
0.00014335662126541138,0.5013121962547302,-0.004328849725425243
0.00010385643690824509,0.5011547207832336,-0.004230128601193428
0.00017661415040493011,0.5013591647148132,-0.0042486414313316345
0.00021224981173872948,0.5013656616210938,-0.004017649218440056
0.0005497685633599758,0.5015762448310852,-0.004058687947690487
0.00039130495861172676,0.5014815330505371,-0.004400140605866909
0.0003247843123972416,0.5014188885688782,-0.0046376194804906845
0.00036294618621468544,0.5013272166252136,-0.004472391679883003
0.0002518473193049431,0.5012737512588501,-0.004404865205287933
0.00045341718941926956,0.5012927651405334,-0.004184035584330559
0.0005821683444082737,0.5013381838798523,-0.004102760925889015
0.0007546711713075638,0.5014245510101318,-0.003834189847111702
0.0009447550401091576,0.5014563798904419,-0.0036903871223330498
0.0009374450892210007,0.5014249086380005,-0.003635973669588566
0.0009458046406507492,0.501440703868866,-0.003790580667555332
0.0006895861588418484,0.5014622807502747,-0.004095664247870445
0.00036777835339307785,0.501464307308197,-0.0044028265401721
0.0002091042697429657,0.5015765428543091,-0.004793688654899597
-1.4239456504583359e-05,0.5016371011734009,-0.004778485745191574
-8.318386971950531e-05,0.5015773177146912,-0.00477670319378376
-2.4650711566209793e-05,0.5015266537666321,-0.00483348872512579
6.033526733517647e-05,0.5015560984611511,-0.004980022087693214
-6.71003945171833e-05,0.5016623139381409,-0.005214563570916653
-0.00011442601680755615,0.5015186071395874,-0.005393503233790398
-0.00015902984887361526,0.5014031529426575,-0.005439599044620991
-9.308336302638054e-05,0.5013757348060608,-0.005363428965210915
-1.5031080693006516e-05,0.5014163851737976,-0.005259355530142784
0.0001319386065006256,0.5014809966087341,-0.005249352194368839
4.602968692779541e-05,0.501496434211731,-0.005356502719223499
-0.00015084678307175636,0.5014203786849976,-0.005520395934581757
-0.0003361133858561516,0.5013933777809143,-0.005687115713953972
-0.00042586447671055794,0.5014082789421082,-0.005585662089288235
-0.0003608749248087406,0.5015769004821777,-0.005402400158345699
-0.00015938282012939453,0.5015358924865723,-0.005223956890404224
7.915310561656952e-06,0.5014240741729736,-0.005048085004091263
3.5637058317661285e-05,0.501349925994873,-0.004860708490014076
4.429696127772331e-05,0.5014053583145142,-0.004919802770018578
9.64147038757801e-05,0.5014969706535339,-0.004792160354554653
0.00016073090955615044,0.5015357732772827,-0.004701907746493816
9.504426270723343e-05,0.5014115571975708,-0.004673788323998451
0.00018172943964600563,0.5013453364372253,-0.0045948876067996025
0.00020712614059448242,0.501349687576294,-0.004518480040132999
0.00034665269777178764,0.5013987421989441,-0.004479932598769665
0.0005659288726747036,0.5014435052871704,-0.004453614354133606
0.0005989312194287777,0.5014955401420593,-0.004462186247110367
0.0005228482186794281,0.5013415217399597,-0.004466049373149872
0.0003718319348990917,0.501403272151947,-0.004503448493778706
0.0002184971235692501,0.5014357566833496,-0.004505783319473267
0.00013896217569708824,0.5014858841896057,-0.004524783231317997
0.00013144966214895248,0.5014394521713257,-0.004580000415444374
0.00014182459563016891,0.5013540983200073,-0.004789222031831741
0.00020249886438250542,0.5012741088867188,-0.005002670921385288
0.0002232678234577179,0.5014057755470276,-0.004999175667762756
0.00030211731791496277,0.5015121102333069,-0.004895828664302826
0.00032514799386262894,0.5014675855636597,-0.004724480211734772
0.0004597180522978306,0.5014504194259644,-0.004675866104662418
0.00040779775008559227,0.5014365315437317,-0.004611224867403507
0.00044503016397356987,0.50152587890625,-0.004468729719519615
0.000429429579526186,0.5014755129814148,-0.004287591204047203
0.000450807623565197,0.5014351010322571,-0.004354358650743961
0.0005424492992460728,0.5014474987983704,-0.0042556654661893845
0.0005457163788378239,0.5014832019805908,-0.0040983110666275024
0.0004607303999364376,0.5014263391494751,-0.003956843167543411
0.0005160719156265259,0.5013243556022644,-0.0039099445566535
0.0004782984033226967,0.5013036727905273,-0.004101291298866272
0.0003753397613763809,0.5013799667358398,-0.004178510047495365
0.0005247043445706367,0.50151127576828,-0.004182522185146809
0.0005833948962390423,0.5014371275901794,-0.004112452268600464
0.0006498680450022221,0.5013005137443542,-0.003975505940616131
0.0006429888308048248,0.5013538002967834,-0.0038743121549487114
0.0005830400623381138,0.5014523863792419,-0.0037757158279418945
0.0006607724353671074,0.5014979243278503,-0.003716887906193733
0.0007664957083761692,0.5014034509658813,-0.003649940714240074
0.0006840159185230732,0.5014365315437317,-0.0038833366706967354
0.0005540209822356701,0.5013967752456665,-0.004151106812059879
0.000444263219833374,0.5013695359230042,-0.004276302643120289
0.0004084189422428608,0.501464307308197,-0.0043398542329669
0.0003106207586824894,0.5014301538467407,-0.004337897524237633
0.00018817326053977013,0.5014111995697021,-0.004422606900334358
6.63301907479763e-05,0.5013816356658936,-0.004500591196119785
9.070569649338722e-05,0.5013846158981323,-0.00461932085454464
0.00019171088933944702,0.5013424754142761,-0.004615673795342445
0.00016638357192277908,0.5014979839324951,-0.004537617787718773
0.00016663363203406334,0.501505970954895,-0.004399288445711136
0.00016795890405774117,0.5014760494232178,-0.004430639557540417
0.0002793860621750355,0.5014667510986328,-0.004528392106294632
0.0001880270428955555,0.5014218688011169,-0.004458362236618996
0.0002854820340871811,0.50138920545578,-0.0041673509404063225
0.00047119101509451866,0.5013471245765686,-0.003907970152795315
0.0008255224674940109,0.5013413429260254,-0.003818504512310028
0.0009307675063610077,0.5014704465866089,-0.003802145831286907
0.001137997955083847,0.5015074014663696,-0.0035267621278762817
0.0010056328028440475,0.5015121102333069,-0.0035414351150393486
0.0007331166416406631,0.5014005303382874,-0.0036883633583784103
0.0006126007065176964,0.5013877749443054,-0.004014680162072182
0.0004039849154651165,0.5013747215270996,-0.004216589033603668
0.0003852467052638531,0.5015044808387756,-0.004203422926366329
0.00053371861577034,0.5013996958732605,-0.004203629679977894
0.0007289480417966843,0.5014337301254272,-0.004113149829208851
0.0007971189916133881,0.5014046430587769,-0.004069328308105469
0.0009932173416018486,0.5013359189033508,-0.004054203629493713
0.0011402042582631111,0.5014405250549316,-0.0037082554772496223
0.001210649497807026,0.501443088054657,-0.0033053671941161156
0.0012752898037433624,0.5014252066612244,-0.0031897742301225662
0.0013309447094798088,0.501469612121582,-0.0033276183530688286
0.0010500778444111347,0.5014637112617493,-0.0034890808165073395
0.0008823131211102009,0.5014146566390991,-0.00361456535756588
0.00077036302536726,0.5014035105705261,-0.003857377916574478
0.0006998106837272644,0.5014619827270508,-0.003986638970673084
0.000687135849148035,0.5014365911483765,-0.0038867853581905365
0.0006904560141265392,0.5014454126358032,-0.003784565255045891
0.0006980686448514462,0.5014494061470032,-0.0038421405479311943
0.0006075934506952763,0.5015220046043396,-0.003979910165071487
0.00045632896944880486,0.5016158223152161,-0.004009728319942951
0.0003973608836531639,0.5016154050827026,-0.004075856879353523
0.000455664936453104,0.5014926195144653,-0.004105459898710251
0.0005085361190140247,0.5014427900314331,-0.004091102629899979
0.00041763903573155403,0.5014886260032654,-0.004101576283574104
0.0004656566306948662,0.5014392733573914,-0.003984574228525162
0.000474490225315094,0.5014973878860474,-0.003852810710668564
0.0004713633097708225,0.5014819502830505,-0.003871813416481018
0.0004746760241687298,0.5015313029289246,-0.003930056467652321
0.0002957843244075775,0.5014836192131042,-0.0041060661897063255
9.137904271483421e-05,0.5014544725418091,-0.0045400261878967285
-4.979874938726425e-05,0.5013838410377502,-0.004939681850373745
-0.00011018570512533188,0.501396119594574,-0.005347936414182186
-7.613515481352806e-05,0.5014317035675049,-0.005456281825900078
7.06021673977375e-05,0.5014432072639465,-0.005319206044077873
0.0002733459696173668,0.5013889074325562,-0.004979723133146763
0.0004146993160247803,0.5013611316680908,-0.004633201286196709
0.00043245404958724976,0.5014603734016418,-0.004467617720365524
0.000466963741928339,0.5015395879745483,-0.004488972947001457
0.00023236963897943497,0.501450777053833,-0.004454230889678001
0.00019486481323838234,0.5014491081237793,-0.004621740430593491
0.0001815115101635456,0.5013236999511719,-0.004751621745526791
0.0004439298063516617,0.5014161467552185,-0.0048006437718868256
0.0004639299586415291,0.5014620423316956,-0.004788735881447792
0.00032295845448970795,0.5014835000038147,-0.004847118631005287
0.0003229030407965183,0.5014427304267883,-0.0049743009731173515
0.00012351898476481438,0.5014824271202087,-0.005082246847450733
0.00010100333020091057,0.5014972686767578,-0.005465660244226456
3.0434690415859222e-05,0.5015324950218201,-0.0054894695058465
0.00021118437871336937,0.5015780329704285,-0.005331037566065788
0.00018910551443696022,0.5015842914581299,-0.005257250741124153
0.00011638877913355827,0.5013949871063232,-0.005415240302681923
-0.00012720655649900436,0.5013009905815125,-0.0054589733481407166
-0.000367721077054739,0.5015842914581299,-0.005552622489631176
-0.0005027055740356445,0.5015726089477539,-0.005553236231207848
-0.00028994958847761154,0.5015617609024048,-0.005659747868776321
-0.00018733693286776543,0.5015140175819397,-0.0058364104479551315
-0.00023887772113084793,0.5015965104103088,-0.00575132854282856
-0.00018186401575803757,0.5014792084693909,-0.005713348276913166
-3.787549212574959e-05,0.5013680458068848,-0.005550031550228596
0.00012186123058199883,0.5013853907585144,-0.005360755138099194
4.366738721728325e-05,0.50141841173172,-0.005454334430396557
-8.469494059681892e-05,0.5015525817871094,-0.005615551024675369
-0.0003771660849452019,0.5014979839324951,-0.005735699087381363
-0.000504977535456419,0.501372218132019,-0.005643326789140701
-0.00032848306000232697,0.501333475112915,-0.005356289446353912
-0.00018400559201836586,0.5014181733131409,-0.005131073296070099
9.211106225848198e-05,0.5014175772666931,-0.0051805488765239716
0.0001388578675687313,0.5013567209243774,-0.0053714606910943985
3.0324794352054596e-05,0.5013535618782043,-0.005522723309695721
-0.00012143189087510109,0.5013741850852966,-0.005841536447405815
-0.00012067100033164024,0.5012986660003662,-0.005447171628475189
0.0003189905546605587,0.5011940598487854,-0.0048722270876169205
0.0007933564484119415,0.5011889338493347,-0.004209289327263832
0.0014429590664803982,0.50123530626297,-0.003396027721464634
0.0018497039563953876,0.5012319087982178,-0.0029160454869270325
0.002107742242515087,0.5012274384498596,-0.002704950049519539
0.002187933772802353,0.5012692809104919,-0.002969331108033657
0.0018435283564031124,0.5012802481651306,-0.003225211054086685
0.001382344402372837,0.5011955499649048,-0.003344796597957611
0.0010713678784668446,0.5013154149055481,-0.003761347383260727
0.0008297138847410679,0.5013689398765564,-0.004174111410975456
0.0005854028277099133,0.5013570785522461,-0.004294020123779774
0.0005891290493309498,0.5014707446098328,-0.004427783191204071
0.0003069452941417694,0.5015493035316467,-0.00454149954020977
0.00011112401261925697,0.501554012298584,-0.004774409346282482
-4.6084634959697723e-05,0.5013730525970459,-0.004889234900474548
-0.00010097026824951172,0.5010839104652405,-0.004668010398745537
0.0004188111051917076,0.5013526082038879,-0.004775046370923519
0.0005825166590511799,0.5014618039131165,-0.004672426730394363
0.000444021075963974,0.5014429688453674,-0.0046095289289951324
0.0003861403092741966,0.5014104247093201,-0.004603808745741844
-6.5141357481479645e-06,0.5013477802276611,-0.005112163722515106
2.985214814543724e-05,0.5011515021324158,-0.005348432809114456
0.00019003823399543762,0.5012574791908264,-0.005109257064759731
0.0003386419266462326,0.5013557076454163,-0.0046712476760149
0.0005444129928946495,0.5013742446899414,-0.004139553755521774
0.0007772482931613922,0.5012168288230896,-0.0037639904767274857
0.0005541085265576839,0.5013296604156494,-0.0034862253814935684
0.0003620362840592861,0.5014402270317078,-0.0034588612616062164
0.0004263268783688545,0.5013891458511353,-0.0034901322796940804
0.0004807678051292896,0.5013960003852844,-0.0035508237779140472
0.00022691674530506134,0.5013951659202576,-0.003859388642013073
0.00026642484590411186,0.5013603568077087,-0.0038732560351490974
0.00020242156460881233,0.5014073252677917,-0.00357835553586483
0.0002735517919063568,0.5014040470123291,-0.003366050310432911
0.0008486923761665821,0.5012767910957336,-0.0034392224624753
0.0009852293878793716,0.5014138221740723,-0.00342667568475008
0.000783305149525404,0.5014288425445557,-0.0035089682787656784
0.0004891436547040939,0.5014376044273376,-0.003592434339225292
0.00039603933691978455,0.5013854503631592,-0.0037748944014310837
0.00013240380212664604,0.5013834238052368,-0.00406409427523613
4.632677882909775e-05,0.5013567805290222,-0.004230016842484474
9.537348523736e-05,0.501335859298706,-0.004231334663927555
3.8403552025556564e-05,0.501516580581665,-0.004344707354903221
-0.00027972646057605743,0.5014865398406982,-0.004556760191917419
-0.00029193051159381866,0.5013083219528198,-0.004929550923407078
-0.0005301940254867077,0.5013757944107056,-0.005003773607313633
-0.0004728855565190315,0.501440703868866,-0.0049634166061878204
-0.00010473700240254402,0.5016314387321472,-0.004697088152170181
0.0007819002494215965,0.5015406012535095,-0.00385929923504591
0.0013389922678470612,0.5014311075210571,-0.0030279699712991714
0.0018226169049739838,0.5011939406394958,-0.002538338303565979
0.002220913302153349,0.5012549161911011,-0.002226739190518856
0.002165478188544512,0.5012613534927368,-0.0020899586379528046
0.0020309151150286198,0.501046359539032,-0.0025596152991056442
0.0017882073298096657,0.5011215806007385,-0.0031584948301315308
0.001235548872500658,0.5012096762657166,-0.003328181803226471
0.0012720092199742794,0.5014462471008301,-0.003231390379369259
0.0010907030664384365,0.501217782497406,-0.002903556451201439
0.0011101802811026573,0.5011596083641052,-0.0030173547565937042
0.0008795135654509068,0.5016273856163025,-0.003231523558497429
0.00037691276520490646,0.5015950798988342,-0.0036253444850444794
0.00025768205523490906,0.5015988945960999,-0.0040921494364738464
-0.00014352193102240562,0.5014181733131409,-0.00442466139793396
-0.0004148026928305626,0.5013654232025146,-0.004558896645903587
-0.00020384928211569786,0.5015922784805298,-0.004736565053462982
0.00029568281024694443,0.5014203190803528,-0.00432250089943409
0.0006264843977987766,0.5013992786407471,-0.004039709456264973
0.0007042116485536098,0.501428484916687,-0.00357136782258749
0.0007117842324078083,0.501670777797699,-0.0030629895627498627
0.0008123153820633888,0.5015928149223328,-0.0027957698330283165
0.0009094816632568836,0.5014396905899048,-0.0028311898931860924
0.0011121127754449844,0.5013681054115295,-0.003115822561085224
0.0009158649481832981,0.5014446973800659,-0.0032394975423812866
0.0010872897692024708,0.5014506578445435,-0.0032065846025943756
0.001103243324905634,0.5014493465423584,-0.003132355399429798
0.0009947167709469795,0.5013970136642456,-0.0031205257400870323
0.0009391414932906628,0.5014721155166626,-0.003354029729962349
0.0008034356869757175,0.5016575455665588,-0.003497702069580555
0.0006388891488313675,0.5015892386436462,-0.003735659644007683
0.0004902994260191917,0.5016311407089233,-0.004095097072422504
0.0002738931216299534,0.5015231370925903,-0.00440304446965456
2.8297770768404007e-05,0.5015636086463928,-0.004747843369841576
-7.854122668504715e-05,0.5015380382537842,-0.00474634300917387
-3.692414611577988e-05,0.5015879273414612,-0.0045335059985518456
8.936924859881401e-05,0.5016320943832397,-0.004302831366658211
0.0003446456976234913,0.5016548037528992,-0.004107746295630932
0.0006410824134945869,0.5013630390167236,-0.004111010581254959
0.0005008573643863201,0.5013984441757202,-0.0041238656267523766
0.0005833799950778484,0.5014687180519104,-0.0041453540325164795
0.0007451786659657955,0.5014427900314331,-0.004081062972545624
0.0009891577064990997,0.501152515411377,-0.004029996693134308
0.001150572206825018,0.501300573348999,-0.003981638699769974
0.0012389495968818665,0.501268744468689,-0.004093080759048462
0.0013329554349184036,0.5014323592185974,-0.004074026830494404
0.0015019546262919903,0.5016269087791443,-0.004403520375490189
0.0011539510451257229,0.5015497803688049,-0.004601827822625637
0.000951684545725584,0.5014423727989197,-0.004404917359352112
0.0007638763636350632,0.5013453364372253,-0.004616674967110157
0.0009777131490409374,0.5013048648834229,-0.004413988441228867
0.0014394368045032024,0.5016103982925415,-0.003951422870159149
0.0008279457688331604,0.5019294023513794,-0.004095073789358139
0.0011584172025322914,0.5014158487319946,-0.004120077006518841
0.0010126717388629913,0.5014128088951111,-0.004254847764968872
0.0005640271119773388,0.5013850927352905,-0.004572479985654354
0.0005033542402088642,0.5015243291854858,-0.004243561998009682
0.0005835345946252346,0.5016363859176636,-0.0036608725786209106
0.0006115254946053028,0.5015028715133667,-0.0034230174496769905
0.0005600298754870892,0.5012311935424805,-0.0037637855857610703
0.0005986341275274754,0.5013222098350525,-0.004061753861606121
0.0004974105395376682,0.5018065571784973,-0.003801685757935047
0.0008918214589357376,0.5014572143554688,-0.0030163880437612534
0.0014055483043193817,0.501565158367157,-0.0026554446667432785
0.001672919373959303,0.5013108253479004,-0.0019814418628811836
0.0016120304353535175,0.5010327100753784,-0.0023063085973262787
0.001285953912883997,0.5011300444602966,-0.002997542731463909
0.0005074832588434219,0.501319408416748,-0.0041343457996845245
0.0005474588833749294,0.5015107989311218,-0.004289058968424797
0.0006852154619991779,0.5014320611953735,-0.00436113215982914
0.0007290905341506004,0.501492440700531,-0.004168783314526081
0.0009209653362631798,0.5015078783035278,-0.003798382356762886
0.0007636360824108124,0.501555860042572,-0.004132266156375408
0.0009323740378022194,0.501513659954071,-0.0037482362240552902
0.0009847795590758324,0.5015643239021301,-0.003691215068101883
0.0007090382277965546,0.5015344619750977,-0.0037463754415512085
0.0005934187211096287,0.5016241073608398,-0.004131203517317772
0.00022605201229453087,0.5016782283782959,-0.004654541611671448
-2.849102020263672e-05,0.5015882849693298,-0.004729810170829296
-0.00019070040434598923,0.5018144845962524,-0.005009772256016731
-0.000627436675131321,0.5017778873443604,-0.004897702485322952
-0.0006509893573820591,0.5016337037086487,-0.005077994428575039
-0.0007547019049525261,0.5013968348503113,-0.005308129824697971
-0.0008235163986682892,0.5013816952705383,-0.00572886411100626
-0.000566867645829916,0.501600444316864,-0.005737091414630413
-0.00036692293360829353,0.501649796962738,-0.005446569994091988
-0.0003227400593459606,0.5016862154006958,-0.005356104113161564
-0.0003719986416399479,0.5017167925834656,-0.00510402861982584
3.163376823067665e-05,0.501542866230011,-0.005026186816394329
-0.0002167881466448307,0.5015594363212585,-0.005459249019622803
-0.00020030559971928596,0.5012389421463013,-0.00586559996008873
-7.882760837674141e-05,0.5016980767250061,-0.00598442368209362
-0.0008898209780454636,0.5018289089202881,-0.0058412011712789536
-0.0008608829230070114,0.5014594793319702,-0.005752221681177616
6.19017519056797e-05,0.501379668712616,-0.005538527853786945
-0.00013737985864281654,0.5010635852813721,-0.0055354684591293335
-0.00024171872064471245,0.5014220476150513,-0.0057782502844929695
-0.0005004187114536762,0.5018340349197388,-0.006290441378951073
-0.0013999845832586288,0.5018673539161682,-0.006630644202232361
-0.001261186320334673,0.5017139315605164,-0.006892630830407143
-0.001975660677999258,0.5015512108802795,-0.007458286359906197
-0.0017797420732676983,0.5015857815742493,-0.007388575002551079
-0.0013508792035281658,0.5017195343971252,-0.0065858811140060425
-0.0008554207161068916,0.5013574361801147,-0.006443606689572334
-0.0004969951696693897,0.5014006495475769,-0.006270740181207657
-0.001211613416671753,0.5014996528625488,-0.005790220573544502
-0.001316700130701065,0.5013755559921265,-0.006393669173121452
-0.0010552615858614445,0.5011599659919739,-0.006443895399570465
-0.0013103471137583256,0.5012713670730591,-0.006169155240058899
-0.001469914335757494,0.5013049840927124,-0.006653409451246262
-0.0015468508936464787,0.5014488101005554,-0.006721265614032745
-0.001190093345940113,0.5013980269432068,-0.006262006238102913
-0.0010073934681713581,0.5013476610183716,-0.006034720689058304
-0.0007484736852347851,0.5013307332992554,-0.005735556595027447
-0.0005441405810415745,0.5014783143997192,-0.005449311807751656
-0.0008034468628466129,0.5018615126609802,-0.004794751293957233
-0.0007711858488619328,0.5018841028213501,-0.004478128626942635
-0.0007464471273124218,0.5017008185386658,-0.00456453301012516
-0.0008721118792891502,0.5016211867332458,-0.005231286399066448
-0.001176987774670124,0.5015044212341309,-0.006149517372250557
-0.0012136362493038177,0.5011975169181824,-0.006869850680232048
-0.0014132424257695675,0.5009911060333252,-0.0066928621381521225
-0.0009769429452717304,0.5011236667633057,-0.006348470225930214
-0.0006246571429073811,0.5012189149856567,-0.005639783106744289
0.00034240400418639183,0.5012814402580261,-0.0049039749428629875
0.00036201393231749535,0.5010238885879517,-0.004855223000049591
0.00019393861293792725,0.5009587407112122,-0.004988550208508968
9.722542017698288e-06,0.5011279582977295,-0.004948249086737633
-0.00033869827166199684,0.501240074634552,-0.005133229307830334
-0.000235656276345253,0.5011362433433533,-0.005113178864121437
-0.00019377050921320915,0.5012096762657166,-0.004996316507458687
-0.0006493278779089451,0.5010772347450256,-0.0050764791667461395
-0.0005208025686442852,0.5007979273796082,-0.005454285070300102
-0.0003929124213755131,0.500905454158783,-0.005495278164744377
-0.0005649924278259277,0.5009161829948425,-0.00529860332608223
-0.00011874083429574966,0.500961184501648,-0.00406276062130928
0.000585594680160284,0.5007296204566956,-0.0032081548124551773
0.0013749347999691963,0.5007228851318359,-0.002862304449081421
0.001792853232473135,0.5008516311645508,-0.0023756250739097595
0.0016166078858077526,0.5008344054222107,-0.0023891981691122055
0.0018567931838333607,0.5007696747779846,-0.0025407131761312485
0.0016367281787097454,0.5010640621185303,-0.0022809188812971115
0.0013125347904860973,0.5013872385025024,-0.002951808273792267
0.001312019769102335,0.5012378096580505,-0.0035905204713344574
0.0008695204742252827,0.501312255859375,-0.004151778295636177
0.00045167049393057823,0.5014134049415588,-0.004554128274321556
0.00019238190725445747,0.5014724135398865,-0.004635138437151909
3.842543810606003e-05,0.501487672328949,-0.0043765949085354805
0.0001326482743024826,0.5015122890472412,-0.0040009962394833565
0.00014832383021712303,0.5016033053398132,-0.003874167799949646
0.00011007441207766533,0.5014854669570923,-0.004010709002614021
0.00013060541823506355,0.5015118718147278,-0.0046547092497348785
-0.0001867101527750492,0.5014065504074097,-0.005060931667685509
-0.0003015655092895031,0.5014999508857727,-0.005184538662433624
-0.00032833218574523926,0.5014843940734863,-0.005096051841974258
-0.00020953547209501266,0.5014067888259888,-0.004916863515973091
-0.00010461639612913132,0.5013986229896545,-0.004703269340097904
6.09569251537323e-05,0.5013555288314819,-0.004431099630892277
0.00024688709527254105,0.501359760761261,-0.004202241078019142
0.0004298747517168522,0.5013372898101807,-0.0042018163949251175
0.0005532735958695412,0.5013532042503357,-0.004284976981580257
0.0004863799549639225,0.501383364200592,-0.004251475445926189
0.0004749353975057602,0.5013841986656189,-0.004280898720026016
0.0005213865078985691,0.5014139413833618,-0.004316605627536774
0.00045699579641222954,0.5014340877532959,-0.004242366179823875
0.0004145014099776745,0.5014105439186096,-0.004161413758993149
0.0004297313280403614,0.5013929605484009,-0.004158543422818184
0.0004594186320900917,0.5013859868049622,-0.004132754169404507
0.00047938618808984756,0.5013861656188965,-0.004089193418622017
0.0005085878074169159,0.5014168620109558,-0.00407117884606123
0.0005315816961228848,0.5014011859893799,-0.004026135429739952
0.0005262233316898346,0.5014554858207703,-0.0040808916091918945
0.0005116630345582962,0.5015091896057129,-0.004132046364247799
0.0005078944377601147,0.5016006231307983,-0.004049777984619141
0.0005130032077431679,0.5015527606010437,-0.003950798884034157
0.0006184801459312439,0.501495361328125,-0.004022444598376751
0.0006084553897380829,0.5014558434486389,-0.0038113845512270927
0.0008822116069495678,0.5011489391326904,-0.0037310123443603516
0.001069237943738699,0.5013715028762817,-0.003835533745586872
0.001366723794490099,0.501319169998169,-0.0031638462096452713
0.0014293389394879341,0.501375675201416,-0.0028392039239406586
0.0013798903673887253,0.50107741355896,-0.0024652238935232162
0.0014552148059010506,0.5010475516319275,-0.0025810301303863525
0.001078793779015541,0.501524806022644,-0.0027563869953155518
0.0012751570902764797,0.5013937950134277,-0.0031287549063563347
0.0014374516904354095,0.5013810992240906,-0.003161766566336155
0.0018165898509323597,0.5012109875679016,-0.0031532198190689087
0.0016969488933682442,0.501442015171051,-0.003405967727303505
0.0020247194916009903,0.5012137293815613,-0.0033592907711863518
0.0017512044869363308,0.5016593933105469,-0.0023432159796357155
0.002160231117159128,0.5012601613998413,-0.0019119968637824059
0.0025700207334011793,0.5013774037361145,-0.0027086902409791946
0.0026194527745246887,0.5011981129646301,-0.0022964440286159515
0.0021702968515455723,0.501413881778717,-0.0029187798500061035
0.002654192503541708,0.5012008547782898,-0.003138607367873192
0.0024181290064007044,0.5012912750244141,-0.0034036822617053986
0.0023956429213285446,0.5011905431747437,-0.003094249404966831
0.0028353314846754074,0.5011773705482483,-0.0031128861010074615
0.0028353314846754074,0.5011773705482483,-0.0031128861010074615
0.0028353314846754074,0.5011773705482483,-0.0031128861010074615
0.0028353314846754074,0.5011773705482483,-0.0031128861010074615
0.0028353314846754074,0.5011773705482483,-0.0031128861010074615
0.0028353314846754074,0.5011773705482483,-0.0031128861010074615
0.0028353314846754074,0.5011773705482483,-0.0031128861010074615
0.0028353314846754074,0.5011773705482483,-0.0031128861010074615
0.0028353314846754074,0.5011773705482483,-0.0031128861010074615
0.0028353314846754074,0.5011773705482483,-0.0031128861010074615
0.0028353314846754074,0.5011773705482483,-0.0031128861010074615
0.0028353314846754074,0.5011773705482483,-0.0031128861010074615
0.0028353314846754074,0.5011773705482483,-0.0031128861010074615
0.0028353314846754074,0.5011773705482483,-0.0031128861010074615
0.0028353314846754074,0.5011773705482483,-0.0031128861010074615
0.0028353314846754074,0.5011773705482483,-0.0031128861010074615
0.0028353314846754074,0.5011773705482483,-0.0031128861010074615
0.0028353314846754074,0.5011773705482483,-0.0031128861010074615
0.0028353314846754074,0.5011773705482483,-0.0031128861010074615
0.0028353314846754074,0.5011773705482483,-0.0031128861010074615
0.0028353314846754074,0.5011773705482483,-0.0031128861010074615
0.0028353314846754074,0.5011773705482483,-0.0031128861010074615
0.0028353314846754074,0.5011773705482483,-0.0031128861010074615
0.0028353314846754074,0.5011773705482483,-0.0031128861010074615
0.0028353314846754074,0.5011773705482483,-0.0031128861010074615
0.0028353314846754074,0.5011773705482483,-0.0031128861010074615
0.0028353314846754074,0.5011773705482483,-0.0031128861010074615
0.0028353314846754074,0.5011773705482483,-0.0031128861010074615
0.0028353314846754074,0.5011773705482483,-0.0031128861010074615
0.0028353314846754074,0.5011773705482483,-0.0031128861010074615
0.0028353314846754074,0.5011773705482483,-0.0031128861010074615
0.0028353314846754074,0.5011773705482483,-0.0031128861010074615
0.0028353314846754074,0.5011773705482483,-0.0031128861010074615
0.0028353314846754074,0.5011773705482483,-0.0031128861010074615
0.0028353314846754074,0.5011773705482483,-0.0031128861010074615
0.0028353314846754074,0.5011773705482483,-0.0031128861010074615
0.0028353314846754074,0.5011773705482483,-0.0031128861010074615
0.0028353314846754074,0.5011773705482483,-0.0031128861010074615
0.0028353314846754074,0.5011773705482483,-0.0031128861010074615
0.0028353314846754074,0.5011773705482483,-0.0031128861010074615
0.0028353314846754074,0.5011773705482483,-0.0031128861010074615
0.0028353314846754074,0.5011773705482483,-0.0031128861010074615
0.0028353314846754074,0.5011773705482483,-0.0031128861010074615
0.0028353314846754074,0.5011773705482483,-0.0031128861010074615
0.0028353314846754074,0.5011773705482483,-0.0031128861010074615
0.0028353314846754074,0.5011773705482483,-0.0031128861010074615
0.0028353314846754074,0.5011773705482483,-0.0031128861010074615
0.0028353314846754074,0.5011773705482483,-0.0031128861010074615
0.0028353314846754074,0.5011773705482483,-0.0031128861010074615
0.0028353314846754074,0.5011773705482483,-0.0031128861010074615
0.0028353314846754074,0.5011773705482483,-0.0031128861010074615
0.0028353314846754074,0.5011773705482483,-0.0031128861010074615
0.0028353314846754074,0.5011773705482483,-0.0031128861010074615
0.0028353314846754074,0.5011773705482483,-0.0031128861010074615
0.0028353314846754074,0.5011773705482483,-0.0031128861010074615
0.0028353314846754074,0.5011773705482483,-0.0031128861010074615
0.0028353314846754074,0.5011773705482483,-0.0031128861010074615
0.0028353314846754074,0.5011773705482483,-0.0031128861010074615
0.0028353314846754074,0.5011773705482483,-0.0031128861010074615
0.0028353314846754074,0.5011773705482483,-0.0031128861010074615
0.0028353314846754074,0.5011773705482483,-0.0031128861010074615
0.0028353314846754074,0.5011773705482483,-0.0031128861010074615
0.0028353314846754074,0.5011773705482483,-0.0031128861010074615
0.0028353314846754074,0.5011773705482483,-0.0031128861010074615
0.0028353314846754074,0.5011773705482483,-0.0031128861010074615
0.0028353314846754074,0.5011773705482483,-0.0031128861010074615
0.0028353314846754074,0.5011773705482483,-0.0031128861010074615
0.0028353314846754074,0.5011773705482483,-0.0031128861010074615
0.0028353314846754074,0.5011773705482483,-0.0031128861010074615
0.0028353314846754074,0.5011773705482483,-0.0031128861010074615
0.0028353314846754074,0.5011773705482483,-0.0031128861010074615
0.0028353314846754074,0.5011773705482483,-0.0031128861010074615
0.0028353314846754074,0.5011773705482483,-0.0031128861010074615
0.0028353314846754074,0.5011773705482483,-0.0031128861010074615
0.0028353314846754074,0.5011773705482483,-0.0031128861010074615
0.0028353314846754074,0.5011773705482483,-0.0031128861010074615
0.0028353314846754074,0.5011773705482483,-0.0031128861010074615
0.0028353314846754074,0.5011773705482483,-0.0031128861010074615
0.0028353314846754074,0.5011773705482483,-0.0031128861010074615
0.0028353314846754074,0.5011773705482483,-0.0031128861010074615
0.0028353314846754074,0.5011773705482483,-0.0031128861010074615
0.0028353314846754074,0.5011773705482483,-0.0031128861010074615
0.0028353314846754074,0.5011773705482483,-0.0031128861010074615
0.0028353314846754074,0.5011773705482483,-0.0031128861010074615
0.0028353314846754074,0.5011773705482483,-0.0031128861010074615
0.0028353314846754074,0.5011773705482483,-0.0031128861010074615
0.0028353314846754074,0.5011773705482483,-0.0031128861010074615
0.0028353314846754074,0.5011773705482483,-0.0031128861010074615
0.0028353314846754074,0.5011773705482483,-0.0031128861010074615
0.0028353314846754074,0.5011773705482483,-0.0031128861010074615
0.0028353314846754074,0.5011773705482483,-0.0031128861010074615
0.0028353314846754074,0.5011773705482483,-0.0031128861010074615
0.0028353314846754074,0.5011773705482483,-0.0031128861010074615
0.0028353314846754074,0.5011773705482483,-0.0031128861010074615
0.0028353314846754074,0.5011773705482483,-0.0031128861010074615
0.0028353314846754074,0.5011773705482483,-0.0031128861010074615
0.0028353314846754074,0.5011773705482483,-0.0031128861010074615
0.0028353314846754074,0.5011773705482483,-0.0031128861010074615
0.0028353314846754074,0.5011773705482483,-0.0031128861010074615
0.0028353314846754074,0.5011773705482483,-0.0031128861010074615
0.0028353314846754074,0.5011773705482483,-0.0031128861010074615
0.0028353314846754074,0.5011773705482483,-0.0031128861010074615
0.0028353314846754074,0.5011773705482483,-0.0031128861010074615
0.0028353314846754074,0.5011773705482483,-0.0031128861010074615
0.0028353314846754074,0.5011773705482483,-0.0031128861010074615
0.0028353314846754074,0.5011773705482483,-0.0031128861010074615
0.0028353314846754074,0.5011773705482483,-0.0031128861010074615
0.0028353314846754074,0.5011773705482483,-0.0031128861010074615
0.0028353314846754074,0.5011773705482483,-0.0031128861010074615
0.0028353314846754074,0.5011773705482483,-0.0031128861010074615
0.0028353314846754074,0.5011773705482483,-0.0031128861010074615
0.0028353314846754074,0.5011773705482483,-0.0031128861010074615
0.0028353314846754074,0.5011773705482483,-0.0031128861010074615
0.0028353314846754074,0.5011773705482483,-0.0031128861010074615
0.0028353314846754074,0.5011773705482483,-0.0031128861010074615
0.0028353314846754074,0.5011773705482483,-0.0031128861010074615
0.0028353314846754074,0.5011773705482483,-0.0031128861010074615
0.0028353314846754074,0.5011773705482483,-0.0031128861010074615
0.0028353314846754074,0.5011773705482483,-0.0031128861010074615
0.0028353314846754074,0.5011773705482483,-0.0031128861010074615
0.0028353314846754074,0.5011773705482483,-0.0031128861010074615
0.0028353314846754074,0.5011773705482483,-0.0031128861010074615
0.0028353314846754074,0.5011773705482483,-0.0031128861010074615
0.0028353314846754074,0.5011773705482483,-0.0031128861010074615
0.0028353314846754074,0.5011773705482483,-0.0031128861010074615
0.0028353314846754074,0.5011773705482483,-0.0031128861010074615
0.0028353314846754074,0.5011773705482483,-0.0031128861010074615
0.0028353314846754074,0.5011773705482483,-0.0031128861010074615
0.0028353314846754074,0.5011773705482483,-0.0031128861010074615
0.0028353314846754074,0.5011773705482483,-0.0031128861010074615
0.0028353314846754074,0.5011773705482483,-0.0031128861010074615
0.0028353314846754074,0.5011773705482483,-0.0031128861010074615
0.0028353314846754074,0.5011773705482483,-0.0031128861010074615
0.0028353314846754074,0.5011773705482483,-0.0031128861010074615
0.0028353314846754074,0.5011773705482483,-0.0031128861010074615
0.0028353314846754074,0.5011773705482483,-0.0031128861010074615
0.0028353314846754074,0.5011773705482483,-0.0031128861010074615
0.0028353314846754074,0.5011773705482483,-0.0031128861010074615
0.0028353314846754074,0.5011773705482483,-0.0031128861010074615
0.0028353314846754074,0.5011773705482483,-0.0031128861010074615
0.0028353314846754074,0.5011773705482483,-0.0031128861010074615
0.0028353314846754074,0.5011773705482483,-0.0031128861010074615
0.0028353314846754074,0.5011773705482483,-0.0031128861010074615
0.0028353314846754074,0.5011773705482483,-0.0031128861010074615
0.0028353314846754074,0.5011773705482483,-0.0031128861010074615
0.0028353314846754074,0.5011773705482483,-0.0031128861010074615
0.0028353314846754074,0.5011773705482483,-0.0031128861010074615
0.0028353314846754074,0.5011773705482483,-0.0031128861010074615
0.0028353314846754074,0.5011773705482483,-0.0031128861010074615
0.0028353314846754074,0.5011773705482483,-0.0031128861010074615
0.0028353314846754074,0.5011773705482483,-0.0031128861010074615
0.0028353314846754074,0.5011773705482483,-0.0031128861010074615
0.0028353314846754074,0.5011773705482483,-0.0031128861010074615
0.0028353314846754074,0.5011773705482483,-0.0031128861010074615
0.0028353314846754074,0.5011773705482483,-0.0031128861010074615
0.0028353314846754074,0.5011773705482483,-0.0031128861010074615
0.0028353314846754074,0.5011773705482483,-0.0031128861010074615
0.0028353314846754074,0.5011773705482483,-0.0031128861010074615
0.0028353314846754074,0.5011773705482483,-0.0031128861010074615
0.0028353314846754074,0.5011773705482483,-0.0031128861010074615
0.0028353314846754074,0.5011773705482483,-0.0031128861010074615
0.0028353314846754074,0.5011773705482483,-0.0031128861010074615
0.0028353314846754074,0.5011773705482483,-0.0031128861010074615
0.0028353314846754074,0.5011773705482483,-0.0031128861010074615
0.0028353314846754074,0.5011773705482483,-0.0031128861010074615
0.0028353314846754074,0.5011773705482483,-0.0031128861010074615
0.0028353314846754074,0.5011773705482483,-0.0031128861010074615
0.0028353314846754074,0.5011773705482483,-0.0031128861010074615
0.0028353314846754074,0.5011773705482483,-0.0031128861010074615
0.0028353314846754074,0.5011773705482483,-0.0031128861010074615
0.0028353314846754074,0.5011773705482483,-0.0031128861010074615
0.0028353314846754074,0.5011773705482483,-0.0031128861010074615
0.0028353314846754074,0.5011773705482483,-0.0031128861010074615
0.0028353314846754074,0.5011773705482483,-0.0031128861010074615
0.0028353314846754074,0.5011773705482483,-0.0031128861010074615
0.0028353314846754074,0.5011773705482483,-0.0031128861010074615
0.0028353314846754074,0.5011773705482483,-0.0031128861010074615
0.0028353314846754074,0.5011773705482483,-0.0031128861010074615
0.0028353314846754074,0.5011773705482483,-0.0031128861010074615
0.0028353314846754074,0.5011773705482483,-0.0031128861010074615
0.0028353314846754074,0.5011773705482483,-0.0031128861010074615
0.0028353314846754074,0.5011773705482483,-0.0031128861010074615
0.0028353314846754074,0.5011773705482483,-0.0031128861010074615
0.0028353314846754074,0.5011773705482483,-0.0031128861010074615
0.0028353314846754074,0.5011773705482483,-0.0031128861010074615
0.0028353314846754074,0.5011773705482483,-0.0031128861010074615
0.0028353314846754074,0.5011773705482483,-0.0031128861010074615
0.0028353314846754074,0.5011773705482483,-0.0031128861010074615
0.0028353314846754074,0.5011773705482483,-0.0031128861010074615
0.0028353314846754074,0.5011773705482483,-0.0031128861010074615
0.0028353314846754074,0.5011773705482483,-0.0031128861010074615
0.0028353314846754074,0.5011773705482483,-0.0031128861010074615
0.0028353314846754074,0.5011773705482483,-0.0031128861010074615
0.0028353314846754074,0.5011773705482483,-0.0031128861010074615
0.0028353314846754074,0.5011773705482483,-0.0031128861010074615
0.0028353314846754074,0.5011773705482483,-0.0031128861010074615
0.0028353314846754074,0.5011773705482483,-0.0031128861010074615
0.0028353314846754074,0.5011773705482483,-0.0031128861010074615
0.0028353314846754074,0.5011773705482483,-0.0031128861010074615
0.0028353314846754074,0.5011773705482483,-0.0031128861010074615
0.0028353314846754074,0.5011773705482483,-0.0031128861010074615
0.0028353314846754074,0.5011773705482483,-0.0031128861010074615
0.0028353314846754074,0.5011773705482483,-0.0031128861010074615
0.0028353314846754074,0.5011773705482483,-0.0031128861010074615
0.0028353314846754074,0.5011773705482483,-0.0031128861010074615
0.0028353314846754074,0.5011773705482483,-0.0031128861010074615
0.0028353314846754074,0.5011773705482483,-0.0031128861010074615
0.0028353314846754074,0.5011773705482483,-0.0031128861010074615
0.0028353314846754074,0.5011773705482483,-0.0031128861010074615
0.0028353314846754074,0.5011773705482483,-0.0031128861010074615
0.0028353314846754074,0.5011773705482483,-0.0031128861010074615
0.0028353314846754074,0.5011773705482483,-0.0031128861010074615
0.0028353314846754074,0.5011773705482483,-0.0031128861010074615
0.0028353314846754074,0.5011773705482483,-0.0031128861010074615
0.0028353314846754074,0.5011773705482483,-0.0031128861010074615
0.0028353314846754074,0.5011773705482483,-0.0031128861010074615
0.0028353314846754074,0.5011773705482483,-0.0031128861010074615
0.0028353314846754074,0.5011773705482483,-0.0031128861010074615
0.0028353314846754074,0.5011773705482483,-0.0031128861010074615
0.0028353314846754074,0.5011773705482483,-0.0031128861010074615
0.0028353314846754074,0.5011773705482483,-0.0031128861010074615
0.0028353314846754074,0.5011773705482483,-0.0031128861010074615
0.0028353314846754074,0.5011773705482483,-0.0031128861010074615
0.0028353314846754074,0.5011773705482483,-0.0031128861010074615
0.0028353314846754074,0.5011773705482483,-0.0031128861010074615
0.0028353314846754074,0.5011773705482483,-0.0031128861010074615
0.0028353314846754074,0.5011773705482483,-0.0031128861010074615
0.0028353314846754074,0.5011773705482483,-0.0031128861010074615
0.0028353314846754074,0.5011773705482483,-0.0031128861010074615
0.0028353314846754074,0.5011773705482483,-0.0031128861010074615
0.0028353314846754074,0.5011773705482483,-0.0031128861010074615
0.0028353314846754074,0.5011773705482483,-0.0031128861010074615
0.0028353314846754074,0.5011773705482483,-0.0031128861010074615
0.0028353314846754074,0.5011773705482483,-0.0031128861010074615
0.0028353314846754074,0.5011773705482483,-0.0031128861010074615
0.0028353314846754074,0.5011773705482483,-0.0031128861010074615
0.0028353314846754074,0.5011773705482483,-0.0031128861010074615
0.0028353314846754074,0.5011773705482483,-0.0031128861010074615
0.0028353314846754074,0.5011773705482483,-0.0031128861010074615
0.0028353314846754074,0.5011773705482483,-0.0031128861010074615
0.0028353314846754074,0.5011773705482483,-0.0031128861010074615
0.0028353314846754074,0.5011773705482483,-0.0031128861010074615
0.0028353314846754074,0.5011773705482483,-0.0031128861010074615
0.0028353314846754074,0.5011773705482483,-0.0031128861010074615
0.0028353314846754074,0.5011773705482483,-0.0031128861010074615
0.0028353314846754074,0.5011773705482483,-0.0031128861010074615
0.0028353314846754074,0.5011773705482483,-0.0031128861010074615
0.0028353314846754074,0.5011773705482483,-0.0031128861010074615
0.0028353314846754074,0.5011773705482483,-0.0031128861010074615
0.0028353314846754074,0.5011773705482483,-0.0031128861010074615
0.0028353314846754074,0.5011773705482483,-0.0031128861010074615
0.0028353314846754074,0.5011773705482483,-0.0031128861010074615
0.0028353314846754074,0.5011773705482483,-0.0031128861010074615
0.0028353314846754074,0.5011773705482483,-0.0031128861010074615
0.0028353314846754074,0.5011773705482483,-0.0031128861010074615
0.0028353314846754074,0.5011773705482483,-0.0031128861010074615
0.0028353314846754074,0.5011773705482483,-0.0031128861010074615
0.0028353314846754074,0.5011773705482483,-0.0031128861010074615
0.0028353314846754074,0.5011773705482483,-0.0031128861010074615
0.0028353314846754074,0.5011773705482483,-0.0031128861010074615
0.0028353314846754074,0.5011773705482483,-0.0031128861010074615
0.0028353314846754074,0.5011773705482483,-0.0031128861010074615
0.0028353314846754074,0.5011773705482483,-0.0031128861010074615
0.0028353314846754074,0.5011773705482483,-0.0031128861010074615
0.0028353314846754074,0.5011773705482483,-0.0031128861010074615
0.0028353314846754074,0.5011773705482483,-0.0031128861010074615
0.0028353314846754074,0.5011773705482483,-0.0031128861010074615
0.0028353314846754074,0.5011773705482483,-0.0031128861010074615
0.0028353314846754074,0.5011773705482483,-0.0031128861010074615
0.0028353314846754074,0.5011773705482483,-0.0031128861010074615
0.0028353314846754074,0.5011773705482483,-0.0031128861010074615
0.0028353314846754074,0.5011773705482483,-0.0031128861010074615
0.0028353314846754074,0.5011773705482483,-0.0031128861010074615
0.0028353314846754074,0.5011773705482483,-0.0031128861010074615
0.0028353314846754074,0.5011773705482483,-0.0031128861010074615
0.0028353314846754074,0.5011773705482483,-0.0031128861010074615
0.0028353314846754074,0.5011773705482483,-0.0031128861010074615
0.0028353314846754074,0.5011773705482483,-0.0031128861010074615
0.0028353314846754074,0.5011773705482483,-0.0031128861010074615
0.0028353314846754074,0.5011773705482483,-0.0031128861010074615
0.0028353314846754074,0.5011773705482483,-0.0031128861010074615
0.0028353314846754074,0.5011773705482483,-0.0031128861010074615
0.0028353314846754074,0.5011773705482483,-0.0031128861010074615
0.0028353314846754074,0.5011773705482483,-0.0031128861010074615
0.0028353314846754074,0.5011773705482483,-0.0031128861010074615
0.0028353314846754074,0.5011773705482483,-0.0031128861010074615
0.0028353314846754074,0.5011773705482483,-0.0031128861010074615
0.0028353314846754074,0.5011773705482483,-0.0031128861010074615
0.0028353314846754074,0.5011773705482483,-0.0031128861010074615
0.0028353314846754074,0.5011773705482483,-0.0031128861010074615
0.0028353314846754074,0.5011773705482483,-0.0031128861010074615
0.0028353314846754074,0.5011773705482483,-0.0031128861010074615
0.0028353314846754074,0.5011773705482483,-0.0031128861010074615
0.0028353314846754074,0.5011773705482483,-0.0031128861010074615
0.0028353314846754074,0.5011773705482483,-0.0031128861010074615
0.0028353314846754074,0.5011773705482483,-0.0031128861010074615
0.0028353314846754074,0.5011773705482483,-0.0031128861010074615
0.0028353314846754074,0.5011773705482483,-0.0031128861010074615
0.0028353314846754074,0.5011773705482483,-0.0031128861010074615
0.0028353314846754074,0.5011773705482483,-0.0031128861010074615
0.0028353314846754074,0.5011773705482483,-0.0031128861010074615
0.0028353314846754074,0.5011773705482483,-0.0031128861010074615
0.0028353314846754074,0.5011773705482483,-0.0031128861010074615
0.0028353314846754074,0.5011773705482483,-0.0031128861010074615
0.0028353314846754074,0.5011773705482483,-0.0031128861010074615
0.0028353314846754074,0.5011773705482483,-0.0031128861010074615
0.0028353314846754074,0.5011773705482483,-0.0031128861010074615
0.0028353314846754074,0.5011773705482483,-0.0031128861010074615
0.0028353314846754074,0.5011773705482483,-0.0031128861010074615
0.0028353314846754074,0.5011773705482483,-0.0031128861010074615
0.0028353314846754074,0.5011773705482483,-0.0031128861010074615
0.0028353314846754074,0.5011773705482483,-0.0031128861010074615
0.0028353314846754074,0.5011773705482483,-0.0031128861010074615
0.0028353314846754074,0.5011773705482483,-0.0031128861010074615
0.0028353314846754074,0.5011773705482483,-0.0031128861010074615
0.0028353314846754074,0.5011773705482483,-0.0031128861010074615
0.0028353314846754074,0.5011773705482483,-0.0031128861010074615
0.0028353314846754074,0.5011773705482483,-0.0031128861010074615
0.0028353314846754074,0.5011773705482483,-0.0031128861010074615
0.0028353314846754074,0.5011773705482483,-0.0031128861010074615
0.0028353314846754074,0.5011773705482483,-0.0031128861010074615
0.0028353314846754074,0.5011773705482483,-0.0031128861010074615
0.0028353314846754074,0.5011773705482483,-0.0031128861010074615
0.0028353314846754074,0.5011773705482483,-0.0031128861010074615
0.0028353314846754074,0.5011773705482483,-0.0031128861010074615
0.0028353314846754074,0.5011773705482483,-0.0031128861010074615
0.0028353314846754074,0.5011773705482483,-0.0031128861010074615
0.0028353314846754074,0.5011773705482483,-0.0031128861010074615
0.0028353314846754074,0.5011773705482483,-0.0031128861010074615
0.0028353314846754074,0.5011773705482483,-0.0031128861010074615
0.0028353314846754074,0.5011773705482483,-0.0031128861010074615
0.0028353314846754074,0.5011773705482483,-0.0031128861010074615
0.0028353314846754074,0.5011773705482483,-0.0031128861010074615
0.0028353314846754074,0.5011773705482483,-0.0031128861010074615
0.0028353314846754074,0.5011773705482483,-0.0031128861010074615
0.0028353314846754074,0.5011773705482483,-0.0031128861010074615
0.0028353314846754074,0.5011773705482483,-0.0031128861010074615
0.0028353314846754074,0.5011773705482483,-0.0031128861010074615
0.0028353314846754074,0.5011773705482483,-0.0031128861010074615
0.0028353314846754074,0.5011773705482483,-0.0031128861010074615
0.0028353314846754074,0.5011773705482483,-0.0031128861010074615
0.0028353314846754074,0.5011773705482483,-0.0031128861010074615
0.0028353314846754074,0.5011773705482483,-0.0031128861010074615
0.0028353314846754074,0.5011773705482483,-0.0031128861010074615
0.0028353314846754074,0.5011773705482483,-0.0031128861010074615
0.0028353314846754074,0.5011773705482483,-0.0031128861010074615
0.0028353314846754074,0.5011773705482483,-0.0031128861010074615
0.0028353314846754074,0.5011773705482483,-0.0031128861010074615
0.0028353314846754074,0.5011773705482483,-0.0031128861010074615
0.0028353314846754074,0.5011773705482483,-0.0031128861010074615
0.0028353314846754074,0.5011773705482483,-0.0031128861010074615
0.0028353314846754074,0.5011773705482483,-0.0031128861010074615
0.0028353314846754074,0.5011773705482483,-0.0031128861010074615
0.0028353314846754074,0.5011773705482483,-0.0031128861010074615
0.0028353314846754074,0.5011773705482483,-0.0031128861010074615
0.0028353314846754074,0.5011773705482483,-0.0031128861010074615
0.0028353314846754074,0.5011773705482483,-0.0031128861010074615
0.0028353314846754074,0.5011773705482483,-0.0031128861010074615
0.0028353314846754074,0.5011773705482483,-0.0031128861010074615
0.0028353314846754074,0.5011773705482483,-0.0031128861010074615
0.0028353314846754074,0.5011773705482483,-0.0031128861010074615
0.0028353314846754074,0.5011773705482483,-0.0031128861010074615
0.0028353314846754074,0.5011773705482483,-0.0031128861010074615
0.0028353314846754074,0.5011773705482483,-0.0031128861010074615
0.0028353314846754074,0.5011773705482483,-0.0031128861010074615
0.0028353314846754074,0.5011773705482483,-0.0031128861010074615
0.0028353314846754074,0.5011773705482483,-0.0031128861010074615
0.0028353314846754074,0.5011773705482483,-0.0031128861010074615
0.0028353314846754074,0.5011773705482483,-0.0031128861010074615
0.0028353314846754074,0.5011773705482483,-0.0031128861010074615
0.0028353314846754074,0.5011773705482483,-0.0031128861010074615
0.0028353314846754074,0.5011773705482483,-0.0031128861010074615
0.0028353314846754074,0.5011773705482483,-0.0031128861010074615
0.0028353314846754074,0.5011773705482483,-0.0031128861010074615
0.0028353314846754074,0.5011773705482483,-0.0031128861010074615
0.0028353314846754074,0.5011773705482483,-0.0031128861010074615
0.0028353314846754074,0.5011773705482483,-0.0031128861010074615
0.0028353314846754074,0.5011773705482483,-0.0031128861010074615
0.0028353314846754074,0.5011773705482483,-0.0031128861010074615
0.0028353314846754074,0.5011773705482483,-0.0031128861010074615
0.0028353314846754074,0.5011773705482483,-0.0031128861010074615
0.0028353314846754074,0.5011773705482483,-0.0031128861010074615
0.0028353314846754074,0.5011773705482483,-0.0031128861010074615
0.0028353314846754074,0.5011773705482483,-0.0031128861010074615
0.0028353314846754074,0.5011773705482483,-0.0031128861010074615
0.0028353314846754074,0.5011773705482483,-0.0031128861010074615
0.0028353314846754074,0.5011773705482483,-0.0031128861010074615
0.0028353314846754074,0.5011773705482483,-0.0031128861010074615
0.0028353314846754074,0.5011773705482483,-0.0031128861010074615
0.0028353314846754074,0.5011773705482483,-0.0031128861010074615
0.0028353314846754074,0.5011773705482483,-0.0031128861010074615
0.0028353314846754074,0.5011773705482483,-0.0031128861010074615
0.0028353314846754074,0.5011773705482483,-0.0031128861010074615
0.0028353314846754074,0.5011773705482483,-0.0031128861010074615
0.0028353314846754074,0.5011773705482483,-0.0031128861010074615
0.0028353314846754074,0.5011773705482483,-0.0031128861010074615
0.0028353314846754074,0.5011773705482483,-0.0031128861010074615
0.0028353314846754074,0.5011773705482483,-0.0031128861010074615
0.0028353314846754074,0.5011773705482483,-0.0031128861010074615
0.0028353314846754074,0.5011773705482483,-0.0031128861010074615
0.0028353314846754074,0.5011773705482483,-0.0031128861010074615
0.0028353314846754074,0.5011773705482483,-0.0031128861010074615
0.0028353314846754074,0.5011773705482483,-0.0031128861010074615
0.0028353314846754074,0.5011773705482483,-0.0031128861010074615
0.0028353314846754074,0.5011773705482483,-0.0031128861010074615
0.0028353314846754074,0.5011773705482483,-0.0031128861010074615
0.0028353314846754074,0.5011773705482483,-0.0031128861010074615
0.0028353314846754074,0.5011773705482483,-0.0031128861010074615
0.0028353314846754074,0.5011773705482483,-0.0031128861010074615
0.0028353314846754074,0.5011773705482483,-0.0031128861010074615
0.0028353314846754074,0.5011773705482483,-0.0031128861010074615
0.0028353314846754074,0.5011773705482483,-0.0031128861010074615
0.0028353314846754074,0.5011773705482483,-0.0031128861010074615
0.0028353314846754074,0.5011773705482483,-0.0031128861010074615
0.0028353314846754074,0.5011773705482483,-0.0031128861010074615
0.0028353314846754074,0.5011773705482483,-0.0031128861010074615
0.0028353314846754074,0.5011773705482483,-0.0031128861010074615
0.0028353314846754074,0.5011773705482483,-0.0031128861010074615
0.0028353314846754074,0.5011773705482483,-0.0031128861010074615
0.0028353314846754074,0.5011773705482483,-0.0031128861010074615
0.0028353314846754074,0.5011773705482483,-0.0031128861010074615
0.0028353314846754074,0.5011773705482483,-0.0031128861010074615
0.0028353314846754074,0.5011773705482483,-0.0031128861010074615
0.0028353314846754074,0.5011773705482483,-0.0031128861010074615
0.0028353314846754074,0.5011773705482483,-0.0031128861010074615
0.0028353314846754074,0.5011773705482483,-0.0031128861010074615
0.0028353314846754074,0.5011773705482483,-0.0031128861010074615
0.0028353314846754074,0.5011773705482483,-0.0031128861010074615
0.0028353314846754074,0.5011773705482483,-0.0031128861010074615
0.0028353314846754074,0.5011773705482483,-0.0031128861010074615
0.0028353314846754074,0.5011773705482483,-0.0031128861010074615
0.0028353314846754074,0.5011773705482483,-0.0031128861010074615
0.0028353314846754074,0.5011773705482483,-0.0031128861010074615
0.0028353314846754074,0.5011773705482483,-0.0031128861010074615
0.0028353314846754074,0.5011773705482483,-0.0031128861010074615
0.0028353314846754074,0.5011773705482483,-0.0031128861010074615
0.0028353314846754074,0.5011773705482483,-0.0031128861010074615
0.0028353314846754074,0.5011773705482483,-0.0031128861010074615
0.0028353314846754074,0.5011773705482483,-0.0031128861010074615
0.0028353314846754074,0.5011773705482483,-0.0031128861010074615
0.0028353314846754074,0.5011773705482483,-0.0031128861010074615
0.0028353314846754074,0.5011773705482483,-0.0031128861010074615
0.0028353314846754074,0.5011773705482483,-0.0031128861010074615
0.0028353314846754074,0.5011773705482483,-0.0031128861010074615
0.0028353314846754074,0.5011773705482483,-0.0031128861010074615
0.0028353314846754074,0.5011773705482483,-0.0031128861010074615
0.0028353314846754074,0.5011773705482483,-0.0031128861010074615
0.0028353314846754074,0.5011773705482483,-0.0031128861010074615
0.0028353314846754074,0.5011773705482483,-0.0031128861010074615
0.0028353314846754074,0.5011773705482483,-0.0031128861010074615
0.0028353314846754074,0.5011773705482483,-0.0031128861010074615
0.0028353314846754074,0.5011773705482483,-0.0031128861010074615
0.0028353314846754074,0.5011773705482483,-0.0031128861010074615
0.0028353314846754074,0.5011773705482483,-0.0031128861010074615
0.0028353314846754074,0.5011773705482483,-0.0031128861010074615
0.0028353314846754074,0.5011773705482483,-0.0031128861010074615
0.0028353314846754074,0.5011773705482483,-0.0031128861010074615
0.0028353314846754074,0.5011773705482483,-0.0031128861010074615
0.0028353314846754074,0.5011773705482483,-0.0031128861010074615
0.0028353314846754074,0.5011773705482483,-0.0031128861010074615
0.0028353314846754074,0.5011773705482483,-0.0031128861010074615
0.0028353314846754074,0.5011773705482483,-0.0031128861010074615
0.0028353314846754074,0.5011773705482483,-0.0031128861010074615
0.0028353314846754074,0.5011773705482483,-0.0031128861010074615
0.0028353314846754074,0.5011773705482483,-0.0031128861010074615
0.0028353314846754074,0.5011773705482483,-0.0031128861010074615
0.0028353314846754074,0.5011773705482483,-0.0031128861010074615
0.0028353314846754074,0.5011773705482483,-0.0031128861010074615
0.0028353314846754074,0.5011773705482483,-0.0031128861010074615
0.0028353314846754074,0.5011773705482483,-0.0031128861010074615
0.0028353314846754074,0.5011773705482483,-0.0031128861010074615
0.0028353314846754074,0.5011773705482483,-0.0031128861010074615
0.0028353314846754074,0.5011773705482483,-0.0031128861010074615
0.0028353314846754074,0.5011773705482483,-0.0031128861010074615
0.0028353314846754074,0.5011773705482483,-0.0031128861010074615
0.0028353314846754074,0.5011773705482483,-0.0031128861010074615
0.0028353314846754074,0.5011773705482483,-0.0031128861010074615
0.0028353314846754074,0.5011773705482483,-0.0031128861010074615
0.0028353314846754074,0.5011773705482483,-0.0031128861010074615
0.0028353314846754074,0.5011773705482483,-0.0031128861010074615
0.0028353314846754074,0.5011773705482483,-0.0031128861010074615
0.0028353314846754074,0.5011773705482483,-0.0031128861010074615
0.0028353314846754074,0.5011773705482483,-0.0031128861010074615
0.0028353314846754074,0.5011773705482483,-0.0031128861010074615
0.0028353314846754074,0.5011773705482483,-0.0031128861010074615
0.0028353314846754074,0.5011773705482483,-0.0031128861010074615
0.0028353314846754074,0.5011773705482483,-0.0031128861010074615
0.0028353314846754074,0.5011773705482483,-0.0031128861010074615
0.0028353314846754074,0.5011773705482483,-0.0031128861010074615
0.0028353314846754074,0.5011773705482483,-0.0031128861010074615
0.0028353314846754074,0.5011773705482483,-0.0031128861010074615
0.0028353314846754074,0.5011773705482483,-0.0031128861010074615
0.0028353314846754074,0.5011773705482483,-0.0031128861010074615
0.0028353314846754074,0.5011773705482483,-0.0031128861010074615
0.0028353314846754074,0.5011773705482483,-0.0031128861010074615
0.0028353314846754074,0.5011773705482483,-0.0031128861010074615
0.0028353314846754074,0.5011773705482483,-0.0031128861010074615
0.0028353314846754074,0.5011773705482483,-0.0031128861010074615
0.0028353314846754074,0.5011773705482483,-0.0031128861010074615
0.0028353314846754074,0.5011773705482483,-0.0031128861010074615
0.0028353314846754074,0.5011773705482483,-0.0031128861010074615
0.0028353314846754074,0.5011773705482483,-0.0031128861010074615
0.0028353314846754074,0.5011773705482483,-0.0031128861010074615
0.0028353314846754074,0.5011773705482483,-0.0031128861010074615
0.0028353314846754074,0.5011773705482483,-0.0031128861010074615
0.0028353314846754074,0.5011773705482483,-0.0031128861010074615
0.0028353314846754074,0.5011773705482483,-0.0031128861010074615
0.0028353314846754074,0.5011773705482483,-0.0031128861010074615
0.0028353314846754074,0.5011773705482483,-0.0031128861010074615
0.0028353314846754074,0.5011773705482483,-0.0031128861010074615
0.0028353314846754074,0.5011773705482483,-0.0031128861010074615
0.0028353314846754074,0.5011773705482483,-0.0031128861010074615
0.0028353314846754074,0.5011773705482483,-0.0031128861010074615
0.0028353314846754074,0.5011773705482483,-0.0031128861010074615
0.0028353314846754074,0.5011773705482483,-0.0031128861010074615
0.0028353314846754074,0.5011773705482483,-0.0031128861010074615
0.0028353314846754074,0.5011773705482483,-0.0031128861010074615
0.0028353314846754074,0.5011773705482483,-0.0031128861010074615
0.0028353314846754074,0.5011773705482483,-0.0031128861010074615
0.0028353314846754074,0.5011773705482483,-0.0031128861010074615
0.0028353314846754074,0.5011773705482483,-0.0031128861010074615
0.0028353314846754074,0.5011773705482483,-0.0031128861010074615
0.0028353314846754074,0.5011773705482483,-0.0031128861010074615
0.0028353314846754074,0.5011773705482483,-0.0031128861010074615
0.0028353314846754074,0.5011773705482483,-0.0031128861010074615
0.0028353314846754074,0.5011773705482483,-0.0031128861010074615
0.0028353314846754074,0.5011773705482483,-0.0031128861010074615
0.0028353314846754074,0.5011773705482483,-0.0031128861010074615
0.0028353314846754074,0.5011773705482483,-0.0031128861010074615
0.0028353314846754074,0.5011773705482483,-0.0031128861010074615
0.0028353314846754074,0.5011773705482483,-0.0031128861010074615
0.0028353314846754074,0.5011773705482483,-0.0031128861010074615
0.0028353314846754074,0.5011773705482483,-0.0031128861010074615
0.0028353314846754074,0.5011773705482483,-0.0031128861010074615
0.0028353314846754074,0.5011773705482483,-0.0031128861010074615
0.0028353314846754074,0.5011773705482483,-0.0031128861010074615
0.0028353314846754074,0.5011773705482483,-0.0031128861010074615
0.0028353314846754074,0.5011773705482483,-0.0031128861010074615
0.0028353314846754074,0.5011773705482483,-0.0031128861010074615
0.0028353314846754074,0.5011773705482483,-0.0031128861010074615
0.0028353314846754074,0.5011773705482483,-0.0031128861010074615
0.0028353314846754074,0.5011773705482483,-0.0031128861010074615
0.0028353314846754074,0.5011773705482483,-0.0031128861010074615
0.0028353314846754074,0.5011773705482483,-0.0031128861010074615
0.0028353314846754074,0.5011773705482483,-0.0031128861010074615
0.0028353314846754074,0.5011773705482483,-0.0031128861010074615
0.0028353314846754074,0.5011773705482483,-0.0031128861010074615
0.0028353314846754074,0.5011773705482483,-0.0031128861010074615
0.0028353314846754074,0.5011773705482483,-0.0031128861010074615
0.0028353314846754074,0.5011773705482483,-0.0031128861010074615
0.0028353314846754074,0.5011773705482483,-0.0031128861010074615
0.0028353314846754074,0.5011773705482483,-0.0031128861010074615
0.0028353314846754074,0.5011773705482483,-0.0031128861010074615
0.0028353314846754074,0.5011773705482483,-0.0031128861010074615
0.0028353314846754074,0.5011773705482483,-0.0031128861010074615
0.0028353314846754074,0.5011773705482483,-0.0031128861010074615
0.0028353314846754074,0.5011773705482483,-0.0031128861010074615
0.0028353314846754074,0.5011773705482483,-0.0031128861010074615
0.0028353314846754074,0.5011773705482483,-0.0031128861010074615
0.0028353314846754074,0.5011773705482483,-0.0031128861010074615
0.0028353314846754074,0.5011773705482483,-0.0031128861010074615
0.0028353314846754074,0.5011773705482483,-0.0031128861010074615
0.0028353314846754074,0.5011773705482483,-0.0031128861010074615
0.0028353314846754074,0.5011773705482483,-0.0031128861010074615
0.0028353314846754074,0.5011773705482483,-0.0031128861010074615
0.0028353314846754074,0.5011773705482483,-0.0031128861010074615
0.0028353314846754074,0.5011773705482483,-0.0031128861010074615
0.0028353314846754074,0.5011773705482483,-0.0031128861010074615
0.0028353314846754074,0.5011773705482483,-0.0031128861010074615
0.0028353314846754074,0.5011773705482483,-0.0031128861010074615
0.0028353314846754074,0.5011773705482483,-0.0031128861010074615
0.0028353314846754074,0.5011773705482483,-0.0031128861010074615
0.0028353314846754074,0.5011773705482483,-0.0031128861010074615
0.0028353314846754074,0.5011773705482483,-0.0031128861010074615
0.0028353314846754074,0.5011773705482483,-0.0031128861010074615
0.0028353314846754074,0.5011773705482483,-0.0031128861010074615
0.0028353314846754074,0.5011773705482483,-0.0031128861010074615
0.0028353314846754074,0.5011773705482483,-0.0031128861010074615
0.0028353314846754074,0.5011773705482483,-0.0031128861010074615
0.0028353314846754074,0.5011773705482483,-0.0031128861010074615
0.0028353314846754074,0.5011773705482483,-0.0031128861010074615
0.0028353314846754074,0.5011773705482483,-0.0031128861010074615
0.0028353314846754074,0.5011773705482483,-0.0031128861010074615
0.0028353314846754074,0.5011773705482483,-0.0031128861010074615
0.0028353314846754074,0.5011773705482483,-0.0031128861010074615
0.0028353314846754074,0.5011773705482483,-0.0031128861010074615
0.0028353314846754074,0.5011773705482483,-0.0031128861010074615
0.0028353314846754074,0.5011773705482483,-0.0031128861010074615
0.0028353314846754074,0.5011773705482483,-0.0031128861010074615
0.0028353314846754074,0.5011773705482483,-0.0031128861010074615
0.0028353314846754074,0.5011773705482483,-0.0031128861010074615
0.0028353314846754074,0.5011773705482483,-0.0031128861010074615
0.0028353314846754074,0.5011773705482483,-0.0031128861010074615
0.0028353314846754074,0.5011773705482483,-0.0031128861010074615
0.0028353314846754074,0.5011773705482483,-0.0031128861010074615
0.0028353314846754074,0.5011773705482483,-0.0031128861010074615
0.0028353314846754074,0.5011773705482483,-0.0031128861010074615
0.0028353314846754074,0.5011773705482483,-0.0031128861010074615
0.0028353314846754074,0.5011773705482483,-0.0031128861010074615
0.0028353314846754074,0.5011773705482483,-0.0031128861010074615
0.0028353314846754074,0.5011773705482483,-0.0031128861010074615
0.0028353314846754074,0.5011773705482483,-0.0031128861010074615
0.0028353314846754074,0.5011773705482483,-0.0031128861010074615
0.0028353314846754074,0.5011773705482483,-0.0031128861010074615
0.0028353314846754074,0.5011773705482483,-0.0031128861010074615
0.0028353314846754074,0.5011773705482483,-0.0031128861010074615
0.0028353314846754074,0.5011773705482483,-0.0031128861010074615
0.0028353314846754074,0.5011773705482483,-0.0031128861010074615
0.0028353314846754074,0.5011773705482483,-0.0031128861010074615
0.0028353314846754074,0.5011773705482483,-0.0031128861010074615
0.0028353314846754074,0.5011773705482483,-0.0031128861010074615
0.0028353314846754074,0.5011773705482483,-0.0031128861010074615
0.0028353314846754074,0.5011773705482483,-0.0031128861010074615
0.0028353314846754074,0.5011773705482483,-0.0031128861010074615
0.0028353314846754074,0.5011773705482483,-0.0031128861010074615
0.0028353314846754074,0.5011773705482483,-0.0031128861010074615
0.0028353314846754074,0.5011773705482483,-0.0031128861010074615
0.0028353314846754074,0.5011773705482483,-0.0031128861010074615
0.0028353314846754074,0.5011773705482483,-0.0031128861010074615
0.0028353314846754074,0.5011773705482483,-0.0031128861010074615
0.0028353314846754074,0.5011773705482483,-0.0031128861010074615
0.0028353314846754074,0.5011773705482483,-0.0031128861010074615
0.0028353314846754074,0.5011773705482483,-0.0031128861010074615
0.0028353314846754074,0.5011773705482483,-0.0031128861010074615
0.0028353314846754074,0.5011773705482483,-0.0031128861010074615
0.0028353314846754074,0.5011773705482483,-0.0031128861010074615
0.0028353314846754074,0.5011773705482483,-0.0031128861010074615
0.0028353314846754074,0.5011773705482483,-0.0031128861010074615
0.0028353314846754074,0.5011773705482483,-0.0031128861010074615
0.0028353314846754074,0.5011773705482483,-0.0031128861010074615
0.0028353314846754074,0.5011773705482483,-0.0031128861010074615
0.0028353314846754074,0.5011773705482483,-0.0031128861010074615
0.0028353314846754074,0.5011773705482483,-0.0031128861010074615
0.0028353314846754074,0.5011773705482483,-0.0031128861010074615
0.0028353314846754074,0.5011773705482483,-0.0031128861010074615
0.0028353314846754074,0.5011773705482483,-0.0031128861010074615
0.0028353314846754074,0.5011773705482483,-0.0031128861010074615
0.0028353314846754074,0.5011773705482483,-0.0031128861010074615
0.0028353314846754074,0.5011773705482483,-0.0031128861010074615
0.0028353314846754074,0.5011773705482483,-0.0031128861010074615
0.0028353314846754074,0.5011773705482483,-0.0031128861010074615
0.0028353314846754074,0.5011773705482483,-0.0031128861010074615
0.0028353314846754074,0.5011773705482483,-0.0031128861010074615
0.0028353314846754074,0.5011773705482483,-0.0031128861010074615
0.0028353314846754074,0.5011773705482483,-0.0031128861010074615
0.0028353314846754074,0.5011773705482483,-0.0031128861010074615
0.0028353314846754074,0.5011773705482483,-0.0031128861010074615
0.0028353314846754074,0.5011773705482483,-0.0031128861010074615
0.0028353314846754074,0.5011773705482483,-0.0031128861010074615
0.0028353314846754074,0.5011773705482483,-0.0031128861010074615
0.0028353314846754074,0.5011773705482483,-0.0031128861010074615
0.0028353314846754074,0.5011773705482483,-0.0031128861010074615
0.0028353314846754074,0.5011773705482483,-0.0031128861010074615
0.0028353314846754074,0.5011773705482483,-0.0031128861010074615
0.0028353314846754074,0.5011773705482483,-0.0031128861010074615
0.0028353314846754074,0.5011773705482483,-0.0031128861010074615
0.0028353314846754074,0.5011773705482483,-0.0031128861010074615
0.0028353314846754074,0.5011773705482483,-0.0031128861010074615
0.0028353314846754074,0.5011773705482483,-0.0031128861010074615
0.0028353314846754074,0.5011773705482483,-0.0031128861010074615
0.0028353314846754074,0.5011773705482483,-0.0031128861010074615
0.0028353314846754074,0.5011773705482483,-0.0031128861010074615
0.0028353314846754074,0.5011773705482483,-0.0031128861010074615
0.0028353314846754074,0.5011773705482483,-0.0031128861010074615
0.0028353314846754074,0.5011773705482483,-0.0031128861010074615
0.0028353314846754074,0.5011773705482483,-0.0031128861010074615
0.0028353314846754074,0.5011773705482483,-0.0031128861010074615
0.0028353314846754074,0.5011773705482483,-0.0031128861010074615
0.0028353314846754074,0.5011773705482483,-0.0031128861010074615
0.0028353314846754074,0.5011773705482483,-0.0031128861010074615
0.0028353314846754074,0.5011773705482483,-0.0031128861010074615
0.0028353314846754074,0.5011773705482483,-0.0031128861010074615
0.0028353314846754074,0.5011773705482483,-0.0031128861010074615
0.0028353314846754074,0.5011773705482483,-0.0031128861010074615
0.0028353314846754074,0.5011773705482483,-0.0031128861010074615
0.0028353314846754074,0.5011773705482483,-0.0031128861010074615
0.0028353314846754074,0.5011773705482483,-0.0031128861010074615
0.0028353314846754074,0.5011773705482483,-0.0031128861010074615
0.0028353314846754074,0.5011773705482483,-0.0031128861010074615
0.0028353314846754074,0.5011773705482483,-0.0031128861010074615
0.0028353314846754074,0.5011773705482483,-0.0031128861010074615
0.0028353314846754074,0.5011773705482483,-0.0031128861010074615
0.0028353314846754074,0.5011773705482483,-0.0031128861010074615
0.0028353314846754074,0.5011773705482483,-0.0031128861010074615
0.0028353314846754074,0.5011773705482483,-0.0031128861010074615
0.0028353314846754074,0.5011773705482483,-0.0031128861010074615
0.0028353314846754074,0.5011773705482483,-0.0031128861010074615
0.0028353314846754074,0.5011773705482483,-0.0031128861010074615
0.0028353314846754074,0.5011773705482483,-0.0031128861010074615
0.0028353314846754074,0.5011773705482483,-0.0031128861010074615
0.0028353314846754074,0.5011773705482483,-0.0031128861010074615
0.0028353314846754074,0.5011773705482483,-0.0031128861010074615
0.0028353314846754074,0.5011773705482483,-0.0031128861010074615
0.0028353314846754074,0.5011773705482483,-0.0031128861010074615
0.0028353314846754074,0.5011773705482483,-0.0031128861010074615
0.0028353314846754074,0.5011773705482483,-0.0031128861010074615
0.0028353314846754074,0.5011773705482483,-0.0031128861010074615
0.0028353314846754074,0.5011773705482483,-0.0031128861010074615
0.0028353314846754074,0.5011773705482483,-0.0031128861010074615
0.0028353314846754074,0.5011773705482483,-0.0031128861010074615
0.0028353314846754074,0.5011773705482483,-0.0031128861010074615
0.0028353314846754074,0.5011773705482483,-0.0031128861010074615
0.0028353314846754074,0.5011773705482483,-0.0031128861010074615
0.0028353314846754074,0.5011773705482483,-0.0031128861010074615
0.0028353314846754074,0.5011773705482483,-0.0031128861010074615
0.0028353314846754074,0.5011773705482483,-0.0031128861010074615
0.0028353314846754074,0.5011773705482483,-0.0031128861010074615
0.0028353314846754074,0.5011773705482483,-0.0031128861010074615
0.0028353314846754074,0.5011773705482483,-0.0031128861010074615
0.0028353314846754074,0.5011773705482483,-0.0031128861010074615
0.0028353314846754074,0.5011773705482483,-0.0031128861010074615
0.0028353314846754074,0.5011773705482483,-0.0031128861010074615
0.0028353314846754074,0.5011773705482483,-0.0031128861010074615
0.0028353314846754074,0.5011773705482483,-0.0031128861010074615
0.0028353314846754074,0.5011773705482483,-0.0031128861010074615
0.0028353314846754074,0.5011773705482483,-0.0031128861010074615
0.0028353314846754074,0.5011773705482483,-0.0031128861010074615
0.0028353314846754074,0.5011773705482483,-0.0031128861010074615
0.0028353314846754074,0.5011773705482483,-0.0031128861010074615
0.0028353314846754074,0.5011773705482483,-0.0031128861010074615
0.0028353314846754074,0.5011773705482483,-0.0031128861010074615
0.0028353314846754074,0.5011773705482483,-0.0031128861010074615
0.0028353314846754074,0.5011773705482483,-0.0031128861010074615
0.0028353314846754074,0.5011773705482483,-0.0031128861010074615
0.0028353314846754074,0.5011773705482483,-0.0031128861010074615
0.0028353314846754074,0.5011773705482483,-0.0031128861010074615
0.0028353314846754074,0.5011773705482483,-0.0031128861010074615
0.0028353314846754074,0.5011773705482483,-0.0031128861010074615
0.0028353314846754074,0.5011773705482483,-0.0031128861010074615
0.0028353314846754074,0.5011773705482483,-0.0031128861010074615
0.0028353314846754074,0.5011773705482483,-0.0031128861010074615
0.0028353314846754074,0.5011773705482483,-0.0031128861010074615
0.0028353314846754074,0.5011773705482483,-0.0031128861010074615
0.0028353314846754074,0.5011773705482483,-0.0031128861010074615
0.0028353314846754074,0.5011773705482483,-0.0031128861010074615
0.0028353314846754074,0.5011773705482483,-0.0031128861010074615
0.0028353314846754074,0.5011773705482483,-0.0031128861010074615
0.0028353314846754074,0.5011773705482483,-0.0031128861010074615
0.0028353314846754074,0.5011773705482483,-0.0031128861010074615
0.0028353314846754074,0.5011773705482483,-0.0031128861010074615
0.0028353314846754074,0.5011773705482483,-0.0031128861010074615
0.0028353314846754074,0.5011773705482483,-0.0031128861010074615
0.0028353314846754074,0.5011773705482483,-0.0031128861010074615
0.0028353314846754074,0.5011773705482483,-0.0031128861010074615
0.0028353314846754074,0.5011773705482483,-0.0031128861010074615
0.0028353314846754074,0.5011773705482483,-0.0031128861010074615
0.0028353314846754074,0.5011773705482483,-0.0031128861010074615
0.0028353314846754074,0.5011773705482483,-0.0031128861010074615
0.0028353314846754074,0.5011773705482483,-0.0031128861010074615
0.0028353314846754074,0.5011773705482483,-0.0031128861010074615
0.0028353314846754074,0.5011773705482483,-0.0031128861010074615
0.0028353314846754074,0.5011773705482483,-0.0031128861010074615
0.0028353314846754074,0.5011773705482483,-0.0031128861010074615
0.0028353314846754074,0.5011773705482483,-0.0031128861010074615
0.0028353314846754074,0.5011773705482483,-0.0031128861010074615
0.0028353314846754074,0.5011773705482483,-0.0031128861010074615
0.0028353314846754074,0.5011773705482483,-0.0031128861010074615
0.0028353314846754074,0.5011773705482483,-0.0031128861010074615
0.0028353314846754074,0.5011773705482483,-0.0031128861010074615
0.0028353314846754074,0.5011773705482483,-0.0031128861010074615
0.0028353314846754074,0.5011773705482483,-0.0031128861010074615
0.0028353314846754074,0.5011773705482483,-0.0031128861010074615
0.0028353314846754074,0.5011773705482483,-0.0031128861010074615
0.0028353314846754074,0.5011773705482483,-0.0031128861010074615
0.0028353314846754074,0.5011773705482483,-0.0031128861010074615
0.0028353314846754074,0.5011773705482483,-0.0031128861010074615
0.0028353314846754074,0.5011773705482483,-0.0031128861010074615
0.0028353314846754074,0.5011773705482483,-0.0031128861010074615
0.0028353314846754074,0.5011773705482483,-0.0031128861010074615
0.0028353314846754074,0.5011773705482483,-0.0031128861010074615
0.0028353314846754074,0.5011773705482483,-0.0031128861010074615
0.0028353314846754074,0.5011773705482483,-0.0031128861010074615
0.0028353314846754074,0.5011773705482483,-0.0031128861010074615
0.0028353314846754074,0.5011773705482483,-0.0031128861010074615
0.0028353314846754074,0.5011773705482483,-0.0031128861010074615
0.0028353314846754074,0.5011773705482483,-0.0031128861010074615
0.0028353314846754074,0.5011773705482483,-0.0031128861010074615
0.0028353314846754074,0.5011773705482483,-0.0031128861010074615
0.0028353314846754074,0.5011773705482483,-0.0031128861010074615
0.0028353314846754074,0.5011773705482483,-0.0031128861010074615
0.0028353314846754074,0.5011773705482483,-0.0031128861010074615
0.0028353314846754074,0.5011773705482483,-0.0031128861010074615
0.0028353314846754074,0.5011773705482483,-0.0031128861010074615
0.0028353314846754074,0.5011773705482483,-0.0031128861010074615
0.0028353314846754074,0.5011773705482483,-0.0031128861010074615
0.0028353314846754074,0.5011773705482483,-0.0031128861010074615
0.0028353314846754074,0.5011773705482483,-0.0031128861010074615
0.0028353314846754074,0.5011773705482483,-0.0031128861010074615
0.0028353314846754074,0.5011773705482483,-0.0031128861010074615
0.0028353314846754074,0.5011773705482483,-0.0031128861010074615
0.0028353314846754074,0.5011773705482483,-0.0031128861010074615
0.0028353314846754074,0.5011773705482483,-0.0031128861010074615
0.0028353314846754074,0.5011773705482483,-0.0031128861010074615
0.0028353314846754074,0.5011773705482483,-0.0031128861010074615
0.0028353314846754074,0.5011773705482483,-0.0031128861010074615
0.0028353314846754074,0.5011773705482483,-0.0031128861010074615
0.0028353314846754074,0.5011773705482483,-0.0031128861010074615
0.0028353314846754074,0.5011773705482483,-0.0031128861010074615
0.0028353314846754074,0.5011773705482483,-0.0031128861010074615
0.0028353314846754074,0.5011773705482483,-0.0031128861010074615
0.0028353314846754074,0.5011773705482483,-0.0031128861010074615
0.0028353314846754074,0.5011773705482483,-0.0031128861010074615
0.0028353314846754074,0.5011773705482483,-0.0031128861010074615
0.0028353314846754074,0.5011773705482483,-0.0031128861010074615
0.0028353314846754074,0.5011773705482483,-0.0031128861010074615
0.0028353314846754074,0.5011773705482483,-0.0031128861010074615
0.0028353314846754074,0.5011773705482483,-0.0031128861010074615
0.0028353314846754074,0.5011773705482483,-0.0031128861010074615
0.0028353314846754074,0.5011773705482483,-0.0031128861010074615
0.0028353314846754074,0.5011773705482483,-0.0031128861010074615
0.0028353314846754074,0.5011773705482483,-0.0031128861010074615
0.0028353314846754074,0.5011773705482483,-0.0031128861010074615
0.0028353314846754074,0.5011773705482483,-0.0031128861010074615
0.0028353314846754074,0.5011773705482483,-0.0031128861010074615
0.0028353314846754074,0.5011773705482483,-0.0031128861010074615
0.0028353314846754074,0.5011773705482483,-0.0031128861010074615
0.0028353314846754074,0.5011773705482483,-0.0031128861010074615
0.0028353314846754074,0.5011773705482483,-0.0031128861010074615
0.0028353314846754074,0.5011773705482483,-0.0031128861010074615
0.0028353314846754074,0.5011773705482483,-0.0031128861010074615
0.0028353314846754074,0.5011773705482483,-0.0031128861010074615
0.0028353314846754074,0.5011773705482483,-0.0031128861010074615
0.0028353314846754074,0.5011773705482483,-0.0031128861010074615
0.0028353314846754074,0.5011773705482483,-0.0031128861010074615
0.0028353314846754074,0.5011773705482483,-0.0031128861010074615
0.0028353314846754074,0.5011773705482483,-0.0031128861010074615
0.0028353314846754074,0.5011773705482483,-0.0031128861010074615
0.0028353314846754074,0.5011773705482483,-0.0031128861010074615
0.0028353314846754074,0.5011773705482483,-0.0031128861010074615
0.0028353314846754074,0.5011773705482483,-0.0031128861010074615
0.0028353314846754074,0.5011773705482483,-0.0031128861010074615
0.0028353314846754074,0.5011773705482483,-0.0031128861010074615
0.0028353314846754074,0.5011773705482483,-0.0031128861010074615
0.0028353314846754074,0.5011773705482483,-0.0031128861010074615
0.0028353314846754074,0.5011773705482483,-0.0031128861010074615
0.0028353314846754074,0.5011773705482483,-0.0031128861010074615
0.0028353314846754074,0.5011773705482483,-0.0031128861010074615
0.0028353314846754074,0.5011773705482483,-0.0031128861010074615
0.0028353314846754074,0.5011773705482483,-0.0031128861010074615
0.0028353314846754074,0.5011773705482483,-0.0031128861010074615
0.0028353314846754074,0.5011773705482483,-0.0031128861010074615
0.0028353314846754074,0.5011773705482483,-0.0031128861010074615
0.0028353314846754074,0.5011773705482483,-0.0031128861010074615
0.0028353314846754074,0.5011773705482483,-0.0031128861010074615
0.0028353314846754074,0.5011773705482483,-0.0031128861010074615
0.0028353314846754074,0.5011773705482483,-0.0031128861010074615
0.0028353314846754074,0.5011773705482483,-0.0031128861010074615
0.0028353314846754074,0.5011773705482483,-0.0031128861010074615
0.0028353314846754074,0.5011773705482483,-0.0031128861010074615
0.0028353314846754074,0.5011773705482483,-0.0031128861010074615
0.0028353314846754074,0.5011773705482483,-0.0031128861010074615
0.0028353314846754074,0.5011773705482483,-0.0031128861010074615
0.0028353314846754074,0.5011773705482483,-0.0031128861010074615
0.0028353314846754074,0.5011773705482483,-0.0031128861010074615
0.0028353314846754074,0.5011773705482483,-0.0031128861010074615
0.0028353314846754074,0.5011773705482483,-0.0031128861010074615
0.0028353314846754074,0.5011773705482483,-0.0031128861010074615
0.0028353314846754074,0.5011773705482483,-0.0031128861010074615
0.0028353314846754074,0.5011773705482483,-0.0031128861010074615
0.0028353314846754074,0.5011773705482483,-0.0031128861010074615
0.0028353314846754074,0.5011773705482483,-0.0031128861010074615
0.0028353314846754074,0.5011773705482483,-0.0031128861010074615
0.0028353314846754074,0.5011773705482483,-0.0031128861010074615
0.0028353314846754074,0.5011773705482483,-0.0031128861010074615
0.0028353314846754074,0.5011773705482483,-0.0031128861010074615
0.0028353314846754074,0.5011773705482483,-0.0031128861010074615
0.0028353314846754074,0.5011773705482483,-0.0031128861010074615
0.0028353314846754074,0.5011773705482483,-0.0031128861010074615
0.0028353314846754074,0.5011773705482483,-0.0031128861010074615
0.0028353314846754074,0.5011773705482483,-0.0031128861010074615
0.0028353314846754074,0.5011773705482483,-0.0031128861010074615
0.0028353314846754074,0.5011773705482483,-0.0031128861010074615
0.0028353314846754074,0.5011773705482483,-0.0031128861010074615
0.0028353314846754074,0.5011773705482483,-0.0031128861010074615
0.0028353314846754074,0.5011773705482483,-0.0031128861010074615
0.0028353314846754074,0.5011773705482483,-0.0031128861010074615
0.0028353314846754074,0.5011773705482483,-0.0031128861010074615
0.0028353314846754074,0.5011773705482483,-0.0031128861010074615
0.0028353314846754074,0.5011773705482483,-0.0031128861010074615
0.0028353314846754074,0.5011773705482483,-0.0031128861010074615
0.0028353314846754074,0.5011773705482483,-0.0031128861010074615
0.0028353314846754074,0.5011773705482483,-0.0031128861010074615
0.0028353314846754074,0.5011773705482483,-0.0031128861010074615
0.0028353314846754074,0.5011773705482483,-0.0031128861010074615
0.0028353314846754074,0.5011773705482483,-0.0031128861010074615
0.0028353314846754074,0.5011773705482483,-0.0031128861010074615
0.0028353314846754074,0.5011773705482483,-0.0031128861010074615
0.0028353314846754074,0.5011773705482483,-0.0031128861010074615
0.0028353314846754074,0.5011773705482483,-0.0031128861010074615
0.0028353314846754074,0.5011773705482483,-0.0031128861010074615
0.0028353314846754074,0.5011773705482483,-0.0031128861010074615
0.0028353314846754074,0.5011773705482483,-0.0031128861010074615
0.0028353314846754074,0.5011773705482483,-0.0031128861010074615
0.0028353314846754074,0.5011773705482483,-0.0031128861010074615
0.0028353314846754074,0.5011773705482483,-0.0031128861010074615
0.0028353314846754074,0.5011773705482483,-0.0031128861010074615
0.0028353314846754074,0.5011773705482483,-0.0031128861010074615
0.0028353314846754074,0.5011773705482483,-0.0031128861010074615
0.0028353314846754074,0.5011773705482483,-0.0031128861010074615
0.0028353314846754074,0.5011773705482483,-0.0031128861010074615
0.0028353314846754074,0.5011773705482483,-0.0031128861010074615
0.0028353314846754074,0.5011773705482483,-0.0031128861010074615
0.0028353314846754074,0.5011773705482483,-0.0031128861010074615
0.0028353314846754074,0.5011773705482483,-0.0031128861010074615
0.0028353314846754074,0.5011773705482483,-0.0031128861010074615
0.0028353314846754074,0.5011773705482483,-0.0031128861010074615
0.0028353314846754074,0.5011773705482483,-0.0031128861010074615
0.0028353314846754074,0.5011773705482483,-0.0031128861010074615
0.0028353314846754074,0.5011773705482483,-0.0031128861010074615
0.0028353314846754074,0.5011773705482483,-0.0031128861010074615
0.0028353314846754074,0.5011773705482483,-0.0031128861010074615
0.0028353314846754074,0.5011773705482483,-0.0031128861010074615
0.0028353314846754074,0.5011773705482483,-0.0031128861010074615
0.0028353314846754074,0.5011773705482483,-0.0031128861010074615
0.0028353314846754074,0.5011773705482483,-0.0031128861010074615
0.0028353314846754074,0.5011773705482483,-0.0031128861010074615
0.0028353314846754074,0.5011773705482483,-0.0031128861010074615
0.0028353314846754074,0.5011773705482483,-0.0031128861010074615
0.0028353314846754074,0.5011773705482483,-0.0031128861010074615
0.0028353314846754074,0.5011773705482483,-0.0031128861010074615
0.0028353314846754074,0.5011773705482483,-0.0031128861010074615
0.0028353314846754074,0.5011773705482483,-0.0031128861010074615
0.0028353314846754074,0.5011773705482483,-0.0031128861010074615
0.0028353314846754074,0.5011773705482483,-0.0031128861010074615
0.0028353314846754074,0.5011773705482483,-0.0031128861010074615
0.0028353314846754074,0.5011773705482483,-0.0031128861010074615
0.0028353314846754074,0.5011773705482483,-0.0031128861010074615
0.0028353314846754074,0.5011773705482483,-0.0031128861010074615
0.0028353314846754074,0.5011773705482483,-0.0031128861010074615
0.0028353314846754074,0.5011773705482483,-0.0031128861010074615
0.0028353314846754074,0.5011773705482483,-0.0031128861010074615
0.0028353314846754074,0.5011773705482483,-0.0031128861010074615
0.0028353314846754074,0.5011773705482483,-0.0031128861010074615
0.0028353314846754074,0.5011773705482483,-0.0031128861010074615
0.0028353314846754074,0.5011773705482483,-0.0031128861010074615
0.0028353314846754074,0.5011773705482483,-0.0031128861010074615
0.0028353314846754074,0.5011773705482483,-0.0031128861010074615
0.0028353314846754074,0.5011773705482483,-0.0031128861010074615
0.0028353314846754074,0.5011773705482483,-0.0031128861010074615
0.0028353314846754074,0.5011773705482483,-0.0031128861010074615
0.0028353314846754074,0.5011773705482483,-0.0031128861010074615
0.0028353314846754074,0.5011773705482483,-0.0031128861010074615
0.0028353314846754074,0.5011773705482483,-0.0031128861010074615
0.0028353314846754074,0.5011773705482483,-0.0031128861010074615
0.0028353314846754074,0.5011773705482483,-0.0031128861010074615
0.0028353314846754074,0.5011773705482483,-0.0031128861010074615
0.0028353314846754074,0.5011773705482483,-0.0031128861010074615
0.0028353314846754074,0.5011773705482483,-0.0031128861010074615
0.0028353314846754074,0.5011773705482483,-0.0031128861010074615
0.0028353314846754074,0.5011773705482483,-0.0031128861010074615
0.0028353314846754074,0.5011773705482483,-0.0031128861010074615
0.0028353314846754074,0.5011773705482483,-0.0031128861010074615
0.0028353314846754074,0.5011773705482483,-0.0031128861010074615
0.0028353314846754074,0.5011773705482483,-0.0031128861010074615
0.0028353314846754074,0.5011773705482483,-0.0031128861010074615
0.0028353314846754074,0.5011773705482483,-0.0031128861010074615
0.0028353314846754074,0.5011773705482483,-0.0031128861010074615
0.0028353314846754074,0.5011773705482483,-0.0031128861010074615
0.0028353314846754074,0.5011773705482483,-0.0031128861010074615
0.0028353314846754074,0.5011773705482483,-0.0031128861010074615
0.0028353314846754074,0.5011773705482483,-0.0031128861010074615
0.0028353314846754074,0.5011773705482483,-0.0031128861010074615
0.0028353314846754074,0.5011773705482483,-0.0031128861010074615
0.0028353314846754074,0.5011773705482483,-0.0031128861010074615
0.0028353314846754074,0.5011773705482483,-0.0031128861010074615
0.0028353314846754074,0.5011773705482483,-0.0031128861010074615
0.0028353314846754074,0.5011773705482483,-0.0031128861010074615
0.0028353314846754074,0.5011773705482483,-0.0031128861010074615
0.0028353314846754074,0.5011773705482483,-0.0031128861010074615
0.0028353314846754074,0.5011773705482483,-0.0031128861010074615
0.0028353314846754074,0.5011773705482483,-0.0031128861010074615
0.0028353314846754074,0.5011773705482483,-0.0031128861010074615
0.0028353314846754074,0.5011773705482483,-0.0031128861010074615
0.0028353314846754074,0.5011773705482483,-0.0031128861010074615
0.0028353314846754074,0.5011773705482483,-0.0031128861010074615
0.0028353314846754074,0.5011773705482483,-0.0031128861010074615
0.0028353314846754074,0.5011773705482483,-0.0031128861010074615
0.0028353314846754074,0.5011773705482483,-0.0031128861010074615
0.0028353314846754074,0.5011773705482483,-0.0031128861010074615
0.0028353314846754074,0.5011773705482483,-0.0031128861010074615
0.0028353314846754074,0.5011773705482483,-0.0031128861010074615
0.0028353314846754074,0.5011773705482483,-0.0031128861010074615
0.0028353314846754074,0.5011773705482483,-0.0031128861010074615
0.0028353314846754074,0.5011773705482483,-0.0031128861010074615
0.0028353314846754074,0.5011773705482483,-0.0031128861010074615
0.0028353314846754074,0.5011773705482483,-0.0031128861010074615
0.0028353314846754074,0.5011773705482483,-0.0031128861010074615
0.0028353314846754074,0.5011773705482483,-0.0031128861010074615
0.0028353314846754074,0.5011773705482483,-0.0031128861010074615
0.0028353314846754074,0.5011773705482483,-0.0031128861010074615
0.0028353314846754074,0.5011773705482483,-0.0031128861010074615
0.0028353314846754074,0.5011773705482483,-0.0031128861010074615
0.0028353314846754074,0.5011773705482483,-0.0031128861010074615
0.0028353314846754074,0.5011773705482483,-0.0031128861010074615
0.0028353314846754074,0.5011773705482483,-0.0031128861010074615
0.0028353314846754074,0.5011773705482483,-0.0031128861010074615
0.0028353314846754074,0.5011773705482483,-0.0031128861010074615
0.0028353314846754074,0.5011773705482483,-0.0031128861010074615
0.0028353314846754074,0.5011773705482483,-0.0031128861010074615
0.0028353314846754074,0.5011773705482483,-0.0031128861010074615
0.0028353314846754074,0.5011773705482483,-0.0031128861010074615
0.0028353314846754074,0.5011773705482483,-0.0031128861010074615
0.0028353314846754074,0.5011773705482483,-0.0031128861010074615
0.0028353314846754074,0.5011773705482483,-0.0031128861010074615
0.0028353314846754074,0.5011773705482483,-0.0031128861010074615
0.0028353314846754074,0.5011773705482483,-0.0031128861010074615
0.0028353314846754074,0.5011773705482483,-0.0031128861010074615
0.0028353314846754074,0.5011773705482483,-0.0031128861010074615
0.0028353314846754074,0.5011773705482483,-0.0031128861010074615
0.0028353314846754074,0.5011773705482483,-0.0031128861010074615
0.0028353314846754074,0.5011773705482483,-0.0031128861010074615
0.0028353314846754074,0.5011773705482483,-0.0031128861010074615
0.0028353314846754074,0.5011773705482483,-0.0031128861010074615
0.0028353314846754074,0.5011773705482483,-0.0031128861010074615
0.0028353314846754074,0.5011773705482483,-0.0031128861010074615
0.0028353314846754074,0.5011773705482483,-0.0031128861010074615
0.0028353314846754074,0.5011773705482483,-0.0031128861010074615
0.0028353314846754074,0.5011773705482483,-0.0031128861010074615
0.0028353314846754074,0.5011773705482483,-0.0031128861010074615
0.0028353314846754074,0.5011773705482483,-0.0031128861010074615
0.0028353314846754074,0.5011773705482483,-0.0031128861010074615
0.0028353314846754074,0.5011773705482483,-0.0031128861010074615
0.0028353314846754074,0.5011773705482483,-0.0031128861010074615
0.0028353314846754074,0.5011773705482483,-0.0031128861010074615
0.0028353314846754074,0.5011773705482483,-0.0031128861010074615
0.0028353314846754074,0.5011773705482483,-0.0031128861010074615
0.0028353314846754074,0.5011773705482483,-0.0031128861010074615
0.0028353314846754074,0.5011773705482483,-0.0031128861010074615
0.0028353314846754074,0.5011773705482483,-0.0031128861010074615
0.0028353314846754074,0.5011773705482483,-0.0031128861010074615
0.0028353314846754074,0.5011773705482483,-0.0031128861010074615
0.0028353314846754074,0.5011773705482483,-0.0031128861010074615
0.0028353314846754074,0.5011773705482483,-0.0031128861010074615
0.0028353314846754074,0.5011773705482483,-0.0031128861010074615
0.0028353314846754074,0.5011773705482483,-0.0031128861010074615
0.0028353314846754074,0.5011773705482483,-0.0031128861010074615
0.0028353314846754074,0.5011773705482483,-0.0031128861010074615
0.0028353314846754074,0.5011773705482483,-0.0031128861010074615
0.0028353314846754074,0.5011773705482483,-0.0031128861010074615
0.0028353314846754074,0.5011773705482483,-0.0031128861010074615
0.0028353314846754074,0.5011773705482483,-0.0031128861010074615
0.0028353314846754074,0.5011773705482483,-0.0031128861010074615
0.0028353314846754074,0.5011773705482483,-0.0031128861010074615
0.0028353314846754074,0.5011773705482483,-0.0031128861010074615
0.0028353314846754074,0.5011773705482483,-0.0031128861010074615
0.0028353314846754074,0.5011773705482483,-0.0031128861010074615
0.0028353314846754074,0.5011773705482483,-0.0031128861010074615
0.0028353314846754074,0.5011773705482483,-0.0031128861010074615
0.0028353314846754074,0.5011773705482483,-0.0031128861010074615
0.0028353314846754074,0.5011773705482483,-0.0031128861010074615
0.0028353314846754074,0.5011773705482483,-0.0031128861010074615
0.0028353314846754074,0.5011773705482483,-0.0031128861010074615
0.0028353314846754074,0.5011773705482483,-0.0031128861010074615
0.0028353314846754074,0.5011773705482483,-0.0031128861010074615
0.0028353314846754074,0.5011773705482483,-0.0031128861010074615
0.0028353314846754074,0.5011773705482483,-0.0031128861010074615
0.0028353314846754074,0.5011773705482483,-0.0031128861010074615
0.0028353314846754074,0.5011773705482483,-0.0031128861010074615
0.0028353314846754074,0.5011773705482483,-0.0031128861010074615
0.0028353314846754074,0.5011773705482483,-0.0031128861010074615
0.0028353314846754074,0.5011773705482483,-0.0031128861010074615
0.0028353314846754074,0.5011773705482483,-0.0031128861010074615
0.0028353314846754074,0.5011773705482483,-0.0031128861010074615
0.0028353314846754074,0.5011773705482483,-0.0031128861010074615
0.0028353314846754074,0.5011773705482483,-0.0031128861010074615
0.0028353314846754074,0.5011773705482483,-0.0031128861010074615
0.0028353314846754074,0.5011773705482483,-0.0031128861010074615
0.0028353314846754074,0.5011773705482483,-0.0031128861010074615
0.0028353314846754074,0.5011773705482483,-0.0031128861010074615
0.0028353314846754074,0.5011773705482483,-0.0031128861010074615
0.0028353314846754074,0.5011773705482483,-0.0031128861010074615
0.0028353314846754074,0.5011773705482483,-0.0031128861010074615
0.0028353314846754074,0.5011773705482483,-0.0031128861010074615
0.0028353314846754074,0.5011773705482483,-0.0031128861010074615
0.0028353314846754074,0.5011773705482483,-0.0031128861010074615
0.0028353314846754074,0.5011773705482483,-0.0031128861010074615
0.0028353314846754074,0.5011773705482483,-0.0031128861010074615
0.0028353314846754074,0.5011773705482483,-0.0031128861010074615
0.0028353314846754074,0.5011773705482483,-0.0031128861010074615
0.0028353314846754074,0.5011773705482483,-0.0031128861010074615
0.0028353314846754074,0.5011773705482483,-0.0031128861010074615
0.0028353314846754074,0.5011773705482483,-0.0031128861010074615
0.0028353314846754074,0.5011773705482483,-0.0031128861010074615
0.0028353314846754074,0.5011773705482483,-0.0031128861010074615
0.0028353314846754074,0.5011773705482483,-0.0031128861010074615
0.0028353314846754074,0.5011773705482483,-0.0031128861010074615
0.0028353314846754074,0.5011773705482483,-0.0031128861010074615
0.0028353314846754074,0.5011773705482483,-0.0031128861010074615
0.0028353314846754074,0.5011773705482483,-0.0031128861010074615
0.0028353314846754074,0.5011773705482483,-0.0031128861010074615
0.0028353314846754074,0.5011773705482483,-0.0031128861010074615
0.0028353314846754074,0.5011773705482483,-0.0031128861010074615
0.0028353314846754074,0.5011773705482483,-0.0031128861010074615
0.0028353314846754074,0.5011773705482483,-0.0031128861010074615
0.0028353314846754074,0.5011773705482483,-0.0031128861010074615
0.0028353314846754074,0.5011773705482483,-0.0031128861010074615
0.0028353314846754074,0.5011773705482483,-0.0031128861010074615
0.0028353314846754074,0.5011773705482483,-0.0031128861010074615
0.0028353314846754074,0.5011773705482483,-0.0031128861010074615
0.0028353314846754074,0.5011773705482483,-0.0031128861010074615
0.0028353314846754074,0.5011773705482483,-0.0031128861010074615
0.0028353314846754074,0.5011773705482483,-0.0031128861010074615
0.0028353314846754074,0.5011773705482483,-0.0031128861010074615
0.0028353314846754074,0.5011773705482483,-0.0031128861010074615
0.0028353314846754074,0.5011773705482483,-0.0031128861010074615
0.0028353314846754074,0.5011773705482483,-0.0031128861010074615
0.0028353314846754074,0.5011773705482483,-0.0031128861010074615
0.0028353314846754074,0.5011773705482483,-0.0031128861010074615
0.0028353314846754074,0.5011773705482483,-0.0031128861010074615
0.0028353314846754074,0.5011773705482483,-0.0031128861010074615
0.0028353314846754074,0.5011773705482483,-0.0031128861010074615
0.0028353314846754074,0.5011773705482483,-0.0031128861010074615
0.0028353314846754074,0.5011773705482483,-0.0031128861010074615
0.0028353314846754074,0.5011773705482483,-0.0031128861010074615
0.0028353314846754074,0.5011773705482483,-0.0031128861010074615
0.0028353314846754074,0.5011773705482483,-0.0031128861010074615
0.0028353314846754074,0.5011773705482483,-0.0031128861010074615
0.0028353314846754074,0.5011773705482483,-0.0031128861010074615
0.0028353314846754074,0.5011773705482483,-0.0031128861010074615
0.0028353314846754074,0.5011773705482483,-0.0031128861010074615
0.0028353314846754074,0.5011773705482483,-0.0031128861010074615
0.0028353314846754074,0.5011773705482483,-0.0031128861010074615
0.0028353314846754074,0.5011773705482483,-0.0031128861010074615
0.0028353314846754074,0.5011773705482483,-0.0031128861010074615
