Accelerator,Steering Wheel,Brake
8.987419278128073e-05,0.46239951252937317,0.9999594688415527
8.63472669152543e-05,0.46317997574806213,0.99996018409729
8.477441588183865e-05,0.46299058198928833,0.99996018409729
8.600688306614757e-05,0.4631558954715729,0.99996018409729
8.366724068764597e-05,0.46314334869384766,0.9999606609344482
8.135507960105315e-05,0.46324700117111206,0.999961256980896
7.913291483419016e-05,0.46326136589050293,0.9999619722366333
7.993311737664044e-05,0.4631956219673157,0.9999617338180542
7.937294139992446e-05,0.463150292634964,0.9999617338180542
7.996307977009565e-05,0.46303004026412964,0.9999614953994751
8.36632534628734e-05,0.46313750743865967,0.9999604225158691
8.400693332077935e-05,0.4630623459815979,0.9999600648880005
8.433079347014427e-05,0.4632207453250885,0.9999604225158691
8.545783202862367e-05,0.46312329173088074,0.9999599456787109
8.567584882257506e-05,0.4630218744277954,0.9999597072601318
8.599154534749687e-05,0.46277597546577454,0.9999592304229736
8.680264727445319e-05,0.462667316198349,0.999958872795105
8.782190707279369e-05,0.4630032777786255,0.9999587535858154
8.61703374539502e-05,0.46348831057548523,0.9999586343765259
8.680612518219277e-05,0.4636056125164032,0.999958872795105
8.153774979291484e-05,0.46350908279418945,0.9999604225158691
8.423322287853807e-05,0.46340811252593994,0.99996018409729
8.76961275935173e-05,0.4635355770587921,0.9999591112136841
8.530623017577454e-05,0.4627036452293396,0.99996018409729
8.640162559458986e-05,0.4650847613811493,0.9999593496322632
8.758138574194163e-05,0.4650742709636688,0.9999589920043945
8.517673268215731e-05,0.4652559757232666,0.9999595880508423
8.258712477982044e-05,0.4655638635158539,0.9999604225158691
8.524011354893446e-05,0.46856945753097534,0.9999589920043945
8.321576024172828e-05,0.46947187185287476,0.9999586343765259
8.536563109373674e-05,0.46969395875930786,0.9999582767486572
8.170805813279003e-05,0.4699417054653168,0.999958872795105
7.87011013017036e-05,0.468940794467926,0.99996018409729
7.86738601163961e-05,0.4647367000579834,0.9999613761901855
0.00013587804278358817,0.4682855010032654,0.00046528535312972963
0.00013696710811927915,0.47390052676200867,0.0003981020417995751
0.00014887581346556544,0.47371676564216614,0.0003298189549241215
0.0057273972779512405,0.48701193928718567,7.473254663636908e-05
0.05659320577979088,0.4984118342399597,3.951750841224566e-05
0.09415380656719208,0.5012472867965698,3.9408336306223646e-05
0.10358738899230957,0.501239538192749,3.618707705754787e-05
0.10416983813047409,0.5012694001197815,3.2426007237518206e-05
0.10482510179281235,0.5015106201171875,2.8988188205403276e-05
0.0002779050846584141,0.4976896643638611,0.00012185520608909428
0.00027527360362000763,0.49167922139167786,0.00012042298476444557
0.000283776200376451,0.4927637577056885,0.00011814464232884347
0.0002897917584050447,0.49269041419029236,0.00011546889436431229
0.0002962645667139441,0.4923209846019745,0.00011111214553238824
0.00028511369600892067,0.4921623468399048,0.00010738734999904409
0.0002584047324489802,0.4914093315601349,0.00010747636406449601
0.00010509973071748391,0.4810086488723755,0.9999485015869141
9.935565321939066e-05,0.4814743995666504,0.999953031539917
9.485291957389563e-05,0.4823354184627533,0.9999532699584961
8.240721217589453e-05,0.4830630421638489,0.9999549388885498
7.943897071527317e-05,0.4829295575618744,0.9999537467956543
7.505557005060837e-05,0.4851466119289398,0.9999517202377319
0.00011591216025408357,0.5001652240753174,0.0003633511660154909
0.00010823125194292516,0.5004002451896667,0.0003768435271922499
0.00010000667680287734,0.5027404427528381,0.0003929989761672914
0.0001082269154721871,0.5028333067893982,0.0003269649751018733
0.0001052795778377913,0.5091152787208557,0.0002921185514423996
0.00011113451910205185,0.5111448764801025,0.0002431176253594458
0.00010892037971643731,0.5063232183456421,0.00020747972303070128
0.00011336845636833459,0.509323000907898,0.00017558259423822165
0.00011752999853342772,0.5173325538635254,0.00015262769011314958
0.00010874177678488195,0.5165579915046692,0.00015882146544754505
0.00010586599091766402,0.5233367681503296,0.00016573620087001473
9.806311572901905e-05,0.530297040939331,0.0001735795522108674
9.912484529195353e-05,0.5412793159484863,0.0001766691420925781
9.150411642622203e-05,0.5414401292800903,0.00017835154721979052
8.729538967600092e-05,0.5352509617805481,0.0001715247635729611
7.648012979188934e-05,0.5346593260765076,0.00017686246428638697
6.802749703638256e-05,0.5260826945304871,0.00017830445722211152
6.15231620031409e-05,0.5162413716316223,0.00018211013230029494
5.64378933631815e-05,0.5026912689208984,0.00018027244368568063
5.995421452098526e-05,0.5051544308662415,0.00017772785213310272
5.905600846745074e-05,0.5072925090789795,0.00017722592747304589
6.6076208895538e-05,0.508135199546814,0.0001701345172477886
7.218829705379903e-05,0.5062028169631958,0.00016715041419956833
8.066861482802778e-05,0.5060569643974304,0.0001655719242990017
8.91421950655058e-05,0.508144199848175,0.00016237556701526046
9.974247950594872e-05,0.5075836777687073,0.00015748116129543632
0.00011364489182597026,0.5057404637336731,0.00014982183347456157
0.00011987980542471632,0.5045955777168274,0.00014359822671394795
0.0001160780739155598,0.5024306178092957,0.0001415775768691674
0.00010932338773272932,0.502879798412323,0.0001409780961694196
0.00011039168748538941,0.5027073621749878,0.000138234841870144
0.00010685392771847546,0.5026195049285889,0.00013631564797833562
0.00010118038335349411,0.5027309060096741,0.00013568616122938693
0.00010018325701821595,0.5028670430183411,0.00013427679368760437
9.93951762211509e-05,0.5029829144477844,0.00013445885269902647
9.608628897694871e-05,0.5043606758117676,0.00013575152843259275
8.655228884890676e-05,0.5077155828475952,0.00014124168956186622
9.239919018000364e-05,0.5169346332550049,0.00013960238720756024
9.967212099581957e-05,0.5174552798271179,0.0001365495554637164
0.0001147941657109186,0.529604971408844,0.00013438015594147146
0.0001451484567951411,0.5529384613037109,0.00013195211067795753
0.00016647997836116701,0.5633196234703064,0.00012769414752256125
0.00017851931625045836,0.563922643661499,0.00012401657295413315
0.0002021539257839322,0.5728258490562439,0.00011809958232333884
8.966206223703921e-05,0.5565970540046692,0.9998326301574707
9.018634591484442e-05,0.5622446537017822,0.9998290538787842
9.357691305922344e-05,0.5626559257507324,0.999829888343811
9.185766975861043e-05,0.5632137060165405,0.9998327493667603
9.020105062518269e-05,0.5629540681838989,0.999835729598999
9.302094986196607e-05,0.5588319897651672,0.9998360872268677
9.168815449811518e-05,0.5505427718162537,0.9998486042022705
9.042746387422085e-05,0.5420730710029602,0.9998569488525391
8.714226714801043e-05,0.5389589071273804,0.9998586177825928
8.05892632342875e-05,0.5328993797302246,0.9998682737350464
0.0001452142169000581,0.5456228852272034,0.00041542088729329407
0.00014777039177715778,0.5347083210945129,0.00036325177643448114
0.0001538572832942009,0.5333076119422913,0.0003146079834550619
0.00015812863421160728,0.5327184796333313,0.0002707751118578017
0.00016228377353399992,0.5335670709609985,0.00023336180311162025
0.00015870807692408562,0.5395475029945374,0.00019997285562567413
7.689066842431203e-05,0.5323872566223145,0.9998503923416138
7.215525693027303e-05,0.5355015397071838,0.9998594522476196
7.009780529187992e-05,0.5448101162910461,0.9998552799224854
6.774776556994766e-05,0.55145263671875,0.9998568296432495
6.35706091998145e-05,0.5537729263305664,0.9998667240142822
5.997376501909457e-05,0.5564327836036682,0.9998728036880493
5.682261326001026e-05,0.5574484467506409,0.9998781681060791
5.278137177811004e-05,0.5559626221656799,0.9998871088027954
4.83077164972201e-05,0.550684928894043,0.9998981952667236
4.2663457861635834e-05,0.5317403674125671,0.9999247789382935
3.809115514741279e-05,0.5319108963012695,0.9999271631240845
3.3505762985441834e-05,0.5215734243392944,0.9999382495880127
3.0318049539346248e-05,0.5142720341682434,0.9999465942382812
2.672161099326331e-05,0.5038504004478455,0.9999575614929199
2.483891512383707e-05,0.4984695315361023,0.9999624490737915
2.3461067030439153e-05,0.499117374420166,0.999964714050293
2.2488089598482475e-05,0.4951423108577728,0.9999682903289795
2.444108213239815e-05,0.49083128571510315,0.9999687671661377
2.784544267342426e-05,0.4860008656978607,0.9999688863754272
3.279130032751709e-05,0.48535454273223877,0.999966025352478
4.066916517331265e-05,0.48218655586242676,0.9999637603759766
4.9973397835856304e-05,0.4776546359062195,0.9999617338180542
5.799805512651801e-05,0.4565849006175995,0.9999649524688721
6.736901559634134e-05,0.4403224587440491,0.9999651908874512
7.827462832210585e-05,0.44031932950019836,0.999962329864502
8.144993626046926e-05,0.4199146032333374,0.9999653100967407
8.643368346383795e-05,0.3976022005081177,0.9999687671661377
8.131040522130206e-05,0.356786847114563,0.9999756813049316
8.080858242465183e-05,0.3563627004623413,0.9999752044677734
7.529630238423124e-05,0.34205904603004456,0.9999783039093018
7.116577035048977e-05,0.3289142847061157,0.9999812841415405
6.591792771359906e-05,0.31722357869148254,0.9999829530715942
6.24324384261854e-05,0.30154314637184143,0.9999840259552002
6.0906771977897733e-05,0.30109095573425293,0.9999834299087524
5.817619967274368e-05,0.29783767461776733,0.999983549118042
5.9178964875172824e-05,0.29888716340065,0.9999831914901733
5.7630160881672055e-05,0.30014148354530334,0.9999833106994629
5.4850446758791804e-05,0.29942238330841064,0.999984622001648
5.310905180522241e-05,0.29903656244277954,0.9999849796295166
5.157955820322968e-05,0.2991194427013397,0.9999847412109375
5.119317211210728e-05,0.2998403310775757,0.9999836683273315
5.1478629757184535e-05,0.3016994595527649,0.9999834299087524
4.8276950110448524e-05,0.3014798164367676,0.999983549118042
4.6576224121963605e-05,0.30232056975364685,0.9999840259552002
4.445962986210361e-05,0.30386197566986084,0.9999842643737793
4.1750776290427893e-05,0.30895987153053284,0.999984622001648
3.997842941316776e-05,0.31177085638046265,0.9999845027923584
3.875176116707735e-05,0.3121395707130432,0.9999845027923584
3.8504509575432166e-05,0.3135927617549896,0.9999843835830688
3.959861714974977e-05,0.3154005706310272,0.9999847412109375
3.9373851905111223e-05,0.31702810525894165,0.9999852180480957
3.837093390757218e-05,0.31691974401474,0.9999855756759644
3.817559263552539e-05,0.3169809877872467,0.999985933303833
3.805637243203819e-05,0.31699979305267334,0.9999861717224121
3.87346553907264e-05,0.31678691506385803,0.9999861717224121
4.029608317068778e-05,0.31616896390914917,0.9999856948852539
4.138734584557824e-05,0.31607407331466675,0.9999855756759644
4.317131606512703e-05,0.31653258204460144,0.9999850988388062
4.377133882371709e-05,0.31733617186546326,0.9999852180480957
4.489051934797317e-05,0.3204183578491211,0.999984622001648
4.596693906933069e-05,0.32052433490753174,0.9999845027923584
4.794880806002766e-05,0.3243732154369354,0.9999841451644897
5.113262159284204e-05,0.32881900668144226,0.999983549118042
5.629872248391621e-05,0.3409952223300934,0.9999815225601196
5.970021811663173e-05,0.3470456004142761,0.9999806880950928
6.035254045855254e-05,0.3473305404186249,0.9999809265136719
6.366555317072198e-05,0.35479989647865295,0.9999802112579346
6.696868513245136e-05,0.3642444610595703,0.9999790191650391
7.098074274836108e-05,0.3883814811706543,0.9999752044677734
6.841040885774419e-05,0.38854748010635376,0.999976396560669
6.987103552091867e-05,0.4044795334339142,0.999974250793457
7.196381920948625e-05,0.4234611690044403,0.9999710321426392
7.829030801076442e-05,0.4635468125343323,0.9999598264694214
7.858470780774951e-05,0.47892123460769653,0.9999548196792603
7.821098552085459e-05,0.4794216752052307,0.9999552965164185
7.855533476686105e-05,0.4916553497314453,0.9999485015869141
8.01614296506159e-05,0.504663348197937,0.999937891960144
0.00018540526798460633,0.5595337152481079,0.0002693114511203021
0.0001881869393400848,0.5605001449584961,0.0002276781015098095
0.00022166162671055645,0.5851821899414062,0.0001889107224997133
0.00026037602219730616,0.6082770228385925,0.00015387136954814196
0.07243408262729645,0.6411371827125549,2.8235881472937763e-05
0.07801374793052673,0.6570558547973633,2.5882360205287114e-05
0.07967051863670349,0.6595429182052612,2.27905620704405e-05
0.08145883679389954,0.6779980063438416,2.0743744244100526e-05
0.08316642045974731,0.6975778341293335,1.9251716366852634e-05
0.08293759077787399,0.7336158156394958,2.3173086447059177e-05
0.08680926263332367,0.7498714923858643,2.6734687708085403e-05
0.091610848903656,0.7487700581550598,2.800517358991783e-05
0.09506513923406601,0.7565799951553345,3.154487058054656e-05
0.0929715558886528,0.764236330986023,3.369301339262165e-05
0.096189484000206,0.77106773853302,3.7029021768830717e-05
0.095560222864151,0.7705620527267456,3.8195477827684954e-05
0.09447329491376877,0.7710975408554077,3.98372758354526e-05
0.09343759715557098,0.7717622518539429,4.038086626678705e-05
0.09284529089927673,0.7707403302192688,4.098507633898407e-05
0.08736199885606766,0.7725687623023987,4.0452712710248306e-05
0.05630519986152649,0.7816112041473389,3.646264303824864e-05
0.001134371617808938,0.791548490524292,0.00010991375893354416
0.0010492232395336032,0.7936224341392517,0.000109060165414121
0.0009898286079987884,0.7946988344192505,0.00010914693120867014
0.000987669569440186,0.7989612817764282,0.00010386550275143236
0.0009579499601386487,0.8041377067565918,9.994508582167327e-05
0.0010286933975294232,0.8106719255447388,9.429243800695986e-05
0.0011267268564552069,0.8115954995155334,9.134544961852953e-05
0.0011764231603592634,0.8167106509208679,8.775109017733485e-05
0.0014443843392655253,0.817250669002533,8.112762589007616e-05
0.001886632526293397,0.8161236047744751,7.724084571236745e-05
0.002054042648524046,0.8152682185173035,7.642712444067001e-05
0.0019324797904118896,0.8100053071975708,7.644622382940724e-05
0.00210763281211257,0.8109480738639832,7.574756455142051e-05
0.0019818085711449385,0.804162323474884,7.599312084494159e-05
0.0018523450708016753,0.7957730293273926,7.581679528811947e-05
0.00010447252861922607,0.7120876312255859,0.9990527033805847
8.979289123089984e-05,0.7078049182891846,0.9991235136985779
7.590056338813156e-05,0.7024140357971191,0.9991739392280579
5.770560892415233e-05,0.698558509349823,0.999300479888916
4.435139271663502e-05,0.6916288733482361,0.9993914365768433
3.8945592677919194e-05,0.6850466132164001,0.9994441866874695
3.638556518126279e-05,0.6813676953315735,0.9994544386863708
3.473725519143045e-05,0.6762922406196594,0.999461829662323
3.3232601708732545e-05,0.6731595396995544,0.9994756579399109
3.4529250115156174e-05,0.669640302658081,0.9994896650314331
3.742974513443187e-05,0.6662237048149109,0.9995114803314209
4.266842006472871e-05,0.6663293838500977,0.9994760155677795
4.6475062845274806e-05,0.6608937382698059,0.9995183944702148
5.327629332896322e-05,0.6545403003692627,0.999526858329773
5.579993376159109e-05,0.6422657370567322,0.9996466636657715
5.4599327995674685e-05,0.6438195109367371,0.9996590614318848
5.3325446060625836e-05,0.6363796591758728,0.9997280240058899
4.5837805373594165e-05,0.6289240717887878,0.9998036026954651
4.2531835788395256e-05,0.6133747100830078,0.999862551689148
3.568642205209471e-05,0.6039309501647949,0.9998899698257446
3.0671846616314724e-05,0.6045529842376709,0.9998997449874878
2.517790562706068e-05,0.5929540991783142,0.9999208450317383
2.2608981453231536e-05,0.5795556306838989,0.9999351501464844
2.419895099592395e-05,0.5738998651504517,0.0005507153109647334
2.3876216800999828e-05,0.5733634829521179,0.00047219006228260696
2.2465281290351413e-05,0.5574861168861389,0.00040440322482027113
2.1015437596361153e-05,0.5419030785560608,0.00033994417754001915
2.2896654627402313e-05,0.5259507298469543,0.00027070334181189537
2.2521999198943377e-05,0.49536067247390747,0.0002172252134187147
2.3754617359372787e-05,0.49435633420944214,0.0001785346248652786
2.66971346718492e-05,0.4740435481071472,0.0001416201121173799
3.13637538056355e-05,0.4546164274215698,0.00011149625788675621
0.011296922340989113,0.41485410928726196,1.3167468750907574e-05
0.019209960475564003,0.41367942094802856,1.2874732419732027e-05
0.0242167916148901,0.3906281590461731,1.3541425687435549e-05
0.02702981047332287,0.36669549345970154,1.4395622201845981e-05
0.030005985870957375,0.34397050738334656,1.5242397239489947e-05
0.07138755172491074,0.3063852787017822,1.747597343637608e-05
0.08034700900316238,0.30677491426467896,1.889321174530778e-05
0.0799594596028328,0.293647438287735,2.0839195713051595e-05
0.0800742581486702,0.28314465284347534,2.343794403714128e-05
0.08900006115436554,0.26648369431495667,2.7217833121540025e-05
0.09887182712554932,0.2684840261936188,3.0279185011750087e-05
0.0978345274925232,0.26349732279777527,3.120682231383398e-05
0.0972805917263031,0.2626730501651764,3.115805156994611e-05
0.09624650329351425,0.26298078894615173,3.120521432720125e-05
0.1019773930311203,0.26410046219825745,3.341507908771746e-05
0.10890631377696991,0.26607567071914673,3.569949330994859e-05
0.10909178107976913,0.2663043439388275,3.75767340301536e-05
0.11224538832902908,0.2669838070869446,3.975848449044861e-05
0.11656475812196732,0.27039504051208496,4.0557315514888614e-05
0.12066864222288132,0.2722114026546478,4.290933065931313e-05
0.12034963071346283,0.2734680771827698,4.3138847104273736e-05
0.13115458190441132,0.27650782465934753,4.652166535379365e-05
0.13681571185588837,0.2793702781200409,5.1214115956099704e-05
0.1369142085313797,0.2848009169101715,5.421445530373603e-05
0.13593466579914093,0.2867010533809662,5.7463003031443805e-05
0.13450151681900024,0.29304713010787964,6.050519004929811e-05
0.1379329413175583,0.30470314621925354,6.265239790081978e-05
0.13918645679950714,0.3194965720176697,6.198543997015804e-05
0.1398840993642807,0.3254731297492981,6.296841456787661e-05
0.13905730843544006,0.32631129026412964,6.497702997876331e-05
0.13972225785255432,0.33221712708473206,6.340538675431162e-05
0.1402832418680191,0.33974891901016235,6.349675095407292e-05
0.14068062603473663,0.37121662497520447,5.8273260947316885e-05
0.14075563848018646,0.3717590272426605,5.820644219056703e-05
0.14099889993667603,0.3941883444786072,5.4281597840599716e-05
0.1414017677307129,0.4129946231842041,5.058360693510622e-05
0.14129459857940674,0.4455259144306183,4.6734527131775394e-05
0.14027494192123413,0.4597070813179016,4.553006147034466e-05
0.1394137740135193,0.46156689524650574,4.552111931843683e-05
0.13926368951797485,0.47304365038871765,4.476022513699718e-05
0.14097262918949127,0.4824124276638031,4.621408515959047e-05
0.14501115679740906,0.4924512207508087,4.616497608367354e-05
0.1450357884168625,0.4932481348514557,4.5935648813610896e-05
0.14497773349285126,0.49842119216918945,4.442822319106199e-05
0.14502857625484467,0.5026767253875732,4.34086105087772e-05
0.14511048793792725,0.5041504502296448,4.291755612939596e-05
0.14498621225357056,0.5077950954437256,4.168887244304642e-05
0.1450909674167633,0.5077822804450989,4.0492468542652205e-05
0.14487601816654205,0.5105046629905701,3.874880349030718e-05
0.1442195475101471,0.5118762850761414,3.781687337323092e-05
0.1440332680940628,0.5127085447311401,3.712841498781927e-05
0.1437917798757553,0.5133486390113831,3.804058724199422e-05
0.14387482404708862,0.5133523344993591,3.7735171645181254e-05
0.14402900636196136,0.5135144591331482,3.965616997447796e-05
0.14390236139297485,0.513125479221344,4.0654122130945325e-05
0.14444880187511444,0.512576699256897,4.2343450331827626e-05
0.14511986076831818,0.5124337673187256,4.467869075597264e-05
0.14545372128486633,0.5128278136253357,4.5977682020748034e-05
0.14654996991157532,0.5128453373908997,4.7625981096643955e-05
0.0006492967368103564,0.512462317943573,7.9015051596798e-05
0.0007221540436148643,0.5120211839675903,7.265681779244915e-05
0.0007927132537588477,0.5092882513999939,6.665731780230999e-05
0.0009680570801720023,0.5075439214706421,5.9801299357786775e-05
0.0010237878886982799,0.5060370564460754,5.521402636077255e-05
0.0011515344958752394,0.5048339366912842,5.109533231006935e-05
0.000243849353864789,0.49471190571784973,0.9999023675918579
0.0002447783190291375,0.49511969089508057,0.9999110698699951
0.00026080934912897646,0.49418944120407104,0.9999128580093384
0.00028114786255173385,0.49516475200653076,0.999900221824646
0.00029817671747878194,0.49559056758880615,0.9998892545700073
0.00028853793628513813,0.49383312463760376,0.9998836517333984
0.0002828292199410498,0.49328184127807617,0.9998806715011597
0.0002733990550041199,0.4913860857486725,0.9998688697814941
0.00026153246290050447,0.492624431848526,0.9998593330383301
0.00025865985662676394,0.4911305606365204,0.9998478889465332
0.0002439037780277431,0.49124592542648315,0.9998481273651123
0.0002307587128598243,0.4902417063713074,0.9998440742492676
0.00021100635058246553,0.49032965302467346,0.9998530149459839
0.00020126767049077898,0.4895196855068207,0.999855637550354
0.0001966294803423807,0.4894118905067444,0.9998660087585449
0.0002017597435042262,0.4906447231769562,0.999872088432312
0.00018766854191198945,0.49122729897499084,0.9998830556869507
0.0001731141092022881,0.49269387125968933,0.9998962879180908
0.00016519376367796212,0.49369576573371887,0.9999039173126221
0.00015583919594064355,0.496592253446579,0.9999115467071533
0.0001497421326348558,0.4998275637626648,0.9999139308929443
0.0001455446908948943,0.5050778388977051,0.9999141693115234
0.0004053932789247483,0.5202419757843018,0.0002167043276131153
0.0003767333982978016,0.5213795304298401,0.00019239565881434828
0.0003418825217522681,0.5281448364257812,0.00017207452037837356
0.0002948171168100089,0.5384854078292847,0.00015555712161585689
0.00029019126668572426,0.558475136756897,0.00013169882004149258
0.04432791471481323,0.5585950016975403,2.3807187972124666e-05
0.04567960277199745,0.573543906211853,2.0593412045855075e-05
0.0783519372344017,0.5859851837158203,2.0393832528498024e-05
0.08349401503801346,0.6006189584732056,1.8630875274538994e-05
0.09675350040197372,0.627822995185852,2.148705789295491e-05
0.09575942158699036,0.626611053943634,2.271191078762058e-05
0.0989946573972702,0.6337317228317261,2.4441011191811413e-05
0.11391039937734604,0.6351103186607361,2.77767230727477e-05
0.1141793355345726,0.6344690918922424,3.047603058803361e-05
0.11500314623117447,0.6310343146324158,3.312780609121546e-05
0.11428030580282211,0.632013738155365,3.529840614646673e-05
0.1263641119003296,0.6325469017028809,3.9135764382081106e-05
0.13065825402736664,0.6350477933883667,4.181791882729158e-05
0.1302342414855957,0.6411752104759216,4.21885124524124e-05
0.12958499789237976,0.63934725522995,4.242606883053668e-05
0.12884752452373505,0.6399566531181335,4.2842235416173935e-05
0.1281099170446396,0.6424647569656372,4.401872865855694e-05
0.1280401647090912,0.6482181549072266,4.6225595724536106e-05
0.1280653178691864,0.6523046493530273,4.849955075769685e-05
0.12711790204048157,0.6535645723342896,5.0679405831033364e-05
0.12692667543888092,0.6547918319702148,5.052103733760305e-05
0.12781380116939545,0.6553401350975037,5.037156734033488e-05
0.14868216216564178,0.6534674167633057,5.660595343215391e-05
0.14885157346725464,0.6550838351249695,5.8362238632980734e-05
0.14917129278182983,0.6544107794761658,5.8747078583110124e-05
0.15057605504989624,0.6536970734596252,5.918257375014946e-05
0.1658277064561844,0.6484478712081909,6.46205444354564e-05
0.17108047008514404,0.6475149393081665,6.738270167261362e-05
0.17188741266727448,0.6476457118988037,6.671779556199908e-05
0.1836208552122116,0.6438204646110535,6.861150177428499e-05
0.18624530732631683,0.6409866213798523,7.052915316307917e-05
0.1868840605020523,0.6315383911132812,7.094914326444268e-05
0.1887761950492859,0.6298618912696838,7.162423571571708e-05
0.18834500014781952,0.6246143579483032,7.052888395264745e-05
0.19061695039272308,0.6172206997871399,6.911063246661797e-05
0.19170911610126495,0.6031185388565063,6.784247671021149e-05
0.19157516956329346,0.6018068790435791,6.650848808931187e-05
0.19330471754074097,0.5934420824050903,6.389473128365353e-05
0.19504952430725098,0.5832582712173462,6.119665340520442e-05
0.19827526807785034,0.5708863139152527,5.945092561887577e-05
0.2024020552635193,0.5531059503555298,5.8500987506704405e-05
0.20384551584720612,0.5529967546463013,5.6138800573535264e-05
0.20652693510055542,0.5480746626853943,5.5666158004896715e-05
0.20840367674827576,0.5443228483200073,5.525121378013864e-05
0.21064811944961548,0.5338515043258667,5.602862438536249e-05
0.2126292884349823,0.5269637107849121,5.605849946732633e-05
0.21385134756565094,0.5268257856369019,5.536994285648689e-05
0.21556924283504486,0.5199355483055115,5.5140517360996455e-05
0.21661512553691864,0.5138413310050964,5.610749212792143e-05
0.21763764321804047,0.5059136152267456,5.705838339054026e-05
0.21703757345676422,0.5045984983444214,5.700649489881471e-05
0.2162015736103058,0.5049951672554016,5.862837497261353e-05
0.2158447653055191,0.5051409602165222,6.036485865479335e-05
0.21559002995491028,0.5044451355934143,6.20594946667552e-05
0.2149392068386078,0.5036552548408508,6.424977618735284e-05
0.21468733251094818,0.5043810606002808,6.765247962903231e-05
0.2141357809305191,0.5043513774871826,7.039000047370791e-05
0.21380546689033508,0.5052971243858337,7.40702380426228e-05
0.21433033049106598,0.5056049227714539,7.654090586584061e-05
0.21451878547668457,0.5056482553482056,8.01247515482828e-05
0.21482893824577332,0.505577027797699,8.426456042798236e-05
0.21554894745349884,0.5046675205230713,8.65226611495018e-05
0.21585728228092194,0.5041122436523438,8.73128738021478e-05
0.21595489978790283,0.503616213798523,8.785248064668849e-05
0.2165609449148178,0.502774715423584,8.82098320289515e-05
0.21704912185668945,0.5013771653175354,8.73875105753541e-05
0.21759828925132751,0.5009871125221252,8.681539475219324e-05
0.21822424232959747,0.4998885691165924,8.650393283460289e-05
0.21722619235515594,0.5000412464141846,8.690095273777843e-05
0.21702589094638824,0.5002238750457764,8.70290823513642e-05
0.2176436483860016,0.5006292462348938,8.829710714053363e-05
0.21811117231845856,0.5004399418830872,8.925975271267816e-05
0.21842625737190247,0.5010210871696472,9.203662193613127e-05
0.21846020221710205,0.5013778805732727,9.276680793846026e-05
0.21835152804851532,0.5025063157081604,9.104090713663027e-05
0.21811732649803162,0.5031884908676147,8.859441004460678e-05
0.21713286638259888,0.5036415457725525,8.753779547987506e-05
0.21674662828445435,0.5044875144958496,8.728231478016824e-05
0.2136821299791336,0.5043192505836487,8.414780313614756e-05
0.21383363008499146,0.5041781663894653,8.264629286713898e-05
0.2133956402540207,0.5041675567626953,8.079079270828515e-05
0.2103598415851593,0.503733217716217,7.816893048584461e-05
0.21021081507205963,0.5040385127067566,7.578109216410667e-05
0.1910911351442337,0.504462718963623,6.669146387139335e-05
0.1621273308992386,0.5043439865112305,5.5506920034531504e-05
0.10595949739217758,0.505111575126648,4.086031549377367e-05
0.02212873101234436,0.504761815071106,3.469074727036059e-05
0.023812074214220047,0.5038198828697205,3.2258962164632976e-05
0.0007156817591749132,0.5025607347488403,8.710256224730983e-05
0.0007564873085357249,0.5029464364051819,7.935931353131309e-05
0.0007671162020415068,0.503027081489563,7.263741281349212e-05
0.0007191527984105051,0.5034040212631226,6.799500260967761e-05
0.0006737877847626805,0.5030677318572998,6.329194002319127e-05
0.000641668273601681,0.5027824640274048,5.981019057799131e-05
0.0006411355570890009,0.5028066039085388,5.662986950483173e-05
0.0006520849419757724,0.5031144022941589,5.509999391506426e-05
0.0006611304706893861,0.5032476782798767,5.407699791248888e-05
0.000681444420479238,0.5038629174232483,5.3125364502193406e-05
0.0006487496430054307,0.5034213066101074,5.409892401075922e-05
0.0006479843868874013,0.5028247237205505,5.437008439912461e-05
0.0006663129315711558,0.5021213293075562,5.42257257620804e-05
0.0007012478890828788,0.5012354850769043,5.447835064842366e-05
0.0007446028175763786,0.5009072422981262,5.5326450819848105e-05
0.0007529716822318733,0.49998199939727783,5.628395956591703e-05
0.000746009056456387,0.5000860691070557,5.71237105759792e-05
0.0008242798503488302,0.5005059838294983,5.670818063663319e-05
0.0008635403937660158,0.5010722279548645,5.636441710521467e-05
0.0008531355415470898,0.5017408132553101,5.594213507720269e-05
0.0008779449854046106,0.5030080080032349,5.4372991144191474e-05
0.00020552515343297273,0.49286943674087524,0.9999216794967651
0.00020145160669926554,0.4948042333126068,0.9999271631240845
0.00019657904340419918,0.49672240018844604,0.9999327659606934
0.00019005690410267562,0.49806126952171326,0.999937891960144
0.00018373446073383093,0.4977690875530243,0.9999445676803589
0.0001765474007697776,0.49810612201690674,0.9999464750289917
0.000158708993694745,0.4983501732349396,0.9999508857727051
0.00013833386765327305,0.4982767105102539,0.9999557733535767
0.0001250941859325394,0.49804288148880005,0.9999581575393677
0.00011631540837697685,0.49726441502571106,0.9999598264694214
0.0001153652265202254,0.4972693622112274,0.9999599456787109
0.00011012452887371182,0.4967483878135681,0.9999607801437378
0.00010524615208851174,0.4964352548122406,0.9999613761901855
9.734395280247554e-05,0.4963184595108032,0.9999626874923706
9.079451410798356e-05,0.4966042935848236,0.9999641180038452
8.538737165508792e-05,0.49745678901672363,0.9999656677246094
7.926137914182618e-05,0.4983304738998413,0.9999661445617676
8.179482392733917e-05,0.4993802309036255,0.9999645948410034
8.610856457380578e-05,0.49873262643814087,0.9999618530273438
8.752377470955253e-05,0.5001907348632812,0.9999594688415527
8.200873708119616e-05,0.5007073283195496,0.9999587535858154
8.472430636174977e-05,0.5013170838356018,0.9999557733535767
8.917161176213995e-05,0.5017014741897583,0.9999517202377319
9.124985081143677e-05,0.5026978850364685,0.9999488592147827
0.0001038706541294232,0.5025385022163391,0.9999411106109619
0.000109198568679858,0.5018991827964783,0.999937891960144
0.00012443543528206646,0.5009413361549377,0.9999315738677979
0.00013424440112430602,0.5011727809906006,0.9999284744262695
0.00013905383821111172,0.5028403401374817,0.9999309778213501
0.00014949518663343042,0.5033479928970337,0.9999314546585083
0.0001626811717869714,0.5042336583137512,0.9999306201934814
0.0001710277865640819,0.5048142671585083,0.9999314546585083
0.00016816891729831696,0.5035815834999084,0.9999353885650635
0.0001737920247251168,0.5021361112594604,0.9999359846115112
0.00016456286539323628,0.5011705756187439,0.9999412298202515
0.00016982658416964114,0.500575065612793,0.9999408721923828
0.0001653483632253483,0.5011446475982666,0.9999440908432007
0.00016003396012820303,0.5013036131858826,0.9999457597732544
0.00015380447439383715,0.5000900030136108,0.9999462366104126
0.00014850236766505986,0.499569296836853,0.9999467134475708
0.00014195783296599984,0.49910300970077515,0.9999479055404663
0.00013144475815352052,0.4983944296836853,0.9999502897262573
0.00013025880616623908,0.4992404878139496,0.9999508857727051
0.0001243929727934301,0.49954110383987427,0.999950647354126
0.00012933647667523474,0.5012033581733704,0.9999486207962036
0.00012195518502267078,0.5014309883117676,0.9999476671218872
0.0001265275350306183,0.5009130239486694,0.999944806098938
0.00012934782716911286,0.5001821517944336,0.9999417066574097
0.0001286648475797847,0.4995611011981964,0.9999396800994873
0.00013048741675447673,0.5005711317062378,0.9999366998672485
0.00012943986803293228,0.4999271035194397,0.9999349117279053
0.0001285471225855872,0.499040424823761,0.999933123588562
0.00013004930224269629,0.4979096055030823,0.9999302625656128
0.0001302465097978711,0.49713045358657837,0.9999315738677979
0.00011885708227055147,0.4948347508907318,0.9999351501464844
0.00012154165597166866,0.49400395154953003,0.9999353885650635
0.00011305711086606607,0.49268588423728943,0.9999382495880127
0.00010488038242328912,0.49137380719184875,0.9999403953552246
0.0001020131676341407,0.4912383556365967,0.9999403953552246
0.00010112077870871872,0.49079641699790955,0.9999388456344604
0.00010332622332498431,0.4906502962112427,0.9999368190765381
0.00010687492613215,0.4907703399658203,0.9999344348907471
0.00010701626160880551,0.4907923936843872,0.9999330043792725
0.0001151130345533602,0.4911952614784241,0.9999278783798218
0.0001209183392347768,0.4910348057746887,0.9999231100082397
0.00012605426309164613,0.49068617820739746,0.9999188184738159
0.0001341057213721797,0.49039140343666077,0.9999122619628906
0.000144824807648547,0.4902265667915344,0.9999061822891235
0.000152136868564412,0.49008646607398987,0.9999020099639893
0.00015501148300245404,0.48978736996650696,0.9998989105224609
0.0001573594199726358,0.4894302785396576,0.999896764755249
0.00016249761392828077,0.4888526499271393,0.9998936653137207
0.0005083517753519118,0.4971108138561249,0.0002353536110604182
0.0005653214757330716,0.4966708719730377,0.00019740061543416232
0.0006392328650690615,0.4963161051273346,0.00016504403902217746
0.0007137909415178001,0.49627983570098877,0.00013729622878599912
0.000783607130870223,0.49646779894828796,0.00011420282680774108
0.061157435178756714,0.4978733956813812,3.349499820615165e-05
0.09405770897865295,0.49751874804496765,3.398010085220449e-05
0.10390773415565491,0.49697524309158325,3.200255741830915e-05
0.10494597256183624,0.49664732813835144,2.886807305912953e-05
0.15275104343891144,0.49699872732162476,3.843707963824272e-05
0.1567608118057251,0.49721240997314453,4.138702934142202e-05
0.15543390810489655,0.4977147579193115,4.3246225686743855e-05
0.15400663018226624,0.49874448776245117,4.490687570068985e-05
0.15282146632671356,0.49981218576431274,4.665464075515047e-05
0.15321335196495056,0.5006892085075378,4.704112870967947e-05
0.15278205275535583,0.5017944574356079,4.663920481107198e-05
0.1544514000415802,0.502948522567749,4.692324728239328e-05
0.16521260142326355,0.504054844379425,5.0845010264310986e-05
0.17422911524772644,0.5052035450935364,5.3687621402787045e-05
0.17429004609584808,0.5062230229377747,5.353654341888614e-05
0.17606934905052185,0.5070018172264099,5.3881085477769375e-05
0.17596809566020966,0.50748610496521,5.351929212338291e-05
0.17777463793754578,0.5072615146636963,5.4485521104652435e-05
0.17754608392715454,0.5073136687278748,5.465152207762003e-05
0.17928488552570343,0.5071513652801514,5.6250155466841534e-05
0.1818722039461136,0.5067461133003235,5.81905733270105e-05
0.18432465195655823,0.5066543221473694,5.946396413492039e-05
0.1881304383277893,0.5066348910331726,6.099890742916614e-05
0.18916797637939453,0.5066762566566467,6.147805834189057e-05
0.18988178670406342,0.5065169334411621,6.22036459390074e-05
0.19370169937610626,0.5060399174690247,6.415016832761467e-05
0.19368521869182587,0.505480945110321,6.400870915967971e-05
0.19563546776771545,0.505684494972229,6.37039338471368e-05
0.19546270370483398,0.5055028796195984,6.276350177358836e-05
0.19535842537879944,0.505560576915741,6.151864363346249e-05
0.19539545476436615,0.5056772828102112,6.013520760461688e-05
0.19685743749141693,0.5058937668800354,5.904266799916513e-05
0.1961047500371933,0.505600094795227,5.6827055232133716e-05
0.1956879049539566,0.5057539939880371,5.5137839808594435e-05
0.19513122737407684,0.5053350925445557,5.1790117140626535e-05
0.19489255547523499,0.5041460394859314,4.9859012506203726e-05
0.19514378905296326,0.5059758424758911,4.9089660024037585e-05
0.19483523070812225,0.5051961541175842,4.822840492124669e-05
0.1940530389547348,0.5071142315864563,4.741339944303036e-05
0.1938164234161377,0.505780816078186,4.6910452510928735e-05
0.19391615688800812,0.503912627696991,4.643496868084185e-05
0.19438941776752472,0.5035713315010071,4.596146027324721e-05
0.1946423351764679,0.5035277009010315,4.524241012404673e-05
0.19459941983222961,0.5021847486495972,4.509638893068768e-05
0.19409993290901184,0.5020651817321777,4.6885048504918814e-05
0.19291003048419952,0.5021236538887024,4.885195812676102e-05
0.1916997879743576,0.5025277137756348,4.9204678362002596e-05
0.18987895548343658,0.5025845766067505,5.125848110765219e-05
0.1887461096048355,0.5030735731124878,5.3557327191811055e-05
0.18783214688301086,0.5036932826042175,5.5916214478202164e-05
0.18649262189865112,0.5043827891349792,5.787931877421215e-05
0.18525640666484833,0.5045028328895569,6.0755137383239344e-05
0.18360108137130737,0.5046607255935669,6.477089482359588e-05
0.18272382020950317,0.5050168633460999,6.740519165759906e-05
0.1832122951745987,0.5052037835121155,6.923193723196164e-05
0.18070711195468903,0.5055902600288391,6.92258618073538e-05
0.18186616897583008,0.5048862099647522,6.886701885377988e-05
0.18274052441120148,0.5051397681236267,6.899704021634534e-05
0.1838274896144867,0.5049147009849548,6.799234688514844e-05
0.18439355492591858,0.5046088099479675,6.697494245599955e-05
0.1854393035173416,0.5041980147361755,6.685842527076602e-05
0.18669386208057404,0.5045936107635498,6.6859443904832e-05
0.18811798095703125,0.5047915577888489,6.566633965121582e-05
0.18871237337589264,0.505264163017273,6.467880302807316e-05
0.18888728320598602,0.5050716996192932,6.37677512713708e-05
0.18905358016490936,0.5047398209571838,6.20356440776959e-05
0.18942664563655853,0.5048461556434631,6.347096496028826e-05
0.18918481469154358,0.5045275092124939,6.283117545535788e-05
0.1892598420381546,0.5040357112884521,6.29655914963223e-05
0.18942791223526,0.5039401650428772,6.355933874147013e-05
0.18935483694076538,0.5036649107933044,6.36029290035367e-05
0.18881076574325562,0.5027552247047424,6.0386046243365854e-05
0.18868054449558258,0.5016780495643616,5.7786335673881695e-05
0.18853695690631866,0.5013712644577026,5.700970359612256e-05
0.18844537436962128,0.501388669013977,5.702324051526375e-05
0.18149790167808533,0.5006539821624756,5.4024738346925005e-05
0.1728256493806839,0.500040590763092,5.133136801305227e-05
0.16060222685337067,0.49912047386169434,4.6938599552959204e-05
0.1609698385000229,0.498477578163147,4.6262284740805626e-05
0.14806127548217773,0.4974541962146759,4.154528505750932e-05
0.14634911715984344,0.4967823922634125,4.0219685615738854e-05
0.14382562041282654,0.49737149477005005,4.0512008126825094e-05
0.14050611853599548,0.497648149728775,4.013868601759896e-05
0.13264457881450653,0.4973738491535187,3.771999035961926e-05
0.13106097280979156,0.49716421961784363,3.646879849839024e-05
0.13000361621379852,0.49726346135139465,3.603655204642564e-05
0.1291608065366745,0.49742400646209717,3.5317192669026554e-05
0.12910005450248718,0.49772509932518005,3.475210178294219e-05
0.1289161741733551,0.49828073382377625,3.36751872964669e-05
0.1291884034872055,0.4985436499118805,3.2857944461284205e-05
0.1294625997543335,0.49897584319114685,3.224545798730105e-05
0.12887567281723022,0.49903935194015503,3.180543353664689e-05
0.1291598230600357,0.4992537796497345,3.215805918443948e-05
0.129304438829422,0.49944719672203064,3.204527820344083e-05
0.12942640483379364,0.4994700849056244,3.182187720085494e-05
0.1292632818222046,0.5012161135673523,3.1592921004630625e-05
0.128470316529274,0.5023943185806274,3.1217237847158685e-05
0.11924316734075546,0.5021951794624329,2.9988657843205146e-05
0.11215941607952118,0.5018883347511292,2.992026747961063e-05
0.10509134083986282,0.49989137053489685,2.9576378437923267e-05
0.08684737235307693,0.4987674355506897,2.7722237064153887e-05
0.0809037983417511,0.4985876679420471,2.650059832376428e-05
0.07917332649230957,0.4990246891975403,2.5331946744699962e-05
0.07935682684183121,0.49931132793426514,2.514973130018916e-05
0.05071018636226654,0.5003963112831116,2.221368413302116e-05
0.017720405012369156,0.5002901554107666,2.5802240998018533e-05
0.006532963830977678,0.5002055764198303,3.235372787457891e-05
0.003406947012990713,0.500354528427124,3.7572219298454e-05
0.00031047608354128897,0.5007945895195007,8.489980973536149e-05
0.00029105492285452783,0.5007895231246948,8.294181316159666e-05
0.00028077015304006636,0.5010737180709839,8.078925020527095e-05
0.000267883762717247,0.5009775161743164,7.910303247626871e-05
0.0002827273274306208,0.5013798475265503,7.71923951106146e-05
0.00027660533669404685,0.5011670589447021,7.540055958088487e-05
0.0002967985928989947,0.501227617263794,7.302398444153368e-05
0.0002961417194455862,0.5016723871231079,7.059759082039818e-05
0.00031191177549771965,0.5020374655723572,6.794859655201435e-05
0.00032211787765845656,0.5024632811546326,6.693803879898041e-05
0.00034009828232228756,0.5027135014533997,6.590007978957146e-05
0.00036395370261743665,0.5031638145446777,6.501781172119081e-05
0.00039975313120521605,0.5036256909370422,6.335993384709582e-05
0.00047038320917636156,0.5035374164581299,6.189801933942363e-05
0.0004856939776800573,0.5023415088653564,6.107439548941329e-05
0.0005272753187455237,0.5029244422912598,6.027259223628789e-05
0.0005540873971767724,0.5022256970405579,5.972304643364623e-05
0.0005417523207142949,0.5015935897827148,6.101513281464577e-05
0.0005271310801617801,0.5012537837028503,6.320954707916826e-05
0.0005313300644047558,0.5000866055488586,6.411311187548563e-05
0.000512386322952807,0.4995840787887573,6.46633270662278e-05
0.0004930312861688435,0.4995556175708771,6.389729242073372e-05
0.00045657172449864447,0.5002401471138,6.464495527325198e-05
0.0004155654751230031,0.49999678134918213,6.567234959220514e-05
0.009803528897464275,0.5013372898101807,2.2441878172685392e-05
0.010369683615863323,0.5009169578552246,2.2137995983939618e-05
0.021354902535676956,0.5019476413726807,1.837475792854093e-05
0.035136811435222626,0.5025553107261658,1.6799071090645157e-05
0.055578529834747314,0.5022615194320679,1.5944935512379743e-05
0.06188022345304489,0.5026695728302002,1.6136978956637904e-05
0.061388421803712845,0.5031719207763672,1.6535916074644774e-05
0.06297750025987625,0.5031358003616333,1.7696274881018326e-05
0.0725005716085434,0.5034002661705017,1.995210550376214e-05
0.07984481751918793,0.5028857588768005,2.106417559843976e-05
0.08335573226213455,0.5035826563835144,2.2351019651978277e-05
0.08274459838867188,0.504859447479248,2.2520796846947633e-05
0.08268970996141434,0.5056171417236328,2.3808686819393188e-05
0.0847356989979744,0.5057575106620789,2.446976759529207e-05
0.09177883714437485,0.5064651370048523,2.5826291675912216e-05
0.09340153634548187,0.5063334107398987,2.628815855132416e-05
0.09333917498588562,0.5061607956886292,2.6151608835789375e-05
0.09626342356204987,0.5055723190307617,2.635128294059541e-05
0.09622468799352646,0.5045440196990967,2.5740724595380016e-05
0.09722398966550827,0.5044618844985962,2.6267132852808572e-05
0.09681544452905655,0.5032586455345154,2.69866159214871e-05
0.09637652337551117,0.5017633438110352,2.7700409191311337e-05
0.09700941294431686,0.5010556578636169,2.7537949790712446e-05
0.0972491055727005,0.5008624196052551,2.8071941414964385e-05
0.09676070511341095,0.49986496567726135,2.867559487640392e-05
0.09695232659578323,0.4992883801460266,2.9976903533679433e-05
0.09811973571777344,0.4993557929992676,3.110683974227868e-05
0.09848716109991074,0.49915677309036255,3.059813752770424e-05
0.09878647327423096,0.4992988407611847,3.0373264962690882e-05
0.09885063767433167,0.4991530179977417,2.983925696753431e-05
0.0987967848777771,0.4988369643688202,2.8970724088139832e-05
0.09853632748126984,0.49853411316871643,2.8467646188801154e-05
0.0991249829530716,0.49805447459220886,2.8198475774843246e-05
0.09909599274396896,0.4979645907878876,2.798450987029355e-05
0.09883496165275574,0.4985644519329071,2.7607498850557022e-05
0.09833084046840668,0.4995173215866089,2.7616451916401275e-05
0.09813134372234344,0.4992620050907135,2.802745802910067e-05
0.09808070957660675,0.4993865191936493,2.9152390197850764e-05
0.09836597740650177,0.49900302290916443,2.9875305699533783e-05
0.09888070821762085,0.4984839856624603,3.082073817495257e-05
0.0989115983247757,0.49877041578292847,3.112051490461454e-05
0.09889885783195496,0.499850332736969,3.119971006526612e-05
0.09885862469673157,0.5010226368904114,3.089855090365745e-05
0.09859687834978104,0.5017179846763611,3.0196915759006515e-05
0.09816941618919373,0.5023310780525208,2.9418764825095423e-05
0.09824635833501816,0.5025140047073364,2.885686990339309e-05
0.09805319458246231,0.502605676651001,2.8243715860298835e-05
0.09819149971008301,0.5026381015777588,2.7819882234325632e-05
0.09795849770307541,0.5029903650283813,2.7435718948254362e-05
0.09759144484996796,0.5038965344429016,2.720220982155297e-05
0.09371853619813919,0.5041974186897278,2.7490614229463972e-05
0.08964130282402039,0.5036623477935791,2.727145874814596e-05
0.08066217601299286,0.5031827688217163,2.597786078695208e-05
0.08094976842403412,0.5032050013542175,2.5773000743356533e-05
0.06814135611057281,0.5030415058135986,2.3743677957099862e-05
0.05996834486722946,0.5019515156745911,2.2168902432895266e-05
0.05695595592260361,0.5018786787986755,2.147939449059777e-05
0.05752349644899368,0.5003848671913147,2.1105093765072525e-05
0.054384421557188034,0.5001079440116882,2.056134690064937e-05
0.0005670578102581203,0.5001490116119385,6.946749635972083e-05
0.000557843130081892,0.49970752000808716,6.708277942379937e-05
0.0005656572757288814,0.500627338886261,6.543617928400636e-05
0.0006026417831890285,0.5008565187454224,6.407142791431397e-05
0.0007120078662410378,0.5004838705062866,6.228543497854844e-05
0.0007397403242066503,0.4998779594898224,6.31506773061119e-05
0.00018649621051736176,0.48830369114875793,0.9998972415924072
0.0001777973520802334,0.48882463574409485,0.9999053478240967
0.00015545984206255525,0.48859697580337524,0.999916672706604
0.00013867342204321176,0.48838475346565247,0.9999239444732666
0.00012771629553753883,0.4887915849685669,0.9999290704727173
0.00012108575901947916,0.48887401819229126,0.9999309778213501
0.00011607408669078723,0.4888269603252411,0.9999324083328247
0.00011319325130898505,0.48881256580352783,0.9999333620071411
0.00010315178224118426,0.48877984285354614,0.9999372959136963
0.0001031062492984347,0.48963192105293274,0.9999383687973022
0.00010520671639824286,0.49026215076446533,0.9999369382858276
0.000103978076367639,0.49053651094436646,0.9999380111694336
0.00011124817683594301,0.49114641547203064,0.99993896484375
0.0001101038433262147,0.49238523840904236,0.9999412298202515
0.00010176104115089402,0.49337631464004517,0.9999456405639648
9.307436994276941e-05,0.49546095728874207,0.999951958656311
8.33373487694189e-05,0.49724966287612915,0.9999573230743408
7.722737063886598e-05,0.5007809400558472,0.9999624490737915
6.87975698383525e-05,0.5015923380851746,0.9999655485153198
5.713755308534019e-05,0.5023226737976074,0.9999686479568481
4.983515100320801e-05,0.502268373966217,0.9999716281890869
4.773415275849402e-05,0.5034072995185852,0.9999727010726929
5.0414051656844094e-05,0.5028835535049438,0.9999699592590332
5.9108238929184154e-05,0.503352165222168,0.9999657869338989
6.740442768204957e-05,0.5032263398170471,0.9999616146087646
7.409509998979047e-05,0.5014550089836121,0.999956488609314
8.91940580913797e-05,0.5022794008255005,0.9999523162841797
9.722956747282296e-05,0.5010696053504944,0.9999489784240723
0.00011485799041111022,0.5023989081382751,0.9999457597732544
0.00014511884364765137,0.5036473870277405,0.9999415874481201
0.00015961501048877835,0.5034773945808411,0.9999388456344604
0.00017083367856685072,0.5034691095352173,0.999937891960144
0.00017680463497526944,0.5058556199073792,0.999941349029541
0.0001776970166247338,0.5080386996269226,0.9999457597732544
0.0001860250486060977,0.5095418691635132,0.999947190284729
0.00019522129150573164,0.512417733669281,0.9999498128890991
0.0001926221593748778,0.5133366584777832,0.9999508857727051
0.00020704693451989442,0.5140959620475769,0.9999488592147827
0.00021081710292492062,0.5138179659843445,0.9999483823776245
0.00020679125736933202,0.5122933387756348,0.9999489784240723
0.00022224611893761903,0.5121310949325562,0.9999464750289917
0.00023096079530660063,0.51179039478302,0.9999432563781738
0.0002265728107886389,0.5103781223297119,0.9999419450759888
0.0002193426771555096,0.508346438407898,0.9999405145645142
0.00021626900706905872,0.5069265365600586,0.99993896484375
0.00021056861442048103,0.5052371025085449,0.9999372959136963
0.0002062107960227877,0.5033300518989563,0.9999344348907471
0.0001909691491164267,0.5018565654754639,0.9999347925186157
0.00017377082258462906,0.5006295442581177,0.9999359846115112
0.0004841113113798201,0.5085567235946655,0.00023567830794490874
0.00046611748985014856,0.5079507827758789,0.00020519777899608016
0.00047078696661628783,0.5070163011550903,0.00017515703802928329
0.0004783679323736578,0.506236732006073,0.0001497328485129401
0.0004916679463349283,0.505144476890564,0.00012670295836869627
0.06395455449819565,0.5051563382148743,3.01567415590398e-05
0.1013173758983612,0.5038767457008362,3.110636316705495e-05
0.10187773406505585,0.5030120015144348,2.7590444005909376e-05
0.11352036148309708,0.5024167895317078,2.6251755116390996e-05
0.12024231255054474,0.5020257234573364,2.882370063161943e-05
0.137703537940979,0.5016180872917175,3.3096668630605564e-05
0.1491038203239441,0.5013103485107422,3.751726035261527e-05
0.14778295159339905,0.5011897683143616,3.94718226743862e-05
0.14926248788833618,0.5012121796607971,4.22735683969222e-05
0.1532319188117981,0.5010817050933838,4.463890945771709e-05
0.15742990374565125,0.5007867813110352,4.6641471271868795e-05
0.1566874086856842,0.5003925561904907,4.733032619697042e-05
0.16108107566833496,0.5004517436027527,4.950694346916862e-05
0.1634131222963333,0.5005068182945251,5.113656879984774e-05
0.16503335535526276,0.5004391670227051,5.214056727709249e-05
0.17076946794986725,0.5004269480705261,5.445393981062807e-05
0.17058609426021576,0.50041663646698,5.543593215406872e-05
0.1711532026529312,0.5003913640975952,5.637974390992895e-05
0.17175953090190887,0.5002572536468506,5.7238605222664773e-05
0.1735234558582306,0.5002870559692383,5.944593431195244e-05
0.17636092007160187,0.5001101493835449,6.194478191900998e-05
0.18089474737644196,0.5001534819602966,6.448118074331433e-05
0.18364989757537842,0.4997634291648865,6.621251668548211e-05
0.1847999393939972,0.49907949566841125,6.690204463666305e-05
0.19062112271785736,0.4982411861419678,6.927987851668149e-05
0.1906598061323166,0.49804702401161194,6.934161501703784e-05
0.1905566304922104,0.4979972839355469,6.90230299369432e-05
0.19047707319259644,0.49786895513534546,6.959228630876169e-05
0.19044962525367737,0.49759700894355774,6.888093776069582e-05
0.19125302135944366,0.49779853224754333,6.901421147631481e-05
0.19078035652637482,0.49854251742362976,6.850323552498594e-05
0.19035634398460388,0.4991830289363861,6.852923979749903e-05
0.19003507494926453,0.4998761713504791,6.86842977302149e-05
0.18965399265289307,0.5003264546394348,6.880203000037e-05
0.18926388025283813,0.5008702874183655,6.90374436089769e-05
0.1892249882221222,0.5009475350379944,6.980470789130777e-05
0.18909870088100433,0.5010060667991638,7.01824901625514e-05
0.18909239768981934,0.5014076232910156,6.992503040237352e-05
0.18893343210220337,0.5024523138999939,7.067841943353415e-05
0.18876215815544128,0.5032081007957458,6.994783325353637e-05
0.188776433467865,0.5038103461265564,6.914583354955539e-05
0.1889306902885437,0.5046049356460571,6.846477481303737e-05
0.18914450705051422,0.5046512484550476,6.755912181688473e-05
0.18943819403648376,0.5047094225883484,6.713070615660399e-05
0.18952786922454834,0.50483638048172,6.666233821306378e-05
0.1847577840089798,0.5049312114715576,6.396898970706388e-05
0.1838701218366623,0.505189061164856,6.283225229708478e-05
0.1841055154800415,0.505540132522583,6.245637632673606e-05
0.18441537022590637,0.5061866641044617,6.196268805069849e-05
0.18386763334274292,0.5064041018486023,6.119285535532981e-05
0.184239462018013,0.5063233375549316,6.138643220765516e-05
0.18457570672035217,0.5061200857162476,6.163831858430058e-05
0.1848204880952835,0.5062237977981567,6.177000614115968e-05
0.18493634462356567,0.5070267915725708,6.180017226142809e-05
0.18492108583450317,0.5075939893722534,6.143580685602501e-05
0.18383976817131042,0.5073618292808533,6.126158405095339e-05
0.17555466294288635,0.5065592527389526,5.7413977629039437e-05
0.17507046461105347,0.5061395764350891,5.638796938001178e-05
0.1625109761953354,0.505292534828186,5.206842251936905e-05
0.13819469511508942,0.5048578977584839,4.510602229856886e-05
0.06235581263899803,0.5039927363395691,3.091711914748885e-05
0.03717014938592911,0.5033456683158875,2.8273900170461275e-05
0.03773466870188713,0.5007290244102478,2.6562462153378874e-05
0.003416918683797121,0.4983058273792267,4.577481740852818e-05
0.00034185676486231387,0.49715855717658997,0.00010086980182677507
0.0003456381964497268,0.4970535635948181,9.455734107177705e-05
0.0003560773911885917,0.4963907301425934,8.886991417966783e-05
0.00037081234040670097,0.4960958659648895,8.277715096483007e-05
0.0003876547852996737,0.49611252546310425,7.717023981967941e-05
0.0003917955909855664,0.49664053320884705,7.195393118308857e-05
0.0004303822643123567,0.49754419922828674,6.777949602110311e-05
0.000471489125629887,0.4980146288871765,6.425088213291019e-05
0.00048587642959319055,0.49894246459007263,6.231740553630516e-05
0.0004498706548474729,0.49950161576271057,6.225485412869602e-05
0.00044523790711537004,0.5002273321151733,6.0229845985304564e-05
0.0004196914960630238,0.5007547736167908,6.027294148225337e-05
0.0004078508645761758,0.5015525221824646,5.9995276387780905e-05
0.00040830872603692114,0.5023009181022644,5.922125274082646e-05
0.0003957019071094692,0.5028103590011597,5.8731504395836964e-05
0.00038295742706395686,0.502856969833374,6.032100645825267e-05
0.0003745836147572845,0.5035026669502258,6.103533087298274e-05
0.00035916539491154253,0.5044032335281372,6.132254202384502e-05
0.00035996444057673216,0.505821943283081,6.143832433735952e-05
0.00036501887370832264,0.507449209690094,6.108400702942163e-05
0.0003578125324565917,0.5079100131988525,6.131447298685089e-05
0.00036595232086256146,0.5082218647003174,6.091734758228995e-05
0.0003724929702002555,0.5088765621185303,6.018930798745714e-05
0.00038649942143820226,0.5091284513473511,5.992048681946471e-05
0.00039244131767190993,0.5093571543693542,6.002285590511747e-05
0.00040118664037436247,0.5091739296913147,5.9670281189028174e-05
0.00041046488331630826,0.509141743183136,5.974258601781912e-05
0.0004241818387527019,0.5091549754142761,5.95986821281258e-05
0.0004350108210928738,0.509300172328949,5.938230606261641e-05
0.0004721198638435453,0.5089635848999023,5.8373647334519774e-05
0.0004906636895611882,0.5088363289833069,5.756897007813677e-05
0.00048070395132526755,0.5086082220077515,5.777564729214646e-05
0.0004623071290552616,0.5083025693893433,5.825364132761024e-05
0.000433717475971207,0.508374810218811,5.8658464695326984e-05
0.0004206832672934979,0.5085424780845642,5.856361167388968e-05
0.00039693849976174533,0.5082698464393616,5.958089241175912e-05
0.0003908938670065254,0.5075015425682068,5.938213871559128e-05
0.00039670622209087014,0.506767988204956,5.8604113291949034e-05
0.0004090151924174279,0.5061030387878418,5.727393363486044e-05
0.000432216766057536,0.5044117569923401,5.6479781051166356e-05
0.00045985879842191935,0.5042660236358643,5.548776243813336e-05
0.00048406931455247104,0.5046204924583435,5.394380787038244e-05
0.0005163744208402932,0.504797637462616,5.297299139783718e-05
0.0005539844278246164,0.5053783059120178,5.1688330131582916e-05
0.0005692990380339324,0.5062314867973328,4.9647260311758146e-05
0.0006029831129126251,0.507879912853241,4.7751131205586717e-05
0.000157202550326474,0.49773943424224854,0.999947190284729
0.00014795227616559714,0.4989243149757385,0.9999498128890991
0.00013643137936014682,0.49887892603874207,0.9999523162841797
0.00012324463750701398,0.49887850880622864,0.9999556541442871
0.00010941620712401345,0.4984891414642334,0.999957799911499
0.00010179025412071496,0.49837249517440796,0.9999587535858154
9.449090430280194e-05,0.4975980222225189,0.9999580383300781
8.624941983725876e-05,0.49687349796295166,0.9999580383300781
7.603276753798127e-05,0.4963736832141876,0.9999595880508423
7.010121771600097e-05,0.49486902356147766,0.9999594688415527
6.350693001877517e-05,0.49439695477485657,0.9999597072601318
6.357479287544265e-05,0.49348875880241394,0.9999580383300781
6.408425542758778e-05,0.4925874173641205,0.9999556541442871
6.501372263301164e-05,0.4918098747730255,0.9999527931213379
6.347574526444077e-05,0.49180108308792114,0.9999520778656006
6.178743933560327e-05,0.4911057651042938,0.9999513626098633
6.623209628742188e-05,0.49187082052230835,0.9999502897262573
6.92716203047894e-05,0.49258139729499817,0.9999502897262573
8.001601236173883e-05,0.4922217130661011,0.9999417066574097
9.038884309120476e-05,0.49230343103408813,0.9999347925186157
0.00010222925629932433,0.4922514259815216,0.9999291896820068
0.00011000541417161003,0.49450111389160156,0.9999306201934814
0.00011860518134199083,0.4956432282924652,0.999930739402771
0.00012397886894177645,0.4966845214366913,0.9999315738677979
0.00013462986680679023,0.4974139630794525,0.9999295473098755
0.0001440707128494978,0.4987601935863495,0.9999301433563232
0.0001427633542334661,0.4990336000919342,0.9999324083328247
0.0001493707823101431,0.49931982159614563,0.9999310970306396
0.00014802339137531817,0.5003647208213806,0.999936580657959
0.0001452182186767459,0.5012722611427307,0.9999408721923828
0.00014669822121504694,0.5026249289512634,0.9999439716339111
0.0001424344372935593,0.5010759234428406,0.9999434947967529
0.0001377780718030408,0.5015201568603516,0.9999444484710693
0.00013584992848336697,0.5014610886573792,0.9999444484710693
0.00013730723003391176,0.5006080865859985,0.9999439716339111
0.0001392390695400536,0.5001525282859802,0.9999421834945679
0.0001390302350046113,0.5001448392868042,0.9999408721923828
0.00013578789366874844,0.4996667802333832,0.9999415874481201
0.0001350176171399653,0.49962976574897766,0.9999415874481201
0.00013593169569503516,0.4992784559726715,0.9999403953552246
0.00013862369814887643,0.49871188402175903,0.99993896484375
0.0001391588884871453,0.49850577116012573,0.9999388456344604
0.00014043980627320707,0.49845537543296814,0.9999386072158813
0.00014362136425916106,0.49904611706733704,0.9999388456344604
0.0001458937331335619,0.4993143081665039,0.9999395608901978
0.000152557113324292,0.49952778220176697,0.9999382495880127
0.0001577373914187774,0.4996647834777832,0.9999383687973022
0.00016311484796460718,0.4993840754032135,0.9999387264251709
0.00016843274352140725,0.4985838830471039,0.9999393224716187
0.0001716224360279739,0.49733999371528625,0.9999403953552246
0.00017256216960959136,0.49687761068344116,0.9999408721923828
0.00017647181812208146,0.4973238408565521,0.9999399185180664
0.0001791087124729529,0.4980494976043701,0.99993896484375
0.00017863935499917716,0.49809882044792175,0.9999383687973022
0.0001791510876500979,0.4981778860092163,0.9999383687973022
0.00017816867330111563,0.49846330285072327,0.9999390840530396
0.0001757559657562524,0.4984467625617981,0.9999394416809082
0.00017568074690643698,0.4985809326171875,0.9999382495880127
0.0001766011118888855,0.4985572099685669,0.999937891960144
0.00017421443772036582,0.4986359179019928,0.9999388456344604
0.00016769670764915645,0.4988536834716797,0.9999406337738037
0.00016468498506583273,0.4991072416305542,0.9999401569366455
0.00016269032494165003,0.4988906681537628,0.9999399185180664
0.0001632522325962782,0.4985720217227936,0.9999405145645142
0.00016404883353970945,0.4984637200832367,0.9999406337738037
0.00016198462981265038,0.498169481754303,0.999941349029541
0.00016306228644680232,0.4980534017086029,0.9999418258666992
0.0001623517309781164,0.4981490671634674,0.9999431371688843
0.00016036283341236413,0.49804192781448364,0.9999443292617798
0.00016299636627081782,0.49782970547676086,0.9999439716339111
0.00017038939404301345,0.4973732531070709,0.999942421913147
0.00017494689382147044,0.4975295066833496,0.999942421913147
0.00017681661120150238,0.4977370798587799,0.9999430179595947
0.0001777210709406063,0.49775728583335876,0.9999430179595947
0.000179191047209315,0.49761390686035156,0.9999423027038574
0.00017941364785656333,0.49715501070022583,0.9999407529830933
0.00017762958304956555,0.4963408410549164,0.9999396800994873
0.00017671429668553174,0.49613142013549805,0.9999383687973022
0.0001740011211950332,0.49562570452690125,0.9999371767044067
0.0001736300328047946,0.4954712688922882,0.9999368190765381
0.00017093372298404574,0.4955641031265259,0.9999372959136963
0.00016618990048300475,0.49563759565353394,0.9999384880065918
0.00016348433564417064,0.4957081377506256,0.9999392032623291
0.00016068074910435826,0.4960150718688965,0.9999402761459351
0.00015683931997045875,0.496335506439209,0.9999417066574097
0.0001540807425044477,0.49697989225387573,0.9999439716339111
0.00015400597476400435,0.497920960187912,0.9999450445175171
0.00015436706598848104,0.4983471632003784,0.999946117401123
0.00015479391731787473,0.49886223673820496,0.9999470710754395
0.00015274518227670342,0.49926698207855225,0.9999480247497559
0.00014962196291889995,0.49915289878845215,0.9999483823776245
0.00014870159793645144,0.49912023544311523,0.9999485015869141
0.00015069553046487272,0.49900954961776733,0.9999476671218872
0.0001508778368588537,0.4986129701137543,0.9999470710754395
0.00015104135673027486,0.49829670786857605,0.9999467134475708
0.000153614382725209,0.4982316195964813,0.999945878982544
0.000151711399666965,0.49816522002220154,0.9999463558197021
0.00014970373013056815,0.4980870187282562,0.9999468326568604
0.0001489728019805625,0.4981144368648529,0.9999474287033081
0.00014808947162237018,0.49795737862586975,0.9999475479125977
0.00015026693290565163,0.49816083908081055,0.9999475479125977
0.0001506687985965982,0.49826711416244507,0.9999477863311768
0.00014827116683591157,0.49843740463256836,0.9999486207962036
0.00014723213098477572,0.49875083565711975,0.9999492168426514
0.00014698749873787165,0.4990251064300537,0.9999496936798096
0.00014262770127970725,0.49911418557167053,0.999950647354126
0.00014218068099580705,0.4990658462047577,0.9999505281448364
0.0001417731837136671,0.4990309178829193,0.999950647354126
0.00014031436876393855,0.49870505928993225,0.9999507665634155
0.00013878745085094124,0.4984154999256134,0.999950647354126
0.00013935926835983992,0.49780526757240295,0.9999489784240723
0.00013772198872175068,0.4965587854385376,0.9999467134475708
0.00013757577107753605,0.49585363268852234,0.9999442100524902
0.00013489279081113636,0.4947674572467804,0.9999405145645142
0.00013313177623786032,0.4944956302642822,0.9999386072158813
0.00013290093920659274,0.49429765343666077,0.9999372959136963
0.0001319508592132479,0.49367839097976685,0.9999356269836426
0.00013258437684271485,0.4933764934539795,0.9999347925186157
0.00013366526400204748,0.4935791790485382,0.9999345541000366
0.0001353877451037988,0.4938681423664093,0.9999346733093262
0.0001354972628178075,0.49436017870903015,0.9999366998672485
0.00013765109179075807,0.49522122740745544,0.9999392032623291
0.00013815221609547734,0.4958396852016449,0.9999419450759888
0.00014062607078813016,0.49702683091163635,0.9999454021453857
0.0001419933105353266,0.49725785851478577,0.999947190284729
0.00014312304847408086,0.49745914340019226,0.9999481439590454
0.00014460526290349662,0.498338520526886,0.9999494552612305
0.00014502422709483653,0.4986516237258911,0.9999499320983887
0.0001449698902433738,0.49867114424705505,0.9999500513076782
0.00014483806444332004,0.4987093210220337,0.9999500513076782
0.0001436568418284878,0.4986181855201721,0.9999502897262573
0.0001428979157935828,0.49867191910743713,0.9999505281448364
0.00014221566380001605,0.49865299463272095,0.999950647354126
0.0001423890789737925,0.49864429235458374,0.999950647354126
0.00014170250506140292,0.4986342191696167,0.999950647354126
0.00014270660176407546,0.4987446665763855,0.9999505281448364
0.0001428678078809753,0.4987320899963379,0.9999505281448364
0.0001417520979885012,0.49869948625564575,0.999950647354126
0.00014152991934679449,0.49869686365127563,0.999950647354126
0.00014204341277945787,0.49873554706573486,0.999950647354126
0.00014216997078619897,0.4987112283706665,0.9999505281448364
0.0001447639224352315,0.498488187789917,0.9999493360519409
0.0001451924763387069,0.49781152606010437,0.9999480247497559
0.00014568743063136935,0.49721547961235046,0.9999463558197021
0.00014927738811820745,0.4967491030693054,0.9999440908432007
0.00014714989811182022,0.49662140011787415,0.9999433755874634
0.00014964293222874403,0.49653351306915283,0.9999418258666992
0.00014986254973337054,0.49657008051872253,0.9999415874481201
0.00015003097360022366,0.49666497111320496,0.9999418258666992
0.00014964165166020393,0.49647602438926697,0.9999415874481201
0.00015023053856566548,0.4965684413909912,0.9999418258666992
0.0001481821236666292,0.4967896342277527,0.9999430179595947
0.00014856383495498449,0.4975167512893677,0.9999442100524902
0.00014797596668358892,0.49812906980514526,0.999945878982544
0.00014538629329763353,0.4985966980457306,0.9999480247497559
0.00014573273074347526,0.4986160099506378,0.9999488592147827
0.0001431515847798437,0.49866580963134766,0.9999501705169678
0.00014309030666481704,0.49865952134132385,0.9999504089355469
0.000143058379762806,0.49850600957870483,0.9999500513076782
0.00014261029718909413,0.4987306594848633,0.9999505281448364
0.0001422921777702868,0.4987078905105591,0.9999504089355469
0.0001414543658029288,0.49877041578292847,0.999950647354126
0.00014110868505667895,0.4987185597419739,0.999950647354126
0.0001406501978635788,0.4987410008907318,0.9999507665634155
0.000139993368065916,0.49880871176719666,0.9999510049819946
0.0001405386719852686,0.49885690212249756,0.9999510049819946
0.00013982527889311314,0.49887949228286743,0.9999511241912842
0.00014041944814380258,0.4988574981689453,0.9999511241912842
0.00014337821630761027,0.49851906299591064,0.9999499320983887
0.0001459538470953703,0.49789920449256897,0.9999481439590454
0.00014729546091984957,0.49701133370399475,0.999946117401123
0.000143151031807065,0.4956815838813782,0.9999442100524902
0.000135503985802643,0.4951189458370209,0.9999430179595947
0.0001292287342948839,0.49510982632637024,0.9999442100524902
0.00012388585309963673,0.49421849846839905,0.9999427795410156
0.00012083777983207256,0.49399954080581665,0.9999432563781738
0.00012100322783226147,0.49371418356895447,0.9999426603317261
0.00012028378114337102,0.4935857355594635,0.9999428987503052
0.00011766052193706855,0.49390336871147156,0.9999445676803589
0.00011557839752640575,0.4943164885044098,0.9999463558197021
0.00011426601122366264,0.4950117766857147,0.9999483823776245
0.0001184252614621073,0.4962083101272583,0.9999500513076782
0.00012499377771746367,0.49690529704093933,0.9999511241912842
0.0003376805398147553,0.5051671266555786,0.0002368255372857675
0.00039655345608480275,0.5059965252876282,0.00019248427997808903
0.00044759162119589746,0.5058883428573608,0.00015612431161571294
0.00048732219147495925,0.5060309171676636,0.000128539526485838
0.0005371698644012213,0.5054627060890198,0.0001051347135216929
0.0005927333841100335,0.5050809383392334,8.592572703491896e-05
0.0006606706301681697,0.5044435262680054,7.009821274550632e-05
0.03587820380926132,0.5030707120895386,1.8765718778013252e-05
0.09382975101470947,0.49917298555374146,1.9151715605403297e-05
0.09378671646118164,0.4933547079563141,2.0363437215564772e-05
0.1464475840330124,0.48459938168525696,2.9429766073008068e-05
0.18294335901737213,0.4749082326889038,4.086507033207454e-05
0.2145186960697174,0.4636658728122711,5.3943291277391836e-05
0.22851842641830444,0.45155423879623413,6.54285031487234e-05
0.2280893474817276,0.43856897950172424,7.346471102209762e-05
0.22718431055545807,0.4235714077949524,8.386502304347232e-05
0.2257862091064453,0.40789085626602173,9.242051601177081e-05
0.230612650513649,0.39801377058029175,0.0001037315814755857
0.2293715626001358,0.38990306854248047,0.00011261145118623972
0.22868278622627258,0.38038766384124756,0.00011778131010942161
0.2298927754163742,0.3740769922733307,0.00012376011000014842
0.23591561615467072,0.37092268466949463,0.00012846000026911497
0.2372428923845291,0.3698157072067261,0.0001311205414822325
0.23701554536819458,0.36940252780914307,0.0001297253038501367
0.23718096315860748,0.36876213550567627,0.00012714823242276907
0.23759374022483826,0.3681294322013855,0.00012163128121756017
0.23790542781352997,0.3686772584915161,0.00011912576883332804
0.23815475404262543,0.36997827887535095,0.00011598170385695994
0.2394920140504837,0.37178078293800354,0.00011342836660332978
0.24056734144687653,0.3738553822040558,0.0001110327139031142
0.23987843096256256,0.3760767877101898,0.00010675096564227715
0.23889528214931488,0.37817975878715515,0.00010290548379998654
0.23862440884113312,0.37929198145866394,9.748087177285925e-05
0.23934555053710938,0.38205718994140625,9.521967149339616e-05
0.23854395747184753,0.3866589665412903,9.09312439034693e-05
0.23758617043495178,0.39113008975982666,8.839643851388246e-05
0.23878639936447144,0.3944222033023834,8.643425826448947e-05
0.2513933777809143,0.39886584877967834,9.177878382615745e-05
0.26819998025894165,0.40361475944519043,0.0001011095882859081
0.2839391827583313,0.40801218152046204,0.00011234074918320403
0.2928108274936676,0.4108486771583557,0.00011969658953603357
0.2974327802658081,0.4129370450973511,0.0001237588148796931
0.29715943336486816,0.41498416662216187,0.00012738280929625034
0.2972915768623352,0.4176875650882721,0.00012765140854753554
0.2957261800765991,0.42116594314575195,0.00012703418906312436
0.2925735414028168,0.4267497658729553,0.00012661756773013622
0.2896362245082855,0.433978796005249,0.00012724733096547425
0.2867792546749115,0.44131332635879517,0.00012622697977349162
0.2841348350048065,0.44871756434440613,0.0001255217066500336
0.2827856242656708,0.45502084493637085,0.000124831436551176
0.28178808093070984,0.4614924490451813,0.00012579346366692334
0.28149712085723877,0.46746399998664856,0.00012573553249239922
0.2809835374355316,0.47142294049263,0.00012420759594533592
0.2803024351596832,0.47440823912620544,0.00012100461754016578
0.28002309799194336,0.4768846035003662,0.00012088559742551297
0.28119325637817383,0.478626549243927,0.00012193169095553458
0.281902939081192,0.4804726243019104,0.00011998615809716284
0.2820931673049927,0.48354431986808777,0.00011773909500334412
0.28264859318733215,0.48707735538482666,0.00011577463010326028
0.28159865736961365,0.49004340171813965,0.00011275974247837439
0.28102177381515503,0.49302828311920166,0.00010971700248774141
0.27997490763664246,0.49529772996902466,0.00010889182885875925
0.279059499502182,0.4981343150138855,0.00010814779670909047
0.22427549958229065,0.5002450942993164,7.839578756829724e-05
0.17670530080795288,0.5023131966590881,5.8428224292583764e-05
0.17606070637702942,0.5017870664596558,5.603567842626944e-05
0.17646244168281555,0.5022786259651184,5.3821204346604645e-05
0.17691899836063385,0.501911461353302,5.238937956164591e-05
0.17740093171596527,0.5015103220939636,5.012737528886646e-05
0.1784505993127823,0.5026897192001343,4.7670237108832225e-05
0.1679438352584839,0.5041816830635071,4.096757038496435e-05
0.15618902444839478,0.506487250328064,3.5447235859464854e-05
0.1539115160703659,0.507560133934021,3.308773739263415e-05
0.15450377762317657,0.5082172751426697,3.2483236282132566e-05
0.15429195761680603,0.5081281661987305,3.075168569921516e-05
0.15458321571350098,0.5076778531074524,3.0031727874302305e-05
0.15551942586898804,0.5071102976799011,3.064021439058706e-05
0.15581418573856354,0.50715571641922,2.927932837337721e-05
0.156072735786438,0.5074855089187622,2.8444279450923204e-05
0.15615248680114746,0.5069515705108643,2.813749961205758e-05
0.1559242159128189,0.506138801574707,2.8879007004434243e-05
0.15603095293045044,0.5053319931030273,2.9152723072911613e-05
0.15607009828090668,0.504048764705658,2.9659728170372546e-05
0.15654313564300537,0.5035820603370667,2.9997094316058792e-05
0.15724234282970428,0.5028911232948303,3.11252661049366e-05
0.1575823575258255,0.5029594898223877,3.2080810342449695e-05
0.15783032774925232,0.5029861330986023,3.185272362316027e-05
0.1578676700592041,0.5026094913482666,3.304157507955097e-05
0.15774893760681152,0.5023866891860962,3.371783168404363e-05
0.1576649248600006,0.5026420950889587,3.419272252358496e-05
0.15769360959529877,0.5030511617660522,3.423540329094976e-05
0.1576334834098816,0.5025807619094849,3.482007377897389e-05
0.15773402154445648,0.5024418830871582,3.5207973269280046e-05
0.15739856660366058,0.5021586418151855,3.5363500501262024e-05
0.15685370564460754,0.5013430118560791,3.538080636644736e-05
0.15669548511505127,0.5008628368377686,3.54115545633249e-05
0.15564851462841034,0.5000680685043335,3.5545843275031075e-05
0.1554039865732193,0.5003002882003784,3.5344823118066415e-05
0.15519577264785767,0.5007226467132568,3.5288408980704844e-05
0.15519897639751434,0.501007080078125,3.557843592716381e-05
0.15523195266723633,0.501946747303009,3.6361492675496265e-05
0.15518955886363983,0.5025511384010315,3.6073372029932216e-05
0.15556658804416656,0.5027804374694824,3.694130282383412e-05
0.15584678947925568,0.5028095841407776,3.78840122721158e-05
0.15584975481033325,0.5029059648513794,3.8599067920586094e-05
0.15627196431159973,0.5016558170318604,3.9727030525682494e-05
0.15706011652946472,0.5012309551239014,4.086167609784752e-05
0.15742447972297668,0.5014135837554932,4.1577899537514895e-05
0.1576230823993683,0.5016703009605408,4.320578955230303e-05
0.157737597823143,0.5022490620613098,4.471854481380433e-05
0.15765275061130524,0.502622663974762,4.4442462240112945e-05
0.15783381462097168,0.5029205083847046,4.5679840695811436e-05
0.15781466662883759,0.5029482841491699,4.61017552879639e-05
0.15800806879997253,0.5030127167701721,4.623044151230715e-05
0.15893574059009552,0.503106415271759,4.674731826526113e-05
0.15891975164413452,0.5031488537788391,4.63104406662751e-05
0.1587517261505127,0.5021159052848816,4.523206007434055e-05
0.15896166861057281,0.5023321509361267,4.5709475671174005e-05
0.15985815227031708,0.5031759738922119,4.599557360052131e-05
0.16042666137218475,0.5027100443840027,4.5286571548786014e-05
0.16040997207164764,0.5018616318702698,4.5999782742001116e-05
0.1554868072271347,0.5011997818946838,4.41722986579407e-05
0.15056708455085754,0.5004168152809143,4.1251638322137296e-05
0.14511343836784363,0.5004476308822632,4.0287093725055456e-05
0.13491876423358917,0.5006652474403381,3.767659654840827e-05
0.11100304871797562,0.5010912418365479,3.332603591843508e-05
0.10670727491378784,0.5021312236785889,3.269344233558513e-05
0.08641164004802704,0.5025669932365417,2.9480859666364267e-05
0.08705251663923264,0.5029333829879761,2.8862319595646113e-05
0.06886690109968185,0.503953754901886,2.5816785637289286e-05
0.060898616909980774,0.5044655799865723,2.3980912374099717e-05
0.05214077606797218,0.5048325657844543,2.244048664579168e-05
0.05202174186706543,0.5048530697822571,2.186888195865322e-05
0.0423610582947731,0.5035263299942017,2.0619096176233143e-05
0.029398085549473763,0.5023864507675171,2.029198185482528e-05
0.0007430093828588724,0.5018705725669861,5.699214671039954e-05
0.000695294700562954,0.5020416378974915,5.5766580771887675e-05
0.000645491702016443,0.5023390650749207,5.424589471658692e-05
0.000578190665692091,0.5018678307533264,5.245381544227712e-05
0.000535402272362262,0.5010268092155457,5.173813769943081e-05
0.0004928619018755853,0.5004105567932129,5.194349796511233e-05
0.00046542577911168337,0.50010085105896,5.223448169999756e-05
0.0004696833493653685,0.5009556412696838,5.247202716418542e-05
0.00046611393918283284,0.5020270943641663,5.1556886319303885e-05
0.00047924721729941666,0.5024309158325195,5.2301922551123425e-05
0.0004403631610330194,0.5019381642341614,5.35298531758599e-05
0.00043504417408257723,0.5020987391471863,5.314329609973356e-05
0.00043350501800887287,0.5028781294822693,5.311933273333125e-05
0.00045873821363784373,0.5050370693206787,5.2814702939940616e-05
0.00046775408554822206,0.5076505541801453,5.369192149373703e-05
0.00045046713785268366,0.5090208053588867,5.356427209335379e-05
0.00042313040466979146,0.5086653828620911,5.26686453667935e-05
0.00038558105006814003,0.5074175000190735,5.2197836339473724e-05
0.0003908396465703845,0.5073058009147644,5.22405571246054e-05
0.00037660254747606814,0.508572518825531,5.2317533118184656e-05
0.00038079245132394135,0.5096230506896973,5.2101353503530845e-05
0.00038553951890207827,0.5106470584869385,5.242301267571747e-05
0.0004115168412681669,0.5126106142997742,5.242366387392394e-05
0.0004190127074252814,0.5130165815353394,5.279743345454335e-05
0.00044440681813284755,0.5134646892547607,5.152169615030289e-05
0.0005040389369241893,0.5142472982406616,5.0481885409681126e-05
0.0005603458848781884,0.5148441195487976,4.9733975174603984e-05
0.0005879592499695718,0.5155788660049438,4.93718653160613e-05
0.000580555759370327,0.5162054896354675,4.878492109128274e-05
0.000612123345490545,0.5160546898841858,4.793253174284473e-05
0.0006152416463010013,0.5155078172683716,4.780024755746126e-05
0.0006424007005989552,0.5153738856315613,4.801794784725644e-05
0.0006274367915466428,0.514580249786377,4.909162817057222e-05
0.0006054815603420138,0.5135325789451599,4.909190829494037e-05
0.0005680269096046686,0.5121493935585022,4.997244832338765e-05
0.000492317951284349,0.5106814503669739,5.0575941713759676e-05
0.0004662703722715378,0.5094653367996216,5.070700717624277e-05
0.00045678328024223447,0.5083191990852356,5.0466864195186645e-05
0.0004363649641163647,0.5075731873512268,5.0578306399984285e-05
0.0004064528038725257,0.5065354108810425,5.179748040973209e-05
0.00036469503538683057,0.5056511163711548,5.2443061576923355e-05
0.00032818291219882667,0.5045578479766846,5.235895878286101e-05
0.0002844710252247751,0.503872811794281,5.163640162209049e-05
9.52888949541375e-05,0.49183645844459534,0.9999330043792725
8.709076792001724e-05,0.4936516582965851,0.9999395608901978
8.484339923597872e-05,0.49545323848724365,0.9999426603317261
7.908674888312817e-05,0.49437415599823,0.9999468326568604
7.899539195932448e-05,0.49377503991127014,0.9999477863311768
8.140490535879508e-05,0.4939114451408386,0.9999463558197021
8.284750947495922e-05,0.4945909082889557,0.999946117401123
8.412348688580096e-05,0.49499133229255676,0.9999474287033081
8.425218402408063e-05,0.49572330713272095,0.9999493360519409
8.997245458886027e-05,0.49528807401657104,0.9999487400054932
9.645101090427488e-05,0.4944770932197571,0.9999454021453857
0.00010157247743336484,0.4932664632797241,0.9999427795410156
0.00010836540604941547,0.4926013648509979,0.9999409914016724
0.00011315850133541971,0.49240246415138245,0.9999386072158813
0.00010842659685295075,0.49190711975097656,0.9999370574951172
0.00010642988490872085,0.49129289388656616,0.9999352693557739
0.00010655488586053252,0.490246444940567,0.9999333620071411
0.00010859422764042392,0.4898068308830261,0.9999309778213501
0.0001083890674635768,0.48940932750701904,0.9999289512634277
0.0001078909044736065,0.4891720414161682,0.9999285936355591
0.00010636261140462011,0.48870763182640076,0.999927282333374
0.00010374137491453439,0.48866334557533264,0.9999277591705322
9.592955029802397e-05,0.48799416422843933,0.9999295473098755
9.190585842588916e-05,0.4880152940750122,0.9999303817749023
8.855183841660619e-05,0.48971349000930786,0.9999325275421143
8.433456969214603e-05,0.49101027846336365,0.9999344348907471
7.652251952094957e-05,0.4913010597229004,0.999937891960144
6.966292858123779e-05,0.49080801010131836,0.999940037727356
6.880452565383166e-05,0.4897921681404114,0.999940037727356
6.833556108176708e-05,0.4892568290233612,0.9999372959136963
6.903540634084493e-05,0.48896321654319763,0.999935507774353
7.228500908240676e-05,0.48855799436569214,0.9999327659606934
7.590490713482723e-05,0.48793694376945496,0.9999289512634277
8.160628203768283e-05,0.4878920912742615,0.9999270439147949
8.969601185526699e-05,0.48756158351898193,0.9999234676361084
9.844359738053754e-05,0.4867846369743347,0.9999194145202637
0.00010422675404697657,0.4867021143436432,0.9999175071716309
0.00011226557398913428,0.48703181743621826,0.9999164342880249
0.00011318267934257165,0.4875587522983551,0.9999188184738159
0.00011161338625242934,0.4886179268360138,0.9999244213104248
0.00011202464520465583,0.4891411364078522,0.9999269247055054
0.00010992843454005197,0.48974213004112244,0.9999300241470337
0.00011031140456907451,0.49108201265335083,0.9999328851699829
0.00010855736036319286,0.49262669682502747,0.9999351501464844
0.00010485367238288745,0.49388888478279114,0.9999387264251709
0.00010149656736757606,0.49445074796676636,0.9999439716339111
0.00010307026241207495,0.49481409788131714,0.9999464750289917
0.00010201170516666025,0.49547886848449707,0.9999474287033081
0.00010582046525087208,0.49608114361763,0.9999465942382812
0.00010718150588218123,0.4967106282711029,0.9999457597732544
0.00010643515997799113,0.4970168173313141,0.9999467134475708
0.00010620035754982382,0.4970034956932068,0.9999469518661499
0.00010353058314649388,0.49673885107040405,0.9999459981918335
0.00010225830919807777,0.49627676606178284,0.9999449253082275
0.00010331617522751912,0.4967532157897949,0.9999456405639648
0.0001019861301756464,0.4966851472854614,0.9999450445175171
0.00010347629722673446,0.4966488778591156,0.9999439716339111
0.00010364664922235534,0.49727654457092285,0.999945878982544
0.00010305995238013566,0.4967378079891205,0.9999470710754395
0.00010309356002835557,0.49588730931282043,0.9999483823776245
0.0001040995994117111,0.49567338824272156,0.9999468326568604
0.00010367955837864429,0.49580031633377075,0.9999469518661499
0.00010418431338621303,0.4960154891014099,0.9999474287033081
0.0001042213843902573,0.49610066413879395,0.9999477863311768
0.00010704730084398761,0.494932621717453,0.9999431371688843
0.00010933849989669397,0.4942692816257477,0.9999395608901978
0.00011012137838406488,0.49363023042678833,0.9999363422393799
0.00011274618736933917,0.49247196316719055,0.9999312162399292
0.00011001012899214402,0.49118202924728394,0.9999305009841919
0.00010781129822134972,0.4902052581310272,0.9999287128448486
0.00010813562403200194,0.4900875985622406,0.9999282360076904
0.00011027627624571323,0.49014371633529663,0.9999275207519531
0.00011111448839074001,0.4903152883052826,0.9999285936355591
0.00011332522262819111,0.4903898537158966,0.9999276399612427
0.00011248792725382373,0.4905989468097687,0.99992835521698
0.00011170889047207311,0.4906197190284729,0.9999289512634277
0.00011135292879771441,0.4908011257648468,0.9999297857284546
0.0001130181917687878,0.49093198776245117,0.99992835521698
0.00011399198410799727,0.491008996963501,0.9999270439147949
0.00011954965884797275,0.49110180139541626,0.9999240636825562
0.00012116823199903592,0.49101290106773376,0.9999234676361084
0.00012034790415782481,0.4909886121749878,0.9999228715896606
0.00012229837011545897,0.4907318651676178,0.9999195337295532
0.000122412369819358,0.4903905391693115,0.9999188184738159
0.00012527286889962852,0.48974254727363586,0.9999191761016846
0.00012835678353440017,0.489033579826355,0.9999185800552368
0.00013225544535089284,0.4884224236011505,0.9999173879623413
0.00013584837142843753,0.4881516098976135,0.9999159574508667
0.00014157689292915165,0.4880659878253937,0.9999133348464966
0.00014324416406452656,0.4878474473953247,0.9999122619628906
0.00014719269529450685,0.4876391291618347,0.999909520149231
0.0001527396379970014,0.48741018772125244,0.9999057054519653
0.00015602163330186158,0.48729297518730164,0.999903678894043
0.00015803879068698734,0.4872528314590454,0.999902606010437
0.00015683454694226384,0.48733508586883545,0.9999008178710938
0.00015418553084600717,0.4885900914669037,0.9998992681503296
0.0001472814183216542,0.489179402589798,0.9999001026153564
0.00013687337923329324,0.4878416061401367,0.999904990196228
0.0001284079480683431,0.4867183268070221,0.9999089241027832
0.00012217307812534273,0.4871791899204254,0.9999099969863892
0.00011555988021427765,0.4885922968387604,0.9999102354049683
0.00010950450814561918,0.48843106627464294,0.999911904335022
0.00010562549869064242,0.4889310598373413,0.9999122619628906
0.00010178967204410583,0.48914819955825806,0.9999126195907593
9.863472951110452e-05,0.48860153555870056,0.9999140501022339
9.58647215156816e-05,0.488633394241333,0.9999151229858398
9.385591692989692e-05,0.4889504015445709,0.9999163150787354
9.315206261817366e-05,0.48921725153923035,0.9999169111251831
9.189498814521357e-05,0.48955008387565613,0.9999178647994995
9.025551844388247e-05,0.49006566405296326,0.9999192953109741
8.863953553372994e-05,0.49043339490890503,0.9999203681945801
8.80241350387223e-05,0.490934282541275,0.9999207258224487
8.747763786232099e-05,0.491393506526947,0.9999207258224487
8.777786570135504e-05,0.4917503595352173,0.9999203681945801
8.7388587417081e-05,0.49182069301605225,0.9999203681945801
8.860962407197803e-05,0.49183017015457153,0.9999192953109741
9.150437836069614e-05,0.4918069839477539,0.9999170303344727
9.384115401189774e-05,0.49168670177459717,0.999915361404419
9.658290218794718e-05,0.4916612505912781,0.9999128580093384
9.935555863194168e-05,0.491497665643692,0.9999102354049683
0.00010189494787482545,0.49123144149780273,0.9999083280563354
0.00010435572767164558,0.49087557196617126,0.9999068975448608
0.00010656849917722866,0.4906656742095947,0.9999054670333862
0.0001072603408829309,0.4903598129749298,0.9999053478240967
0.00010804429621202871,0.4902074337005615,0.9999051094055176
0.00010914620361290872,0.4900541603565216,0.9999047517776489
0.00010906151874223724,0.48991042375564575,0.9999051094055176
0.00010890158591791987,0.489854633808136,0.9999052286148071
0.00010842825577128679,0.4897099435329437,0.9999058246612549
0.00010797292634379119,0.48967689275741577,0.9999061822891235
0.00010792979446705431,0.4895842969417572,0.9999064207077026
0.00010845017823157832,0.489636093378067,0.9999063014984131
0.0001080665533663705,0.4895287752151489,0.9999067783355713
0.00010828772064996883,0.4895572066307068,0.9999065399169922
0.00010897024185396731,0.4895784258842468,0.9999063014984131
0.00010840033792192116,0.48950397968292236,0.9999065399169922
0.0001076188127626665,0.4894575774669647,0.9999068975448608
0.00010704464511945844,0.48935800790786743,0.999907374382019
0.00010705730528570712,0.4893568456172943,0.9999074935913086
0.00010723968443926424,0.489339143037796,0.999907374382019
0.00010683426080504432,0.48932281136512756,0.9999076128005981
0.00010587304859654978,0.4892309308052063,0.9999082088470459
0.00010564211697783321,0.48924851417541504,0.9999082088470459
0.00010576215572655201,0.48920291662216187,0.999908447265625
0.00010525478137424216,0.4891550540924072,0.9999088048934937
0.00010489857959328219,0.48915013670921326,0.9999089241027832
0.00010532396117923781,0.4891093075275421,0.9999089241027832
0.00010573705367278308,0.48911306262016296,0.9999086856842041
0.00010611533070914447,0.4891396462917328,0.9999085664749146
0.00010575641499599442,0.48906436562538147,0.9999088048934937
0.0001060592767316848,0.4890824854373932,0.9999088048934937
0.00010587961878627539,0.4890548884868622,0.9999089241027832
0.00010562619718257338,0.48902422189712524,0.9999089241027832
0.00010536111949477345,0.4890506863594055,0.9999088048934937
0.00010578172805253416,0.489061564207077,0.9999086856842041
0.00010610257595544681,0.48907846212387085,0.9999085664749146
0.00010644165013218299,0.489126980304718,0.9999085664749146
0.00010649109754012898,0.48915791511535645,0.9999085664749146
0.00010579786612652242,0.48907315731048584,0.9999089241027832
0.00010618780652293935,0.48912322521209717,0.9999086856842041
0.00010590586316538975,0.48906323313713074,0.9999088048934937
0.00010632134217303246,0.48905089497566223,0.999908447265625
0.00010694374213926494,0.48908552527427673,0.9999083280563354
0.00010778672731248662,0.48910224437713623,0.9999080896377563
0.00010715513781178743,0.489073783159256,0.9999078512191772
0.00010811707034008577,0.4891560673713684,0.9999071359634399
0.00010821856267284602,0.4892057180404663,0.9999066591262817
0.00010744153405539691,0.4891207218170166,0.9999070167541504
0.00010791230306494981,0.4892106056213379,0.9999066591262817
0.00010826356447068974,0.4891609847545624,0.9999061822891235
0.00010885403025895357,0.4892085790634155,0.9999054670333862
0.00010939095955109224,0.4893246591091156,0.9999047517776489
0.00010987122368533164,0.489315390586853,0.9999040365219116
0.00010909022967098281,0.48924440145492554,0.9999043941497803
0.00010915151506196707,0.48921096324920654,0.9999047517776489
0.00010798641596920788,0.48906755447387695,0.9999055862426758
0.00010748303611762822,0.48900455236434937,0.999906063079834
0.00010772847599582747,0.4890271723270416,0.9999059438705444
0.00010718998964875937,0.4889222979545593,0.9999063014984131
0.00010698811092879623,0.48893260955810547,0.9999067783355713
0.00010740444849943742,0.48895591497421265,0.9999068975448608
0.00010577768989605829,0.4888325035572052,0.9999083280563354
0.00010394744458608329,0.4887988865375519,0.9999098777770996
0.00010303636372555047,0.4888085722923279,0.9999104738235474
0.00010239589755656198,0.4888022840023041,0.999910831451416
0.00010273615043843165,0.4888508915901184,0.9999107122421265
0.00010266544268233702,0.4888593256473541,0.999910831451416
0.00010237646347377449,0.4888656437397003,0.999910831451416
0.00010243993165204301,0.4889177978038788,0.9999109506607056
0.0001019053379422985,0.4888474643230438,0.9999113082885742
0.0001004893274512142,0.48876869678497314,0.9999120235443115
0.00010190057219006121,0.4888564646244049,0.9999113082885742
0.00010281288268743083,0.4888235330581665,0.9999105930328369
0.00010357580322306603,0.48882290720939636,0.9999101161956787
0.00010408948583062738,0.48885414004325867,0.9999097585678101
0.00010341128654545173,0.48881471157073975,0.9999099969863892
0.00010401297913631424,0.48887738585472107,0.9999096393585205
0.00010441365884616971,0.48887500166893005,0.999909520149231
0.00010416216537123546,0.48889806866645813,0.9999094009399414
0.00010479740012669936,0.4889979958534241,0.9999089241027832
0.00010522688535274938,0.4890374541282654,0.9999086856842041
0.00010486157407285646,0.4890413284301758,0.9999085664749146
0.0001050653590937145,0.4890807867050171,0.9999083280563354
0.0001049105849233456,0.4890579879283905,0.9999083280563354
0.00010470060806255788,0.48902571201324463,0.9999085664749146
0.00010484927770448849,0.4890236556529999,0.9999085664749146
0.00010395993012934923,0.48895740509033203,0.9999090433120728
0.00010383391781942919,0.4889807105064392,0.9999090433120728
0.00010373711847933009,0.48895102739334106,0.9999092817306519
0.00010320845467504114,0.48892223834991455,0.999909520149231
0.00010321800073143095,0.4889434278011322,0.999909520149231
0.0001030455096042715,0.4889039993286133,0.9999097585678101
0.00010284240852342919,0.4888639450073242,0.9999098777770996
0.00010326781921321526,0.48893415927886963,0.9999096393585205
0.00010346524504711851,0.4888968765735626,0.999909520149231
0.00010356859274907038,0.48893335461616516,0.9999094009399414
0.00010431484406581149,0.48897120356559753,0.9999089241027832
0.00010383232438471168,0.4889237880706787,0.9999089241027832
0.00010332751116948202,0.48884934186935425,0.9999090433120728
0.00010379352170275524,0.48884284496307373,0.9999089241027832
0.0001038307455019094,0.4888003170490265,0.9999090433120728
0.00010368569201091304,0.4888158440589905,0.9999090433120728
0.0001037230686051771,0.4888193905353546,0.9999092817306519
0.00010374859994044527,0.48877015709877014,0.9999092817306519
0.00010360248415963724,0.48880207538604736,0.9999094009399414
0.00010348143405281007,0.4887778162956238,0.9999096393585205
0.00010324063623556867,0.4887450039386749,0.9999099969863892
0.00010339719301555306,0.4887268841266632,0.9999101161956787
0.00010414944699732587,0.48886507749557495,0.9999097585678101
0.000104031729279086,0.48887231945991516,0.9999098777770996
0.00010437484161229804,0.48897919058799744,0.9999096393585205
0.00010433135321363807,0.48880913853645325,0.9999098777770996
0.00010435901640448719,0.4886164367198944,0.9999101161956787
0.00010418133751954883,0.4887358248233795,0.9999101161956787
0.00010465759260114282,0.48880746960639954,0.9999098777770996
0.00010477352043380961,0.4888233244419098,0.9999096393585205
0.00010457399184815586,0.48890286684036255,0.9999096393585205
0.00010481538629392162,0.48903778195381165,0.9999092817306519
0.000104967322840821,0.4890633821487427,0.9999090433120728
0.00010511416621739045,0.489080548286438,0.9999089241027832
0.00010532335727475584,0.48909232020378113,0.9999089241027832
0.00010583187395241112,0.4890446364879608,0.9999089241027832
0.000106051993498113,0.489008367061615,0.9999089241027832
0.00010603764530969784,0.4890713691711426,0.9999088048934937
0.00010636789374984801,0.489111065864563,0.9999089241027832
0.00010692181240301579,0.4890432059764862,0.9999089241027832
0.00010784163168864325,0.48911088705062866,0.999908447265625
0.00010825179924722761,0.4892132580280304,0.9999083280563354
0.00010875162843149155,0.48928138613700867,0.9999079704284668
0.0001087827404262498,0.4892413914203644,0.9999079704284668
0.00010842887422768399,0.48924383521080017,0.9999078512191772
0.0001084029208868742,0.4892563819885254,0.9999076128005981
0.00010790849046315998,0.48925861716270447,0.9999078512191772
0.00010751429363153875,0.48925262689590454,0.9999079704284668
0.00010656779340934008,0.48922455310821533,0.9999083280563354
0.00010541338997427374,0.4891827702522278,0.9999091625213623
0.00010451916023157537,0.48914483189582825,0.9999097585678101
0.00010438131721457466,0.48909446597099304,0.9999101161956787
0.00010366987407905981,0.4890693724155426,0.9999107122421265
0.00010321583977201954,0.4890349507331848,0.9999111890792847
0.00010315109830116853,0.4890204668045044,0.9999111890792847
0.0001027541802613996,0.48898613452911377,0.9999115467071533
0.00010314863175153732,0.48896297812461853,0.9999114274978638
0.00010341533197788522,0.48893997073173523,0.9999113082885742
0.00010396707511972636,0.48902198672294617,0.999910831451416
0.00010449513501953334,0.4889683425426483,0.9999101161956787
0.00010433592979097739,0.4887136220932007,0.9999101161956787
0.00010389215458417311,0.4887373149394989,0.9999099969863892
0.00010421988554298878,0.4891176223754883,0.9999092817306519
0.00010421720071462914,0.4890297055244446,0.9999092817306519
0.00010403549822513014,0.48885050415992737,0.999909520149231
0.0001041320720105432,0.48885369300842285,0.9999092817306519
0.00010325136827304959,0.4888182580471039,0.999909520149231
0.00010272008512401953,0.4887823462486267,0.9999097585678101
0.00010228005703538656,0.4887211322784424,0.9999099969863892
0.00010158003715332597,0.48863187432289124,0.9999103546142578
0.00010189037129748613,0.4886971712112427,0.9999102354049683
0.00010222096898360178,0.4887230098247528,0.9999099969863892
0.0001024504890665412,0.4887571930885315,0.9999097585678101
0.0001022177457343787,0.48871949315071106,0.9999098777770996
0.00010144712723558769,0.48869216442108154,0.9999102354049683
0.00010137759818462655,0.488621324300766,0.9999102354049683
0.00010181238758377731,0.4886661767959595,0.9999099969863892
0.00010229370673187077,0.48870450258255005,0.9999096393585205
0.00010222448327112943,0.4887492060661316,0.999909520149231
0.00010322774323867634,0.488841712474823,0.9999086856842041
0.00010320964065613225,0.4888731837272644,0.9999085664749146
0.00010305061005055904,0.48894715309143066,0.9999082088470459
0.00010296683467458934,0.48892298340797424,0.9999080896377563
0.00010409603419248015,0.48911866545677185,0.9999072551727295
0.00010598123481031507,0.4892982244491577,0.9999061822891235
0.00010658080282155424,0.4895411729812622,0.9999057054519653
0.00010746212501544505,0.4898233115673065,0.9999053478240967
0.0001081900845747441,0.49014270305633545,0.9999053478240967
0.000225314506678842,0.4989452660083771,0.0003036914858967066
0.00023122297716327012,0.4994693696498871,0.000263373862253502
0.0002338667691219598,0.5001484751701355,0.00022880863980390131
0.00023928520386107266,0.5007089376449585,0.00019706718740053475
0.0002449954336043447,0.5011383295059204,0.00016842295008245856
0.014665846712887287,0.5022315382957458,3.677809945656918e-05
0.08251594007015228,0.5022812485694885,2.8926413506269455e-05
0.11204930394887924,0.5017199516296387,2.8942140488652512e-05
0.11995578557252884,0.5013710260391235,2.647556539159268e-05
0.11988038569688797,0.5010212659835815,2.727067840169184e-05
0.11902623623609543,0.5006606578826904,2.8198797735967673e-05
0.11859597265720367,0.5002774000167847,2.893027340178378e-05
0.11818397790193558,0.49978479743003845,2.9553881176980212e-05
0.11769161373376846,0.49940621852874756,3.0380477255675942e-05
0.11764182895421982,0.4989672899246216,3.089094752795063e-05
0.11803997308015823,0.49892616271972656,3.148476025671698e-05
0.11845839768648148,0.49890875816345215,3.153446232317947e-05
0.13122603297233582,0.498999685049057,3.3941010769922286e-05
0.14400134980678558,0.4992145597934723,3.718390507856384e-05
0.14931920170783997,0.49933770298957825,3.8682122976752e-05
0.15341906249523163,0.4993225038051605,3.915876368409954e-05
0.15418682992458344,0.49918487668037415,3.912576357834041e-05
0.1541886180639267,0.4989740550518036,3.9294442103710026e-05
0.15413826704025269,0.49891528487205505,3.976622247137129e-05
0.15391162037849426,0.49893060326576233,3.954001294914633e-05
0.161579430103302,0.4987405240535736,4.062148946104571e-05
0.16632957756519318,0.49875226616859436,4.16973780374974e-05
0.171085923910141,0.4987117052078247,4.1886847611749545e-05
0.17360159754753113,0.4987051784992218,4.155043279752135e-05
0.17624321579933167,0.49861931800842285,4.105729385628365e-05
0.17896395921707153,0.49859586358070374,4.169316525803879e-05
0.18362966179847717,0.498667448759079,4.36783921031747e-05
0.18329189717769623,0.49887925386428833,4.45288787886966e-05
0.18309825658798218,0.49899351596832275,4.478439223021269e-05
0.18381743133068085,0.49924689531326294,4.6207260311348364e-05
0.18634723126888275,0.4996093511581421,4.8154597607208416e-05
0.18883778154850006,0.5003311634063721,4.957095006830059e-05
0.18853136897087097,0.5017093420028687,5.045897341915406e-05
0.19333483278751373,0.5018378496170044,5.224046253715642e-05
0.20776057243347168,0.501875638961792,5.82913780817762e-05
0.20743997395038605,0.5019333958625793,5.9582140238489956e-05
0.20719541609287262,0.5019420385360718,6.0408161516534165e-05
0.20689129829406738,0.5019442439079285,6.074668272049166e-05
0.20656736195087433,0.5017423629760742,6.0624690377153456e-05
0.20629143714904785,0.501613974571228,6.0588739870581776e-05
0.20607367157936096,0.5014768242835999,6.0714482970070094e-05
0.20585043728351593,0.5015626549720764,6.102595943957567e-05
0.20530866086483002,0.5014182329177856,5.999881977913901e-05
0.20573842525482178,0.5016250014305115,6.081055471440777e-05
0.20848238468170166,0.5018129348754883,6.219694478204474e-05
0.20817317068576813,0.501392126083374,6.149441469460726e-05
0.20781560242176056,0.501092255115509,6.085574204917066e-05
0.20769676566123962,0.5009185075759888,6.063075488782488e-05
0.2087707221508026,0.5008711814880371,6.171036511659622e-05
0.20893971621990204,0.5008485317230225,6.141096673673019e-05
0.20919151604175568,0.501427173614502,6.157498137326911e-05
0.20949606597423553,0.5019475221633911,6.187063991092145e-05
0.2100473940372467,0.5021688938140869,6.268765719141811e-05
0.2105838656425476,0.5023589730262756,6.185523670865223e-05
0.21073822677135468,0.5028203725814819,6.066656351322308e-05
0.21099267899990082,0.5034027099609375,6.0654874687315896e-05
0.21223855018615723,0.5035574436187744,6.132792623247951e-05
0.214106485247612,0.5033265948295593,6.150702392915264e-05
0.214869424700737,0.5039337873458862,6.235818000277504e-05
0.21453428268432617,0.5048713088035583,6.314471829682589e-05
0.21401357650756836,0.503875732421875,6.308164302026853e-05
0.21380603313446045,0.5030117630958557,6.278936780290678e-05
0.2135881930589676,0.5030178427696228,6.249033322092146e-05
0.21277537941932678,0.5032447576522827,6.30783979431726e-05
0.21254408359527588,0.5035451054573059,6.460952135967091e-05
0.21258626878261566,0.5037370324134827,6.521216710098088e-05
0.21270619332790375,0.5036607384681702,6.501843017758802e-05
0.21296244859695435,0.5041011571884155,6.684452819172293e-05
0.21283000707626343,0.5040969252586365,6.703405233565718e-05
0.2126806676387787,0.5035945177078247,6.737672083545476e-05
0.21231955289840698,0.5035983920097351,6.747715815436095e-05
0.21159859001636505,0.5033223032951355,6.735797069268301e-05
0.2107890397310257,0.5030443072319031,6.861582369310781e-05
0.21076273918151855,0.5027323365211487,6.818414840381593e-05
0.21031539142131805,0.5023009777069092,6.761152326362208e-05
0.20917756855487823,0.5019209980964661,6.710241723340005e-05
0.20749865472316742,0.5016467571258545,6.715094059472904e-05
0.20635907351970673,0.5009288787841797,6.555271829711273e-05
0.2056085616350174,0.4997744858264923,6.289321754593402e-05
0.20505544543266296,0.4994233250617981,6.066366404411383e-05
0.20465461909770966,0.49900421500205994,6.0503516579046845e-05
0.20472702383995056,0.49884331226348877,6.0277252487139776e-05
0.20435261726379395,0.49886852502822876,5.961698116152547e-05
0.20377887785434723,0.4987606108188629,6.0222038882784545e-05
0.2036122828722,0.49833235144615173,6.055015546735376e-05
0.20336157083511353,0.49855899810791016,6.07545007369481e-05
0.2051859200000763,0.4986773729324341,6.147993553895503e-05
0.20547892153263092,0.4984118342399597,6.21922590653412e-05
0.20562052726745605,0.4991595447063446,6.351201591314748e-05
0.20545975863933563,0.49957209825515747,6.477435090346262e-05
0.20590153336524963,0.5002994537353516,6.460526492446661e-05
0.2058609426021576,0.5005526542663574,6.410418427549303e-05
0.20640909671783447,0.5005746483802795,6.397788820322603e-05
0.21373504400253296,0.5011377334594727,6.691110320389271e-05
0.21437686681747437,0.5016939043998718,6.75232513458468e-05
0.2151293009519577,0.5020802617073059,6.72869646223262e-05
0.21633537113666534,0.5018153786659241,6.738449883414432e-05
0.2163248360157013,0.5017743110656738,6.658521306235343e-05
0.21609319746494293,0.5012112259864807,6.604295049328357e-05
0.2159346342086792,0.5011618733406067,6.513528933282942e-05
0.2157648354768753,0.5010656118392944,6.45255931885913e-05
0.21551594138145447,0.5019554495811462,6.548711098730564e-05
0.21558566391468048,0.5021333694458008,6.38122801319696e-05
0.21583294868469238,0.502240777015686,6.230314465938136e-05
0.21532440185546875,0.5021551251411438,6.1016362451482564e-05
0.2151719182729721,0.5021502375602722,6.102595943957567e-05
0.21549995243549347,0.5025113821029663,5.9403548220871016e-05
0.21604444086551666,0.5028448104858398,5.7485143770463765e-05
0.21627673506736755,0.5034598708152771,5.729960685130209e-05
0.21673651039600372,0.5040098428726196,5.768294067820534e-05
0.21732904016971588,0.5039114952087402,5.7054683566093445e-05
0.21814177930355072,0.5037820339202881,5.754969970439561e-05
0.21843285858631134,0.505114734172821,6.017129271640442e-05
0.21908585727214813,0.5060796737670898,6.090236274758354e-05
0.21929918229579926,0.5066242814064026,6.16650067968294e-05
0.21914152801036835,0.506775438785553,6.206073157954961e-05
0.2185533195734024,0.5065701603889465,6.414154631784186e-05
0.21826548874378204,0.5063011646270752,6.65219995426014e-05
0.2184126377105713,0.5056988596916199,6.753445632057264e-05
0.2180974781513214,0.5050843954086304,6.711854803143069e-05
0.21778079867362976,0.5049561262130737,6.825310993008316e-05
0.21795086562633514,0.504921555519104,6.856617255834863e-05
0.21761055290699005,0.5033955574035645,6.719936936860904e-05
0.21720148622989655,0.5021119713783264,6.669820140814409e-05
0.21753348410129547,0.5014445185661316,6.558561290148646e-05
0.21819518506526947,0.5017811059951782,6.432494410546497e-05
0.21846839785575867,0.5024446249008179,6.297027721302584e-05
0.21842080354690552,0.5046533942222595,6.178933108458295e-05
0.2187919169664383,0.5056692361831665,6.082481559133157e-05
0.2192501723766327,0.5051074028015137,6.094192576711066e-05
0.21960745751857758,0.5043758153915405,6.093716001487337e-05
0.2187296599149704,0.5032162666320801,5.999201675876975e-05
0.21906007826328278,0.5029637813568115,6.048863360774703e-05
0.21868900954723358,0.5027391910552979,6.0927046433789656e-05
0.21840015053749084,0.5028892159461975,6.221705552889034e-05
0.2181483507156372,0.5029041171073914,6.381970888469368e-05
0.218170166015625,0.5028097629547119,6.47860870230943e-05
0.2179209440946579,0.5016593933105469,6.652942101936787e-05
0.21742087602615356,0.501147985458374,6.819845293648541e-05
0.21705226600170135,0.5011294484138489,7.050856947898865e-05
0.2157641500234604,0.5017246007919312,7.30170140741393e-05
0.21534912288188934,0.5028373003005981,7.430362165905535e-05
0.2141616940498352,0.503088116645813,7.547256245743483e-05
0.2133314162492752,0.5030370354652405,7.7465309004765e-05
0.21184881031513214,0.5027651190757751,7.749006181256846e-05
0.21042318642139435,0.5022088289260864,7.618089875904843e-05
0.2090209573507309,0.5017781853675842,7.667166937608272e-05
0.2087177336215973,0.501383364200592,7.648224709555507e-05
0.20867179334163666,0.5007911920547485,7.572387403342873e-05
0.20890772342681885,0.4999912977218628,7.395921420538798e-05
0.20956440269947052,0.49912479519844055,7.082036609062925e-05
0.21018703281879425,0.49856966733932495,6.829125777585432e-05
0.2111387848854065,0.49804064631462097,6.606997339986265e-05
0.2117118537425995,0.49754035472869873,6.464297621278092e-05
0.21284207701683044,0.4972650110721588,6.488835788331926e-05
0.21359097957611084,0.49784165620803833,6.72416717861779e-05
0.21420450508594513,0.4985337555408478,6.834833038737997e-05
0.21425439417362213,0.4993639290332794,7.045849633868784e-05
0.21404311060905457,0.500423014163971,7.259102130774409e-05
0.21360015869140625,0.5005055069923401,7.50874969526194e-05
0.21320250630378723,0.5010322332382202,7.912755972938612e-05
0.2123366892337799,0.5010108351707458,8.312059071613476e-05
0.2117159217596054,0.501163125038147,8.684735803399235e-05
0.21180246770381927,0.5014128684997559,8.826654811855406e-05
0.21191179752349854,0.5016507506370544,8.716138108866289e-05
0.21146340668201447,0.5014573931694031,8.513345528626814e-05
0.21124720573425293,0.5013671517372131,8.273413550341502e-05
0.21142853796482086,0.5018010139465332,7.929909770609811e-05
0.21152326464653015,0.5017576217651367,7.625212310813367e-05
0.21182146668434143,0.5017179846763611,7.273070514202118e-05
0.2118992954492569,0.5014728307723999,7.122103124856949e-05
0.21308869123458862,0.5018085837364197,6.948088412173092e-05
0.21386955678462982,0.5031032562255859,6.914312689332291e-05
0.21422436833381653,0.5037226676940918,6.884238973725587e-05
0.21464399993419647,0.5040270090103149,6.854676030343398e-05
0.21570047736167908,0.5045218467712402,6.860848952783272e-05
0.21627292037010193,0.5052295327186584,6.879468128317967e-05
0.21588170528411865,0.5049213767051697,6.996404408710077e-05
0.21553702652454376,0.5057185888290405,6.960926839383319e-05
0.21528774499893188,0.5066714882850647,7.077735790517181e-05
0.2160276621580124,0.5081929564476013,6.912236131029204e-05
0.2162935733795166,0.5087717175483704,6.875474355183542e-05
0.2167104184627533,0.5081624984741211,6.812896754126996e-05
0.21700794994831085,0.5083701610565186,6.88584113959223e-05
0.2171785831451416,0.5084521770477295,6.993155693635345e-05
0.20939315855503082,0.5082406997680664,6.712033791700378e-05
0.205404132604599,0.5079293847084045,6.57697455608286e-05
0.20165741443634033,0.5076314806938171,6.362440035445616e-05
0.2028888761997223,0.5065723657608032,6.539843161590397e-05
0.19476109743118286,0.505836546421051,6.285430572461337e-05
0.18614095449447632,0.5044025182723999,6.017347186570987e-05
0.18465472757816315,0.5037444829940796,5.9872276324313134e-05
0.17580488324165344,0.5035614371299744,5.62789682589937e-05
0.1761050522327423,0.5029167532920837,5.5605676607228816e-05
0.15191365778446198,0.5035623908042908,4.7654237278038636e-05
0.13655146956443787,0.5040257573127747,4.303357854951173e-05
0.1238543838262558,0.5043076276779175,3.925174678443e-05
0.12459976226091385,0.5046610832214355,3.8520411180797964e-05
0.10858368128538132,0.5054700970649719,3.475899575278163e-05
0.1082502081990242,0.5053597688674927,3.4042473998852074e-05
0.10863140970468521,0.5057610273361206,3.3738768252078444e-05
0.1083095520734787,0.5055345296859741,3.300010212115012e-05
0.10857059806585312,0.5060253143310547,3.153882425976917e-05
0.10920101404190063,0.5053642988204956,3.0506213079206645e-05
0.10978390276432037,0.504943311214447,3.013885725522414e-05
0.10969151556491852,0.5052672624588013,2.931273957074154e-05
0.109687939286232,0.505251407623291,2.884619425458368e-05
0.10928598046302795,0.5053337812423706,2.8316344469203614e-05
0.10906778275966644,0.5052316188812256,2.7689553462550975e-05
0.10878351330757141,0.5050895810127258,2.662378210516181e-05
0.10874172300100327,0.505258321762085,2.550811223045457e-05
0.10846880823373795,0.5057150721549988,2.4952210878836922e-05
0.1083965077996254,0.5061873197555542,2.4842422135407105e-05
0.10834898054599762,0.5068458318710327,2.5116369215538725e-05
0.10798567533493042,0.5069474577903748,2.500185109965969e-05
0.10805930942296982,0.5066083073616028,2.54145579674514e-05
0.09640966355800629,0.506260871887207,2.4226312234532088e-05
0.08956629037857056,0.5061174035072327,2.3673746909480542e-05
0.0750783309340477,0.5057992339134216,2.236972068203613e-05
0.07562147825956345,0.5053504109382629,2.2468626411864534e-05
0.06500566005706787,0.5047551393508911,2.113280788762495e-05
0.06376409530639648,0.503889262676239,2.0761754058185034e-05
0.06338480859994888,0.5032898783683777,2.0383351511554793e-05
0.06372874975204468,0.5023574829101562,1.9910858100047335e-05
0.06440585106611252,0.5016425251960754,1.9506882381392643e-05
0.06490322202444077,0.5012539625167847,1.929559039126616e-05
0.06551989912986755,0.49984031915664673,1.9091319700237364e-05
0.06593646109104156,0.4983939528465271,1.8984366761287674e-05
0.0662594586610794,0.49806180596351624,1.88038593478268e-05
0.0664738193154335,0.4979429543018341,1.893242369988002e-05
0.06659141927957535,0.4989316761493683,1.9549604985513724e-05
0.06674044579267502,0.49964210391044617,1.9872804841725156e-05
0.06728850305080414,0.5000954270362854,2.053798561973963e-05
0.06787087023258209,0.5003340244293213,2.1025041860411875e-05
0.06831194460391998,0.5007147192955017,2.1505178665393032e-05
0.06860790401697159,0.5014366507530212,2.1882464352529496e-05
0.06888123601675034,0.501776933670044,2.2463955247076228e-05
0.06908921897411346,0.5023335814476013,2.3189224521047436e-05
0.06932555139064789,0.5026277899742126,2.394877992628608e-05
0.06921607255935669,0.5042281746864319,2.3925062123453245e-05
0.06862896680831909,0.5053777694702148,2.2772877855459228e-05
0.06796614080667496,0.5063899159431458,2.1495214241440408e-05
0.06650634109973907,0.5061784982681274,1.9725433958228678e-05
0.06519296020269394,0.5069766044616699,1.796238575479947e-05
0.06416523456573486,0.5079984664916992,1.7171516446978785e-05
0.06269015371799469,0.5077794790267944,1.6387251889682375e-05
0.061154451221227646,0.5081983208656311,1.5313235053326935e-05
0.06551472097635269,0.5084089040756226,1.4713940799992997e-05
0.0706355944275856,0.5080028176307678,1.4377608749782667e-05
0.07147016376256943,0.5079818367958069,1.391474506817758e-05
0.07104096561670303,0.5068760514259338,1.3954838323115837e-05
0.07083110511302948,0.5057179927825928,1.4357508007378783e-05
0.07113067060709,0.5060352683067322,1.4838735296507366e-05
0.07407752424478531,0.5055358409881592,1.5813673599041067e-05
0.07412900030612946,0.5047104358673096,1.5676134353270754e-05
0.07473104447126389,0.505195140838623,1.5706960766692646e-05
0.07484611123800278,0.5049759149551392,1.576866088726092e-05
0.07505429536104202,0.5043312311172485,1.5921990780043416e-05
0.07632303237915039,0.5043577551841736,1.586351754667703e-05
0.07601024955511093,0.5041476488113403,1.5554411220364273e-05
0.07600921392440796,0.504810094833374,1.5490550140384585e-05
0.07606528699398041,0.5054410099983215,1.5106139471754432e-05
0.0764414444565773,0.5040501356124878,1.498461097071413e-05
0.07655806094408035,0.5036189556121826,1.4851789273961913e-05
0.07682893425226212,0.5033772587776184,1.5222032743622549e-05
0.07706994563341141,0.5029503703117371,1.5538456864305772e-05
0.07777063548564911,0.5031785368919373,1.5759474990773015e-05
0.07787387073040009,0.5034976601600647,1.567048457218334e-05
0.07808386534452438,0.5042168498039246,1.6013265849323943e-05
0.07875562459230423,0.5044068694114685,1.672840880928561e-05
0.07901643961668015,0.5041099786758423,1.7194915926666e-05
0.07899683713912964,0.502949595451355,1.7513577404315583e-05
0.07874508947134018,0.5017507672309875,1.7767992176231928e-05
0.07895830273628235,0.5005537271499634,1.8002514480031095e-05
0.07864625006914139,0.5002493262290955,1.7808943084673956e-05
0.07811105251312256,0.49999910593032837,1.7445849152863957e-05
0.07752034813165665,0.4996907114982605,1.743804750731215e-05
0.0775008499622345,0.4991711974143982,1.756192978064064e-05
0.07775431871414185,0.49839937686920166,1.7826003386289813e-05
0.07798773795366287,0.4983915686607361,1.8164968423661776e-05
0.07816879451274872,0.4985831081867218,1.8132135664927773e-05
0.07802706956863403,0.49949339032173157,1.8055901819025166e-05
0.07805750519037247,0.5000491142272949,1.7907312212628312e-05
0.07784617692232132,0.4996914267539978,1.7880673112813383e-05
0.0790654718875885,0.5006385445594788,1.8083059330820106e-05
0.07971642911434174,0.5011973977088928,1.7917578588821925e-05
0.07998482137918472,0.5013112425804138,1.7846483387984335e-05
0.07935906201601028,0.5015366673469543,1.733602402964607e-05
0.07866138219833374,0.5023602843284607,1.6369569493690506e-05
0.07914765179157257,0.5026134848594666,1.578510637045838e-05
0.07830386608839035,0.5024059414863586,1.5554011042695493e-05
0.07771695405244827,0.5032755732536316,1.4963819012336899e-05
0.07687832415103912,0.5043392181396484,1.4398230632650666e-05
0.0769876018166542,0.50580233335495,1.3794905498798471e-05
0.0785956159234047,0.5069104433059692,1.3872848285245709e-05
0.0853155106306076,0.5068942308425903,1.4600635040551424e-05
0.09418316930532455,0.5078774094581604,1.5222423826344311e-05
0.09417150169610977,0.508634626865387,1.580642128828913e-05
0.11356152594089508,0.5090221166610718,1.8009726773016155e-05
0.11693309247493744,0.5094217658042908,1.833645728765987e-05
0.11649436503648758,0.5099570751190186,1.8441167412674986e-05
0.11870919167995453,0.5096196532249451,1.958774919330608e-05
0.12151657789945602,0.5093926787376404,2.128782944055274e-05
0.1288977563381195,0.5094851851463318,2.3791593775968067e-05
0.12914907932281494,0.5088884830474854,2.459673851262778e-05
0.13120754063129425,0.5089551210403442,2.5859562811092474e-05
0.1323658525943756,0.5083099007606506,2.686065090529155e-05
0.13307170569896698,0.5087370276451111,2.7284151656203903e-05
0.13843956589698792,0.5082759261131287,2.9195734896347858e-05
0.14165769517421722,0.5087326765060425,3.150335396640003e-05
0.14541290700435638,0.5084264874458313,3.281181852798909e-05
0.14916644990444183,0.5086977481842041,3.417108018766157e-05
0.15264379978179932,0.5091248154640198,3.5446759284241125e-05
0.16499550640583038,0.508708655834198,3.888688297593035e-05
0.17432940006256104,0.5077823996543884,4.177316077402793e-05
0.17410223186016083,0.5071132183074951,4.2185172787867486e-05
0.17536526918411255,0.5063527822494507,4.3924927012994885e-05
0.1752055585384369,0.505615234375,4.4339889427646995e-05
0.17491468787193298,0.50514155626297,4.418080789037049e-05
0.1746566891670227,0.5046278834342957,4.3816988181788474e-05
0.17481178045272827,0.5049116611480713,4.464955418370664e-05
0.17461159825325012,0.5044404864311218,4.5834178308723494e-05
0.17491447925567627,0.5039463043212891,4.5781191147398204e-05
0.1754516363143921,0.5046648383140564,4.6370052587008104e-05
0.1758284568786621,0.5050272941589355,4.741968950838782e-05
0.17661619186401367,0.5054389834403992,4.7981509851524606e-05
0.1775520145893097,0.5057845711708069,4.8895119107328355e-05
0.17803750932216644,0.5059335231781006,5.003453043173067e-05
0.1784946769475937,0.5061682462692261,5.1537372200982645e-05
0.17880365252494812,0.5069304704666138,5.3138937801122665e-05
0.17929396033287048,0.5071695446968079,5.476880687638186e-05
0.17910315096378326,0.5073592662811279,5.530840644496493e-05
0.17879129946231842,0.5073022246360779,5.493278877111152e-05
0.17863766849040985,0.5061836242675781,5.4493837524205446e-05
0.17838060855865479,0.5056730508804321,5.466960647027008e-05
0.1786598265171051,0.505215585231781,5.507277819560841e-05
0.1787927746772766,0.5049629211425781,5.48125353816431e-05
0.1788346916437149,0.5042835474014282,5.552544826059602e-05
0.17904560267925262,0.5037376284599304,5.6787779612932354e-05
0.17952336370944977,0.5030722618103027,5.8382502174936235e-05
0.1799391210079193,0.5023787617683411,5.660152964992449e-05
0.18103334307670593,0.5020488500595093,5.555336247198284e-05
0.18173149228096008,0.5016679167747498,5.7342629588674754e-05
0.18232691287994385,0.5018477439880371,5.951399725745432e-05
0.18302316963672638,0.5020243525505066,5.942065763520077e-05
0.1830504685640335,0.5023285746574402,5.97712496528402e-05
0.18348191678524017,0.5026265978813171,6.120826583355665e-05
0.1841043382883072,0.5024190545082092,6.177159229991958e-05
0.18455830216407776,0.5022960305213928,6.10636780038476e-05
0.18485841155052185,0.5023593902587891,6.132973066996783e-05
0.17555877566337585,0.5028016567230225,6.025800030329265e-05
0.17550502717494965,0.5033348798751831,6.189418490976095e-05
0.1569492220878601,0.5033732652664185,5.541484279092401e-05
0.14760640263557434,0.5034124255180359,5.0871294661192223e-05
0.13270390033721924,0.5036554336547852,4.770998566527851e-05
0.13248533010482788,0.5035732984542847,4.873191210208461e-05
0.1270701289176941,0.5026224851608276,4.693143637268804e-05
0.12360338866710663,0.5026511549949646,4.5931534259580076e-05
0.11233247071504593,0.5026879906654358,4.392840128275566e-05
0.10434377938508987,0.5028035044670105,4.193120912532322e-05
0.10471535474061966,0.5026326775550842,4.0984723455039784e-05
0.09081698954105377,0.5022780895233154,3.939090311178006e-05
0.09086865931749344,0.5022501945495605,3.988072057836689e-05
0.09075232595205307,0.5021287798881531,4.052653821418062e-05
0.0908268541097641,0.502114474773407,3.967458906117827e-05
0.09131892770528793,0.5019172430038452,3.863629899569787e-05
0.09169448912143707,0.5018932819366455,3.808839392149821e-05
0.09211178869009018,0.5011232495307922,3.7508856621570885e-05
0.09256061911582947,0.5006487369537354,3.6866520531475544e-05
0.09224393963813782,0.5010142922401428,3.5706234484678134e-05
0.09210795909166336,0.5021623969078064,3.552130874595605e-05
0.0913950502872467,0.5021016001701355,3.410935096326284e-05
0.08223897218704224,0.5029088258743286,3.162734356010333e-05
0.08233259618282318,0.5030316114425659,3.0841056286590174e-05
0.07474980503320694,0.503383994102478,2.9590795747935772e-05
0.07495785504579544,0.5034071207046509,2.949387999251485e-05
0.07170379161834717,0.503196120262146,2.9126824301783927e-05
0.0710788369178772,0.5033529996871948,2.8747113901772536e-05
0.06288380920886993,0.5037111043930054,2.6995237931259908e-05
0.0625823587179184,0.5032817721366882,2.6536054065218195e-05
0.062203045934438705,0.5033671855926514,2.6360456104157493e-05
0.060016781091690063,0.5034915804862976,2.6361360141891055e-05
0.06002512946724892,0.5035236477851868,2.6387418984086253e-05
0.06001858040690422,0.5036438703536987,2.63295787590323e-05
0.060135651379823685,0.503538966178894,2.590265648905188e-05
0.060448821634054184,0.5034953951835632,2.501625567674637e-05
0.060487374663352966,0.503109872341156,2.4101460439851508e-05
0.060566194355487823,0.5029019117355347,2.4342338292626664e-05
0.06153456121683121,0.5022670030593872,2.5300681954831816e-05
0.06122897192835808,0.5025809407234192,2.5788391212699935e-05
0.06106920167803764,0.502675473690033,2.572310586401727e-05
0.06102051958441734,0.5030730962753296,2.5162014935631305e-05
0.06108251214027405,0.5031371116638184,2.4744747861404903e-05
0.06599899381399155,0.5027394890785217,2.5051398552022874e-05
0.06614069640636444,0.5030019283294678,2.4870892957551405e-05
0.0666886642575264,0.5031209588050842,2.5118668418144807e-05
0.06718303263187408,0.5031088590621948,2.515256346669048e-05
0.06766579300165176,0.5024661421775818,2.472861342539545e-05
0.06773404031991959,0.5025795698165894,2.401592610112857e-05
0.06792929023504257,0.502361536026001,2.3761484044371173e-05
0.06831396371126175,0.5024182796478271,2.4363424017792568e-05
0.06866403669118881,0.5018471479415894,2.5006669602589682e-05
0.06864883750677109,0.5022763609886169,2.5813487809500657e-05
0.0681631788611412,0.5022034049034119,2.631810821185354e-05
0.06810231506824493,0.5021252632141113,2.6878331482294016e-05
0.06757471710443497,0.5022426247596741,2.6540279577602632e-05
0.06709540635347366,0.5025739073753357,2.625148044899106e-05
0.06654086709022522,0.5027971863746643,2.570336619100999e-05
0.06606628000736237,0.5033555626869202,2.5672326955827884e-05
0.06542392820119858,0.503891110420227,2.5192772227455862e-05
0.06568743288516998,0.5048015117645264,2.4372768166358583e-05
0.07177907228469849,0.5055801868438721,2.4354691049666144e-05
0.09036754071712494,0.5057597160339355,2.5957899197237566e-05
0.09040317684412003,0.5058826804161072,2.545137431297917e-05
0.1049739345908165,0.5061123371124268,2.7233825676376e-05
0.11354929953813553,0.5078815817832947,2.9138882382540032e-05
0.11324319988489151,0.5082254409790039,2.973177470266819e-05
0.11828497797250748,0.5090122818946838,3.108984310529195e-05
0.13328561186790466,0.5092328786849976,3.3860866096802056e-05
0.14158780872821808,0.5095494985580444,3.603325239964761e-05
0.14895400404930115,0.5098031163215637,3.803344225161709e-05
0.1502840220928192,0.5102772116661072,3.8975314964773133e-05
0.14969095587730408,0.5103642344474792,3.927701982320286e-05
0.1501501351594925,0.5108421444892883,4.0044018533080816e-05
0.14992211759090424,0.5110340118408203,3.94770540879108e-05
0.1497640460729599,0.5114170908927917,3.9278180338442326e-05
0.1492176353931427,0.5113767981529236,3.8597041566390544e-05
0.1487344205379486,0.5113801956176758,3.860907963826321e-05
0.14888939261436462,0.5108674764633179,3.795510565396398e-05
0.1503041684627533,0.50868821144104,3.8023939850972965e-05
0.15057232975959778,0.5085369348526001,3.788636240642518e-05
0.16204224526882172,0.5082440972328186,4.0533574065193534e-05
0.16530978679656982,0.5080966949462891,4.1910301661118865e-05
0.1687162220478058,0.5077275633811951,4.25898761022836e-05
0.17074361443519592,0.5076103210449219,4.340339728514664e-05
0.17050905525684357,0.5076614022254944,4.352616815594956e-05
0.1704649180173874,0.5073027610778809,4.398524106363766e-05
0.17161069810390472,0.5064380168914795,4.4288626668276265e-05
0.17201566696166992,0.5087192058563232,4.47271995653864e-05
0.1713143289089203,0.5090234875679016,4.4940119551029056e-05
0.1709321141242981,0.5095943808555603,4.526990232989192e-05
0.17029644548892975,0.5091000199317932,4.504227399593219e-05
0.16993626952171326,0.5089369416236877,4.507067569647916e-05
0.1691371649503708,0.5085684061050415,4.580158201861195e-05
0.16860082745552063,0.507535457611084,4.6123524953145534e-05
0.1682806760072708,0.5071357488632202,4.623935092240572e-05
0.1681027114391327,0.5067199468612671,4.599816020345315e-05
0.16783727705478668,0.5083200931549072,4.5880184188717976e-05
0.16758863627910614,0.508091390132904,4.5657849113922566e-05
0.16761121153831482,0.5086573958396912,4.555546911433339e-05
0.1675681471824646,0.5086548328399658,4.470664498512633e-05
0.14586006104946136,0.508873701095581,3.9120768633438274e-05
0.13756418228149414,0.5092610716819763,3.6402434488991275e-05
0.137496680021286,0.5093532204627991,3.495041892165318e-05
0.13357235491275787,0.5094171762466431,3.39022881234996e-05
0.13076753914356232,0.5081772804260254,3.231823575333692e-05
0.13003167510032654,0.5071233510971069,3.222255691071041e-05
0.1290711909532547,0.5058387517929077,3.1057010346557945e-05
0.12773790955543518,0.5043895244598389,3.072973049711436e-05
0.12827472388744354,0.5032066702842712,3.0493938538711518e-05
0.12837226688861847,0.5017445087432861,3.0976825655670837e-05
0.12835727632045746,0.5011014938354492,3.139768887194805e-05
0.12804362177848816,0.5009783506393433,3.115074650850147e-05
0.12824688851833344,0.5015329718589783,3.0914969102013856e-05
0.1285180300474167,0.5015278458595276,3.020664917130489e-05
0.12843476235866547,0.5026782751083374,2.9930000891909003e-05
0.12838777899742126,0.5036228895187378,2.937923272838816e-05
0.12794454395771027,0.504275918006897,2.930186929006595e-05
0.12735387682914734,0.5047231316566467,2.828007382049691e-05
0.12641388177871704,0.5045179724693298,2.7252895961282775e-05
0.12608885765075684,0.5039958953857422,2.6462743335287087e-05
0.12574370205402374,0.503595769405365,2.5916568120010197e-05
0.1250140517950058,0.5030637383460999,2.561451583460439e-05
0.12450269609689713,0.502676784992218,2.5593371901777573e-05
0.12382669746875763,0.5025845766067505,2.5651965188444592e-05
0.1400613635778427,0.5022028088569641,2.9711764000239782e-05
0.13946008682250977,0.5017777681350708,3.156668753945269e-05
0.14724288880825043,0.5018312335014343,3.4872944524977356e-05
0.15192711353302002,0.5013294219970703,3.7074179999763146e-05
0.15209566056728363,0.5010234117507935,3.858809941448271e-05
0.15179814398288727,0.5007123947143555,3.9072816434782e-05
0.15240803360939026,0.5005658268928528,3.9550650399178267e-05
0.1527109146118164,0.5008217096328735,3.985080184065737e-05
0.15276959538459778,0.5012419819831848,4.068782436661422e-05
0.15283043682575226,0.5015284419059753,4.109873771085404e-05
0.15283171832561493,0.5022111535072327,4.1641269490355626e-05
0.15306980907917023,0.5026791095733643,4.120901940041222e-05
0.15311965346336365,0.5024378299713135,4.0711074689170346e-05
0.1528734266757965,0.5030893683433533,4.052904841955751e-05
0.15260984003543854,0.5036294460296631,3.981114423368126e-05
0.15265585482120514,0.5044406056404114,4.0780862036626786e-05
0.15219296514987946,0.5048514604568481,4.193605127511546e-05
0.15120431780815125,0.5052474141120911,4.157861621933989e-05
0.15096502006053925,0.5051707029342651,4.114171315450221e-05
0.15130989253520966,0.5047211647033691,4.1406176023883745e-05
0.15134190022945404,0.5042906403541565,3.994455255451612e-05
0.151056706905365,0.5038878917694092,3.839172495645471e-05
0.15039871633052826,0.504097044467926,3.688097058329731e-05
0.1505679041147232,0.5038619637489319,3.651438601082191e-05
0.15072929859161377,0.5034790635108948,3.720639142557047e-05
0.15069618821144104,0.5030930638313293,3.666421616799198e-05
0.15111735463142395,0.502339780330658,3.544047649484128e-05
0.15217874944210052,0.5016205310821533,3.688174547278322e-05
0.152284175157547,0.5014931559562683,3.627646219683811e-05
0.15226410329341888,0.5017918348312378,3.493285839795135e-05
0.1519799530506134,0.5015062689781189,3.4387619962217286e-05
0.15203195810317993,0.5027685165405273,3.512714465614408e-05
0.15227073431015015,0.5033072233200073,3.5554217902245e-05
0.1529189646244049,0.5042008757591248,3.73892871721182e-05
0.15354827046394348,0.5046619176864624,3.8070236769272014e-05
0.15292523801326752,0.5045248866081238,3.776631274376996e-05
0.15266655385494232,0.504228949546814,3.839377677650191e-05
0.15255162119865417,0.5035850405693054,3.7890080420766026e-05
0.15315353870391846,0.5017980933189392,3.908824874088168e-05
0.1534702181816101,0.5009293556213379,4.008719770354219e-05
0.15366700291633606,0.500817596912384,4.073057061759755e-05
0.15353140234947205,0.49951356649398804,3.9812817703932524e-05
0.15387336909770966,0.49892473220825195,4.054783858009614e-05
0.15282107889652252,0.4988816976547241,3.88813168683555e-05
0.15230827033519745,0.49825504422187805,3.82281286874786e-05
0.15324518084526062,0.49852925539016724,3.8828555261716247e-05
0.15383653342723846,0.4997451901435852,3.8317000871757045e-05
0.15456770360469818,0.502360463142395,3.796629243879579e-05
0.15445178747177124,0.5056421756744385,3.691151141538285e-05
0.1547209918498993,0.506438136100769,3.692830796353519e-05
0.15520668029785156,0.5063194036483765,3.614555316744372e-05
0.15547147393226624,0.5058742761611938,3.6762281524715945e-05
0.15529362857341766,0.5055513978004456,3.6721288779517636e-05
0.15083710849285126,0.5059178471565247,3.59184923581779e-05
0.14995552599430084,0.5062397122383118,3.598373587010428e-05
0.11654742062091827,0.5064592361450195,2.9209690183051862e-05
0.031064147129654884,0.5067530870437622,2.1247264157864265e-05
0.00036035431548953056,0.5055912137031555,7.615591312060133e-05
0.00034566750400699675,0.5041656494140625,7.40330942790024e-05
0.0003126626252196729,0.5030250549316406,7.193616329459473e-05
0.00029609203920699656,0.503022313117981,6.863316230010241e-05
0.00027086446061730385,0.5046403408050537,6.380796548910439e-05
0.0002469042665325105,0.5049495100975037,5.990769204800017e-05
0.0002097714605042711,0.504888653755188,5.755074744229205e-05
0.0001958860084414482,0.5051233172416687,5.3244752052705735e-05
0.00019710870401468128,0.5046253800392151,5.189200601307675e-05
0.00020218455756548792,0.5042330622673035,5.167886774870567e-05
0.0002133549132850021,0.5031167268753052,5.09976816829294e-05
0.00021254457533359528,0.5031914114952087,5.0705173634923995e-05
0.00020678118744399399,0.5028015375137329,5.1151982916053385e-05
0.00022062634525354952,0.5021113753318787,5.029591920902021e-05
0.0002288860996486619,0.5013905763626099,5.016883369535208e-05
0.0002308874682057649,0.5007297992706299,4.986029307474382e-05
0.00023525557480752468,0.4999394416809082,5.040039832238108e-05
0.00024220443447120488,0.49936148524284363,5.0769518566085026e-05
0.00023914700432214886,0.499324768781662,5.094343941891566e-05
0.0002368442656006664,0.49925497174263,5.1584920583991334e-05
0.00023994683579076082,0.499433696269989,5.270145265967585e-05
0.00024977943394333124,0.4988821744918823,5.312379289534874e-05
0.0002632029354572296,0.49825918674468994,5.337754191714339e-05
0.0002708443207666278,0.498313307762146,5.4179723520064726e-05
0.00027935337857343256,0.49840301275253296,5.514809163287282e-05
0.0002772448060568422,0.49846941232681274,5.617130591417663e-05
0.00010123781248694286,0.48685911297798157,0.9999065399169922
9.507578215561807e-05,0.48774996399879456,0.9999141693115234
8.9113469584845e-05,0.488790899515152,0.9999213218688965
8.721334597794339e-05,0.4904785752296448,0.9999270439147949
8.319815242430195e-05,0.4906489849090576,0.9999315738677979
8.321845962200314e-05,0.49154236912727356,0.9999343156814575
8.091916242847219e-05,0.4922134578227997,0.9999372959136963
7.595682109240443e-05,0.4930788278579712,0.9999423027038574
7.41177864256315e-05,0.493772953748703,0.9999446868896484
7.979930524015799e-05,0.4943583011627197,0.9999438524246216
8.665841596666723e-05,0.49413418769836426,0.9999409914016724
9.615732415113598e-05,0.4946213662624359,0.9999346733093262
0.00010002432100009173,0.49430587887763977,0.9999309778213501
0.00010205879516433924,0.49297669529914856,0.9999253749847412
0.0001059767892002128,0.4925999045372009,0.9999198913574219
9.902583406073973e-05,0.4909869432449341,0.9999191761016846
9.481575398240238e-05,0.4905540645122528,0.9999217987060547
9.529507224215195e-05,0.4898010492324829,0.9999175071716309
9.662647062214091e-05,0.4891797602176666,0.9999139308929443
9.157552267424762e-05,0.48903390765190125,0.9999163150787354
8.391494338866323e-05,0.4897306561470032,0.9999243021011353
7.609645399497822e-05,0.4893624484539032,0.9999278783798218
7.5188247137703e-05,0.48982301354408264,0.9999285936355591
7.1494716394227e-05,0.4903372824192047,0.9999336004257202
6.59015859127976e-05,0.4911458492279053,0.9999383687973022
6.865862815175205e-05,0.4923427104949951,0.9999386072158813
6.896749982843176e-05,0.4926849603652954,0.9999357461929321
7.389752863673493e-05,0.4936116337776184,0.9999332427978516
7.48550082789734e-05,0.49417635798454285,0.9999327659606934
7.909850683063269e-05,0.4944445490837097,0.9999289512634277
8.666377834742889e-05,0.49421483278274536,0.9999209642410278
9.390076593263075e-05,0.4944510757923126,0.999919056892395
0.0001014445151668042,0.49472776055336,0.9999171495437622
0.00010833667329279706,0.494488388299942,0.9999113082885742
0.00011559691483853385,0.4941607415676117,0.999907374382019
0.00011797801562352106,0.49366915225982666,0.999904990196228
0.00012394327495712787,0.4939391314983368,0.9999011754989624
0.00012028136552544311,0.4937099516391754,0.9999023675918579
0.00011859025107696652,0.49378806352615356,0.9999011754989624
0.00011272909614490345,0.49428629875183105,0.9999033212661743
0.0001116101848310791,0.49509719014167786,0.9999041557312012
0.00010872125130845234,0.49579092860221863,0.9999040365219116
0.00010466098319739103,0.49582141637802124,0.9999054670333862
0.00010195209324592724,0.4966513514518738,0.999908447265625
0.00010204546560999006,0.49795833230018616,0.9999076128005981
9.956221765605733e-05,0.4990425705909729,0.9999074935913086
9.583473729435354e-05,0.49937576055526733,0.9999136924743652
9.29529414861463e-05,0.49898508191108704,0.9999175071716309
8.565820462536067e-05,0.4995730519294739,0.9999266862869263
8.546385652152821e-05,0.49956396222114563,0.9999282360076904
7.966715929796919e-05,0.49911096692085266,0.9999322891235352
7.513986201956868e-05,0.4990444481372833,0.9999366998672485
7.201186963357031e-05,0.4985043704509735,0.9999383687973022
7.362573524005711e-05,0.4982767105102539,0.9999372959136963
7.301932055270299e-05,0.4985692501068115,0.9999394416809082
7.456035382347181e-05,0.49924683570861816,0.9999394416809082
7.612571062054485e-05,0.49917149543762207,0.9999382495880127
8.056106889853254e-05,0.5001466274261475,0.9999374151229858
8.90702212927863e-05,0.49983149766921997,0.9999332427978516
9.534615674056113e-05,0.5000115633010864,0.9999321699142456
0.00010452593414811417,0.5001096129417419,0.9999293088912964
0.00011809991701738909,0.5001671314239502,0.9999250173568726
0.00013073401350993663,0.5005881786346436,0.9999223947525024
0.0001294225949095562,0.5007835030555725,0.9999277591705322
0.00013458443572744727,0.5003296136856079,0.9999281167984009
0.00013558049977291375,0.5002992749214172,0.9999312162399292
0.00013546780974138528,0.5002877116203308,0.9999326467514038
0.00013254974328447133,0.5001145005226135,0.9999339580535889
0.00012875247921328992,0.49970346689224243,0.9999347925186157
0.00012287173012737185,0.49816131591796875,0.9999376535415649
0.00011847021232824773,0.49806997179985046,0.9999395608901978
0.00011069115134887397,0.49721795320510864,0.9999420642852783
0.00010324467439204454,0.49585065245628357,0.999944806098938
0.00010262962314300239,0.49356773495674133,0.9999436140060425
0.00010017379827331752,0.49286651611328125,0.9999434947967529
9.75446673692204e-05,0.49199768900871277,0.9999420642852783
9.95522495941259e-05,0.49146604537963867,0.9999392032623291
0.00010015565203502774,0.4912213087081909,0.99993896484375
0.00010043117799796164,0.49061116576194763,0.9999386072158813
0.0001011943822959438,0.4905466139316559,0.9999371767044067
9.975713328458369e-05,0.4899265170097351,0.9999346733093262
9.624236554373056e-05,0.4893479347229004,0.9999351501464844
9.439814311917871e-05,0.4891442656517029,0.9999353885650635
9.217038314091042e-05,0.4880908131599426,0.9999375343322754
9.007907647173852e-05,0.4881210923194885,0.9999382495880127
9.201169450534508e-05,0.48799315094947815,0.9999384880065918
9.270561713492498e-05,0.4881308078765869,0.9999387264251709
9.493083052802831e-05,0.4880119860172272,0.9999359846115112
9.949056402547285e-05,0.4878598749637604,0.9999326467514038
0.00010109377763001248,0.48798492550849915,0.9999322891235352
0.0001044769087457098,0.4881129860877991,0.9999306201934814
0.00011118889233330265,0.48835861682891846,0.9999278783798218
0.00011763046495616436,0.4862413704395294,0.999924898147583
0.0001230393972946331,0.48621663451194763,0.9999198913574219
0.00012947469076607376,0.4855350852012634,0.9999128580093384
0.00012318014341872185,0.48539769649505615,0.9999115467071533
0.00011972055654041469,0.4856632649898529,0.9999082088470459
0.00011902380356332287,0.4858841001987457,0.999903678894043
0.00011063712008763105,0.4860473871231079,0.9999058246612549
0.00010686799214454368,0.48624199628829956,0.9999046325683594
0.0001028112237690948,0.48698121309280396,0.9999079704284668
0.00010142275277758017,0.48731493949890137,0.9999092817306519
9.907050844049081e-05,0.48773840069770813,0.9999109506607056
9.486341150477529e-05,0.48760607838630676,0.9999139308929443
9.300144301960245e-05,0.4880731999874115,0.9999172687530518
9.80013282969594e-05,0.48844248056411743,0.9999159574508667
9.812569624045864e-05,0.48845478892326355,0.9999182224273682
9.712494647828862e-05,0.4884997606277466,0.9999219179153442
0.00010336545528843999,0.48852741718292236,0.999919056892395
0.00010067338735098019,0.48839396238327026,0.9999185800552368
0.00010397272126283497,0.48830515146255493,0.9999151229858398
0.00010804986231960356,0.4890882670879364,0.9999079704284668
0.00011098995310021564,0.48940765857696533,0.9999051094055176
0.00011069421452702954,0.48991724848747253,0.9999041557312012
0.00011251399700995535,0.48997727036476135,0.9999029636383057
0.00010734597890404984,0.48960912227630615,0.9999052286148071
0.00010549352737143636,0.4892270565032959,0.9999058246612549
0.00010634557838784531,0.489096075296402,0.9999055862426758
0.00010146831482416019,0.4888993799686432,0.9999102354049683
0.00011018272198271006,0.4891670346260071,0.9999089241027832
0.00010932484292425215,0.48896947503089905,0.9999107122421265
0.00010335254046367481,0.48866334557533264,0.9999158382415771
9.75965813267976e-05,0.48833414912223816,0.999919056892395
9.720982052385807e-05,0.4888545870780945,0.9999217987060547
9.359601244796067e-05,0.4888235926628113,0.9999241828918457
9.869023051578552e-05,0.4893222451210022,0.9999222755432129
0.00010402329644421116,0.4897744953632355,0.9999200105667114
0.00010118318459717557,0.4896513521671295,0.9999207258224487
9.957123984349892e-05,0.4893144965171814,0.9999189376831055
8.95560224307701e-05,0.4886554777622223,0.9999212026596069
8.03889415692538e-05,0.4886492192745209,0.9999252557754517
7.364820339716971e-05,0.48823240399360657,0.9999270439147949
7.032793655525893e-05,0.48774468898773193,0.9999291896820068
6.661430234089494e-05,0.4872943162918091,0.9999305009841919
6.39228819636628e-05,0.48682114481925964,0.9999308586120605
5.867088111699559e-05,0.485958069562912,0.9999334812164307
5.374545435188338e-05,0.48553192615509033,0.999937891960144
5.083341966383159e-05,0.4854298233985901,0.9999415874481201
4.968875146005303e-05,0.48564037680625916,0.9999445676803589
4.837446613237262e-05,0.48599645495414734,0.9999485015869141
8.023209375096485e-05,0.4939534664154053,0.00035136324004270136
9.038780990522355e-05,0.49456337094306946,0.00029322493355721235
0.0001000259435386397,0.4949943721294403,0.00024796705110929906
0.00012003078154521063,0.49528181552886963,0.00020389400015119463
0.00013617910735774785,0.4956488609313965,0.00017021418898366392
0.00015686430560890585,0.4956498444080353,0.00013651102199219167
0.15118056535720825,0.49717098474502563,3.3025666198227555e-05
0.1515103131532669,0.497485876083374,3.257962453062646e-05
0.1561487913131714,0.4978451430797577,3.242971797590144e-05
0.15486915409564972,0.49825647473335266,3.723901681951247e-05
0.1531175822019577,0.49851834774017334,3.991523044533096e-05
0.15187214314937592,0.49881038069725037,4.268681368557736e-05
0.15080945193767548,0.49942678213119507,4.4573997001862153e-05
0.14948013424873352,0.4995768070220947,4.6217879571486264e-05
0.14799296855926514,0.5002641081809998,4.801670729648322e-05
0.16179731488227844,0.502394437789917,5.290856643114239e-05
0.1688496321439743,0.5029794573783875,5.505387525772676e-05
0.1684686690568924,0.503153920173645,5.3855092119192705e-05
0.17888063192367554,0.5034365057945251,5.663219417328946e-05
0.18489086627960205,0.5038907527923584,5.645544297294691e-05
0.18371330201625824,0.5055734515190125,5.464516289066523e-05
0.18306443095207214,0.5064372420310974,5.3305720939533785e-05
0.18204106390476227,0.5070410966873169,5.243361010798253e-05
0.18194906413555145,0.5083165764808655,5.3151208703638986e-05
0.1814751923084259,0.5130208730697632,5.411553865997121e-05
0.18119555711746216,0.5149087905883789,5.523309300770052e-05
0.18066205084323883,0.5148172974586487,5.5094948038458824e-05
0.18097305297851562,0.5154981017112732,5.5976557632675394e-05
0.18019185960292816,0.5155169367790222,5.81681561016012e-05
0.18730388581752777,0.5150105953216553,6.320894317468628e-05
0.1871764212846756,0.5149698853492737,6.73704271321185e-05
0.19906744360923767,0.5143882632255554,7.599934906465933e-05
0.2039656937122345,0.5131443738937378,8.130304195219651e-05
0.20924535393714905,0.5092049837112427,8.539314876543358e-05
0.2090776115655899,0.5077521800994873,8.851858001435176e-05
0.21487697958946228,0.5075849890708923,9.30589230847545e-05
0.21907421946525574,0.5070757865905762,0.00010088461567647755
0.22004467248916626,0.5055682063102722,0.00010501017823116854
0.22073857486248016,0.50285804271698,0.00010748078057076782
0.22064277529716492,0.5027745366096497,0.00011085181904491037
0.22080062329769135,0.502945601940155,0.00011374268069630489
0.22061800956726074,0.5037856698036194,0.00011617419659160078
0.22052836418151855,0.503749430179596,0.00012037452688673511
0.22091291844844818,0.503581166267395,0.0001219003097503446
0.22089853882789612,0.5033188462257385,0.00011883589468197897
0.2210177183151245,0.5032360553741455,0.0001187946618301794
0.22123153507709503,0.5028864145278931,0.00011351448483765125
0.22144192457199097,0.5027052760124207,0.00010932422446785495
0.2216677963733673,0.502512514591217,0.00010773637768579647
0.22190432250499725,0.5019424557685852,0.00010381886386312544
0.2224649339914322,0.5013836622238159,0.00010066455433843657
0.2229468673467636,0.5010899901390076,9.910613152896985e-05
0.22343164682388306,0.49922871589660645,9.95573791442439e-05
0.22331289947032928,0.499391108751297,0.00010150131856789812
0.22370316088199615,0.4989640712738037,0.00010217847739113495
0.2240474969148636,0.4990658462047577,0.00010386163194198161
0.2241513729095459,0.4995526373386383,0.0001082001908798702
0.2244265377521515,0.49978819489479065,0.00011195415572728962
0.22468864917755127,0.4999995231628418,0.0001128354633692652
0.22503912448883057,0.5002577900886536,0.0001155571299022995
0.22520208358764648,0.5007498860359192,0.0001159495222964324
0.22551490366458893,0.500674307346344,0.00011368998093530536
0.22584092617034912,0.5007659196853638,0.0001115061531891115
0.22690144181251526,0.5008548498153687,0.00010794657282531261
0.2267673760652542,0.5011255741119385,0.00010860829934244975
0.22822467982769012,0.5013613700866699,0.0001090865844162181
0.22745026648044586,0.5014980435371399,0.00010923231457127258
0.23283998668193817,0.5015614032745361,0.00011263593478361145
0.23338885605335236,0.5018160939216614,0.00011274145799688995
0.23321501910686493,0.5020983815193176,0.00011206384806428105
0.2327299565076828,0.5039237141609192,0.00011179904686287045
0.2321845293045044,0.5055379867553711,0.00011327887477818877
0.23172812163829803,0.5058284997940063,0.00011371589062036946
0.23094533383846283,0.5055309534072876,0.00011350366548867896
0.2311694324016571,0.5050668716430664,0.00011249167437199503
0.23140282928943634,0.5049034953117371,0.00011155135143781081
0.232166588306427,0.504970371723175,0.00011001569509971887
0.23245161771774292,0.5051379203796387,0.00010852020204765722
0.2327200174331665,0.5054277181625366,0.00010753142123576254
0.23243674635887146,0.5056893825531006,0.00010757284326246008
0.23214854300022125,0.5058037638664246,0.00010719786223489791
0.23204292356967926,0.5053940415382385,0.00010676247620722279
0.23256932199001312,0.5050595998764038,0.00010564603871898726
0.2327800691127777,0.5051692128181458,0.00010711601498769596
0.2331923246383667,0.5051673054695129,0.00010748620115919039
0.23397138714790344,0.505140483379364,0.00010664240835467353
0.23460012674331665,0.5049979090690613,0.00010622608533594757
0.2346983253955841,0.505000650882721,0.00010619043314363807
0.23494121432304382,0.5049994587898254,0.00010538886272115633
0.2356419414281845,0.504793107509613,0.00010536686022533104
0.23608088493347168,0.504146933555603,0.00010560797090874985
0.23634973168373108,0.5038504004478455,0.00010515977919567376
0.2366706132888794,0.5036596655845642,0.00010503059456823394
0.23692482709884644,0.5041436553001404,0.00010451596608618274
0.2368774116039276,0.5041477680206299,0.00010405643115518615
0.23648454248905182,0.504306435585022,0.00010375967394793406
0.23630429804325104,0.5044121146202087,0.00010354934784118086
0.23663447797298431,0.5043895244598389,0.00010312660015188158
0.2366955280303955,0.5044090747833252,0.0001033790540532209
0.23667627573013306,0.5045720338821411,0.00010292422666680068
0.23674055933952332,0.5046486258506775,0.00010214885696768761
0.2372043877840042,0.5046013593673706,0.00010236435628030449
0.23697906732559204,0.5049281120300293,0.00010335559636587277
0.23698003590106964,0.5048678517341614,0.00010368045332143083
0.23697958886623383,0.5047376155853271,0.00010301082511432469
0.23702752590179443,0.5047295093536377,0.00010432070848764852
0.2368784248828888,0.5049088597297668,0.00010465519153513014
0.23677390813827515,0.5049210786819458,0.00010558944632066414
0.2362845540046692,0.5050153732299805,0.00010607495642034337
0.23549510538578033,0.5053243041038513,0.00010544856922933832
0.23479481041431427,0.5054351687431335,0.00010669397306628525
0.23420122265815735,0.5059159398078918,0.00010724203457357362
0.23399201035499573,0.5065364241600037,0.00010496562026673928
0.23382191359996796,0.5067358016967773,0.00010478640615474433
0.23383072018623352,0.50688636302948,0.00010626397124724463
0.2337367981672287,0.507021427154541,0.00010477321484358981
0.23360098898410797,0.5071012377738953,0.00010410883987788111
0.23340551555156708,0.5071881413459778,0.00010379045124864206
0.2335578054189682,0.5071309804916382,0.00010353019024478272
0.2339659035205841,0.5068201422691345,0.0001050675637088716
0.23434437811374664,0.5063903331756592,0.00010481038771104068
0.2305763214826584,0.506135880947113,0.00010208936146227643
0.2307349145412445,0.505543053150177,0.00010312985250493512
0.2305779904127121,0.5054782629013062,0.00010278710396960378
0.23060640692710876,0.505396842956543,0.00010201442637480795
0.23034246265888214,0.5051842927932739,0.00010297291009919718
0.22997990250587463,0.5049549341201782,0.00010221082629868761
0.22843101620674133,0.5047049522399902,9.974971180781722e-05
0.2287708967924118,0.5045645833015442,9.930678061209619e-05
0.22731950879096985,0.5037785768508911,9.648302511777729e-05
0.22659872472286224,0.5037465691566467,9.51990659814328e-05
0.22673925757408142,0.5037097334861755,9.434891398996115e-05
0.22615918517112732,0.5035638213157654,9.392665378982201e-05
0.22658029198646545,0.5029180645942688,9.369316830998287e-05
0.22675345838069916,0.5033758282661438,9.382504504173994e-05
0.22718879580497742,0.5033618211746216,9.306114952778444e-05
0.22183696925640106,0.5038686990737915,9.022332960739732e-05
0.2217738926410675,0.5042399168014526,9.02711835806258e-05
0.1941089928150177,0.5045499801635742,7.588369771838188e-05
0.18601517379283905,0.5046308636665344,7.110465230653062e-05
0.17908795177936554,0.504850447177887,6.660502549493685e-05
0.17976583540439606,0.5048638582229614,6.56205156701617e-05
0.14794844388961792,0.505202054977417,5.267537562758662e-05
0.12672699987888336,0.5053346157073975,4.497111513046548e-05
0.1271883249282837,0.5055076479911804,4.293143138056621e-05
0.09037467837333679,0.5059871077537537,3.497822399367578e-05
0.0730084702372551,0.5060784220695496,3.0915583920432255e-05
0.000643615669105202,0.50555419921875,8.442558464594185e-05
0.000619817990809679,0.505596935749054,7.875410665292293e-05
0.0006187054677866399,0.5056872367858887,7.274860399775207e-05
0.0006221231888048351,0.5058954358100891,6.699410732835531e-05
0.0006164552178233862,0.5063032507896423,6.265484989853576e-05
0.0005999390850774944,0.5064440965652466,5.959521513432264e-05
0.0006266371347010136,0.5063527226448059,5.538414552574977e-05
0.0006374785443767905,0.5061737298965454,5.277794844005257e-05
0.000679400865919888,0.506062924861908,5.0440306949894875e-05
0.0006852869410067797,0.5064795017242432,4.98624358442612e-05
0.0006836241809651256,0.5063985586166382,4.954566975357011e-05
0.0007289188797585666,0.5061867833137512,4.9178499466506764e-05
0.0007205749861896038,0.5060616135597229,4.978797733201645e-05
0.0007197119994089007,0.5058737397193909,5.0007245590677485e-05
0.000715932110324502,0.5058481693267822,5.05685165990144e-05
0.0006932660471647978,0.5058362483978271,5.1392005843808874e-05
0.0007082539377734065,0.505961537361145,5.083758878754452e-05
0.0006881330627948046,0.5056135654449463,5.055356814409606e-05
0.0006328452145680785,0.5051748156547546,5.078206231701188e-05
0.0006089371745474637,0.5048263669013977,5.076501838630065e-05
0.0005845524137839675,0.5047190189361572,5.118692206451669e-05
0.0005227215588092804,0.5041491985321045,5.169926953385584e-05
0.000530588673427701,0.504184365272522,5.0812726840376854e-05
0.0005334807792678475,0.5047931671142578,5.0647755415411666e-05
0.0005288162501528859,0.5042988061904907,4.9948528612731025e-05
0.0005257343873381615,0.5053320527076721,4.8917223466560245e-05
0.00048355100443586707,0.5056170225143433,4.968439316144213e-05
0.0004739126015920192,0.5050351619720459,5.012383553548716e-05
0.00046379861305467784,0.5047556757926941,5.050451363786124e-05
0.0001330800005234778,0.49226540327072144,0.9999222755432129
0.00012997690646443516,0.4924685060977936,0.9999231100082397
0.00013222241250332445,0.4934355616569519,0.9999241828918457
0.0001229567133123055,0.4934566915035248,0.9999281167984009
0.00011666263890219852,0.4934646487236023,0.9999302625656128
0.0001126410934375599,0.49335628747940063,0.9999313354492188
0.00011056382209062576,0.4936351776123047,0.9999314546585083
0.00010975561599479988,0.4940464198589325,0.9999310970306396
0.00010844851931324229,0.49442288279533386,0.9999313354492188
0.00011020195961464196,0.49445924162864685,0.9999305009841919
0.00011406189150875434,0.4945771396160126,0.9999288320541382
0.0001154568963102065,0.4945540428161621,0.9999281167984009
0.00011189972428837791,0.49400779604911804,0.9999278783798218
0.00011656822607619688,0.4942662715911865,0.9999246597290039
0.00012159823381807655,0.49444305896759033,0.9999216794967651
0.00012056154810125008,0.49441391229629517,0.9999206066131592
0.0001213211944559589,0.4943479299545288,0.9999196529388428
0.000122341065434739,0.4942967891693115,0.9999188184738159
0.0001215284428326413,0.49430540204048157,0.9999185800552368
0.00012052511010551825,0.49417611956596375,0.9999185800552368
0.00011535399971762672,0.49361640214920044,0.9999207258224487
0.00011023180559277534,0.49316149950027466,0.9999227523803711
0.00010283955634804443,0.49265962839126587,0.9999256134033203
9.219236380886286e-05,0.49182042479515076,0.9999288320541382
8.433513721683994e-05,0.49105143547058105,0.9999330043792725
8.346260437974706e-05,0.4910953640937805,0.9999336004257202
8.412734314333647e-05,0.4906691908836365,0.9999328851699829
8.434495248366147e-05,0.4905698001384735,0.9999324083328247
8.624464680906385e-05,0.49060478806495667,0.9999319314956665
8.735859591979533e-05,0.4904738664627075,0.9999308586120605
8.917790546547621e-05,0.4907180964946747,0.9999303817749023
9.014111128635705e-05,0.4908117651939392,0.9999305009841919
9.344280260847881e-05,0.49152836203575134,0.9999310970306396
0.00010181393736274913,0.4919781982898712,0.9999289512634277
0.00010942100925603881,0.4925368130207062,0.9999256134033203
0.00011252943659201264,0.492074191570282,0.999923586845398
0.00010803369514178485,0.49257874488830566,0.9999281167984009
0.00010279622074449435,0.49308231472969055,0.9999334812164307
9.395405504619703e-05,0.4930148422718048,0.9999381303787231
9.1689289547503e-05,0.49337533116340637,0.9999405145645142
9.377746027894318e-05,0.4935929477214813,0.9999392032623291
9.871978545561433e-05,0.49391937255859375,0.9999364614486694
0.0001051703147822991,0.49386370182037354,0.999932050704956
0.00010857454617507756,0.4940885603427887,0.9999312162399292
0.0001066497279680334,0.49422574043273926,0.9999324083328247
0.00010898385517066345,0.49431881308555603,0.9999327659606934
0.00011538172839209437,0.4939797520637512,0.9999270439147949
0.0001208828398375772,0.4933741092681885,0.999919056892395
0.00012871823855675757,0.493399977684021,0.999911904335022
0.00013086872058920562,0.49326780438423157,0.9999088048934937
0.00012868411431554705,0.4932421147823334,0.9999089241027832
0.00012462912127375603,0.49338042736053467,0.9999110698699951
0.00012291579332668334,0.493743360042572,0.9999109506607056
0.00012346860603429377,0.4938986003398895,0.9999079704284668
0.0001271797518711537,0.49378469586372375,0.9999047517776489
0.00012670960859395564,0.4936197102069855,0.9999034404754639
0.00012588754179887474,0.4935734272003174,0.9999051094055176
0.00012954222620464861,0.49359583854675293,0.9999058246612549
0.00013816934369970113,0.49346432089805603,0.9999027252197266
0.00014342975919134915,0.4934904873371124,0.9999006986618042
0.00014829040446784347,0.49338769912719727,0.99989914894104
0.00015531953249592334,0.4932608902454376,0.9998958110809326
0.00015641070785932243,0.49291354417800903,0.9998950958251953
0.00015731531311757863,0.4928280711174011,0.9998955726623535
0.00016112982120830566,0.4929013252258301,0.999893069267273
0.0001638378162169829,0.49295520782470703,0.9998908042907715
0.000169287872267887,0.4929670989513397,0.9998874664306641
0.0001633053325349465,0.4932745397090912,0.9998888969421387
0.00015911583614069968,0.49324628710746765,0.9998900890350342
0.00016581443196628243,0.49317917227745056,0.999883770942688
0.00016874042921699584,0.49311986565589905,0.9998807907104492
0.00017256135470233858,0.49270135164260864,0.9998774528503418
0.00017304313951171935,0.4927186667919159,0.9998761415481567
0.00016998176579363644,0.49242815375328064,0.9998766183853149
0.0001724200847093016,0.49137070775032043,0.9998751878738403
0.0001718197308946401,0.49012747406959534,0.9998767375946045
0.00016103274538181722,0.4900552034378052,0.9998810291290283
0.00016009378305170685,0.4901740849018097,0.9998818635940552
0.00015679505304433405,0.4906489849090576,0.9998841285705566
0.00014817506598774344,0.4911573529243469,0.9998905658721924
0.0001374863350065425,0.4923524260520935,0.9998944997787476
0.00012802564015146345,0.4928439259529114,0.99989914894104
0.00012267704005353153,0.4942900240421295,0.999901533126831
0.00011276274744886905,0.4954166114330292,0.9999083280563354
0.00024214322911575437,0.5032927393913269,0.00029386411188170314
0.00024708182900212705,0.5039467811584473,0.00024950309307314456
0.00026679105940274894,0.5041977167129517,0.00020765664521604776
0.000273102312348783,0.5050318837165833,0.00017295654106419533
0.00028649577870965004,0.5064016580581665,0.0001450321142328903
0.00028335905517451465,0.5110552906990051,0.00012286400306038558
0.0002861569810193032,0.5118532776832581,0.00010146038403036073
0.00028566797845996916,0.5156681537628174,8.349142444785684e-05
0.00029766486841253936,0.5227159261703491,6.893120735185221e-05
0.0003278551739640534,0.5328618288040161,6.831750943092629e-05
0.00031614533509127796,0.5535148978233337,6.936317367944866e-05
0.03614610806107521,0.5530542135238647,1.6046345990616828e-05
0.07245808094739914,0.5596214532852173,1.7622192899580114e-05
0.07065628468990326,0.5677371621131897,1.8050392100121826e-05
0.10786760598421097,0.5787215232849121,2.2117905245977454e-05
0.10730526596307755,0.5778051018714905,2.3330256226472557e-05
0.11604955792427063,0.5839044451713562,2.536809006414842e-05
0.11744266003370285,0.5896444916725159,2.7110998416901566e-05
0.13367752730846405,0.5903741717338562,3.0606133805122226e-05
0.1516716629266739,0.5892631411552429,3.472910975688137e-05
0.15845000743865967,0.5861284136772156,3.625889075919986e-05
0.1603817492723465,0.5867279767990112,3.577716415748e-05
0.1592537760734558,0.588068425655365,3.613786611822434e-05
0.16710852086544037,0.5907986164093018,3.861640652758069e-05
0.16682316362857819,0.590111255645752,3.846678009722382e-05
0.17188461124897003,0.5890491008758545,3.932109393645078e-05
0.17490649223327637,0.5880891680717468,4.087305933353491e-05
0.17507298290729523,0.5868942737579346,4.210788392811082e-05
0.17604902386665344,0.5859807729721069,4.279474524082616e-05
0.17583376169204712,0.5863896608352661,4.4185992010170594e-05
0.17595317959785461,0.5860236883163452,4.59678158222232e-05
0.17593151330947876,0.5853512287139893,4.8067748139146715e-05
0.1779092699289322,0.5798360705375671,4.894802259514108e-05
0.1779571771621704,0.5805469155311584,4.953824827680364e-05
0.18234883248806,0.5758396983146667,5.1777820772258565e-05
0.18938635289669037,0.5704431533813477,5.475360740092583e-05
0.22349083423614502,0.5636385083198547,6.91255263518542e-05
0.22597865760326385,0.5611690878868103,7.026197272352874e-05
0.22522751986980438,0.5608975291252136,7.084677781676874e-05
0.229397714138031,0.5583466291427612,7.390436076093465e-05
0.24612848460674286,0.552800178527832,8.508005703333765e-05
0.2464475929737091,0.5466578602790833,8.761488425079733e-05
0.2557850778102875,0.5366460680961609,9.714996122056618e-05
0.2555582523345947,0.536801815032959,9.998969471780583e-05
0.25457313656806946,0.5358779430389404,0.00010187512816628441
0.25708842277526855,0.5353230834007263,0.00010470001143403351
0.2615935206413269,0.5346390008926392,0.00010923231457127258
0.2678582966327667,0.5345420837402344,0.00011489097232697532
0.26870447397232056,0.5334259271621704,0.00011637043644441292
0.2700042724609375,0.5314491391181946,0.0001180982289952226
0.27030378580093384,0.5301752090454102,0.0001187145899166353
0.2840884327888489,0.5285378694534302,0.00013096746988594532
0.28440219163894653,0.5275654792785645,0.00013167483848519623
0.28883096575737,0.5268121361732483,0.00013773393584415317
0.2958810329437256,0.5253120064735413,0.00014687428483739495
0.30000609159469604,0.5188877582550049,0.00015385274309664965
0.3034176826477051,0.5186676979064941,0.00015837278624530882
0.3044491410255432,0.5163252353668213,0.00016263774887192994
0.30372098088264465,0.5165293216705322,0.00016492967552039772
0.30290767550468445,0.5171167254447937,0.0001656906824791804
0.30229058861732483,0.5176306962966919,0.00016722136933822185
0.30172082781791687,0.5178024172782898,0.00016805446648504585
0.3005964756011963,0.5178288221359253,0.00016937102191150188
0.29974842071533203,0.517489492893219,0.0001652331557124853
0.29934120178222656,0.5171043872833252,0.00016274291556328535
0.29849737882614136,0.5163190960884094,0.00015872275980655104
0.2977580726146698,0.5156018137931824,0.00015646812971681356
0.2964170277118683,0.5150710344314575,0.00015257719496730715
0.29651322960853577,0.5141847133636475,0.00015084217011462897
0.2964792549610138,0.5129479765892029,0.0001495710457675159
0.2961360216140747,0.5119112730026245,0.00014614686369895935
0.296000599861145,0.5110827684402466,0.00014408705465029925
0.2969271242618561,0.5095577836036682,0.00014441952225752175
0.29846569895744324,0.5071085095405579,0.00015075920964591205
0.30325523018836975,0.5068967342376709,0.00015644366794731468
0.3073348104953766,0.5071501731872559,0.00016574884648434818
0.30837327241897583,0.507850706577301,0.00017153653607238084
0.3077462911605835,0.5080488920211792,0.00017793895676732063
0.3085132837295532,0.5083420276641846,0.00018560531316325068
0.30841293931007385,0.508570671081543,0.00019374855037312955
0.310585618019104,0.508304238319397,0.00020456932543311268
0.3115934133529663,0.5080729722976685,0.00021244754316285253
0.3113778233528137,0.5080286264419556,0.00021695572650060058
0.3127508759498596,0.5081551671028137,0.0002219069137936458
0.3128657639026642,0.5081809163093567,0.00022663266281597316
0.31318777799606323,0.5083327293395996,0.00022843740589451045
0.31361642479896545,0.5078999996185303,0.00023027518182061613
0.3144714832305908,0.5078912377357483,0.00023168067855294794
0.3145233392715454,0.5078321099281311,0.00023307540686801076
0.31540989875793457,0.5075193643569946,0.00023014613543637097
0.3158581256866455,0.5071037411689758,0.00023058278020471334
0.31666508316993713,0.5062691569328308,0.00023062367108650506
0.3169868588447571,0.5068504214286804,0.0002291079144924879
0.31705600023269653,0.5071473121643066,0.00022787290799897164
0.3172357976436615,0.5075310468673706,0.00022776560217607766
0.3170122802257538,0.5078625082969666,0.00022872944828122854
0.31686529517173767,0.5083072781562805,0.0002283518115291372
0.3175920248031616,0.5085822939872742,0.00022603574325330555
0.31820353865623474,0.5087265968322754,0.000224535571760498
0.31875666975975037,0.5090423822402954,0.00022438191808760166
0.3195417821407318,0.509242057800293,0.00022163987159729004
0.3191787898540497,0.5092175006866455,0.00022317194088827819
0.32012829184532166,0.5096798539161682,0.00022263701248448342
0.31998634338378906,0.509198784828186,0.00022398200235329568
0.3292401432991028,0.5094707608222961,0.0002393052855040878
0.3469282388687134,0.5092066526412964,0.000264558766502887
0.3476046323776245,0.5091184377670288,0.0002662795304786414
0.34716013073921204,0.509019672870636,0.00026322275516577065
0.3466682732105255,0.5088049173355103,0.00026125184376724064
0.34607067704200745,0.5085259079933167,0.00025942822685465217
0.34520161151885986,0.5087360739707947,0.00026048353174701333
0.34548717737197876,0.5090581178665161,0.0002564366441220045
0.3448432683944702,0.5088045001029968,0.0002561846631579101
0.3451566994190216,0.5096735954284668,0.0002526391763240099
0.3455682396888733,0.5096810460090637,0.00024901708820834756
0.34568825364112854,0.5095809698104858,0.00024932806263677776
0.3460272550582886,0.5089508891105652,0.0002498477988410741
0.34569376707077026,0.5086622834205627,0.0002527721517253667
0.3457978069782257,0.5086395144462585,0.00025245570577681065
0.34577614068984985,0.5084021687507629,0.0002545174793340266
0.34660667181015015,0.5077492594718933,0.0002558246487751603
0.3464749753475189,0.5069950819015503,0.0002598116407170892
0.3468590974807739,0.5065231323242188,0.00026151773636229336
0.34675779938697815,0.5060069561004639,0.000261269771726802
0.3465041518211365,0.5055633187294006,0.0002619122387841344
0.3467002511024475,0.5050312876701355,0.0002636404533404857
0.34694287180900574,0.5049704909324646,0.0002633008116390556
0.3470878005027771,0.5049031972885132,0.000267097755568102
0.3472323715686798,0.5043444633483887,0.0002713410940486938
0.3472101390361786,0.5043361783027649,0.0002717071329243481
0.34708237648010254,0.504429817199707,0.00027346707065589726
0.3474956154823303,0.5045483708381653,0.00027238071197643876
0.3480251729488373,0.5045685768127441,0.0002723822835832834
0.3487270176410675,0.504607081413269,0.0002730216074269265
0.3491756319999695,0.5047142505645752,0.00027370837051421404
0.3492145836353302,0.5048136711120605,0.0002714981383178383
0.3487343490123749,0.5048975944519043,0.00026992373750545084
0.3485807180404663,0.5049716830253601,0.0002666595974005759
0.3483542501926422,0.50515216588974,0.0002630155358929187
0.3482762277126312,0.5052329301834106,0.00026207335758954287
0.3481173515319824,0.5053743720054626,0.00025839440058916807
0.3477243483066559,0.5054990649223328,0.00025604208349250257
0.34711331129074097,0.5056034922599792,0.0002533942461013794
0.346701443195343,0.5051774978637695,0.00025192045723088086
0.3468697667121887,0.5044465661048889,0.000250820885412395
0.34678390622138977,0.5042968988418579,0.00024987183860503137
0.34702354669570923,0.5038874745368958,0.00024924296303652227
0.3472292125225067,0.5038198828697205,0.00024755296180956066
0.34731099009513855,0.5038822889328003,0.0002462523407302797
0.347095251083374,0.5041298270225525,0.00024497724371030927
0.3471525311470032,0.5041157007217407,0.00024506295449100435
0.3469047546386719,0.5047818422317505,0.0002445802674628794
0.3465903401374817,0.5053051710128784,0.00024494968238286674
0.3463652729988098,0.5055407881736755,0.00024572695838287473
0.3463185727596283,0.5055857300758362,0.00024661299539729953
0.34630659222602844,0.5055490136146545,0.00024851306807249784
0.3465691804885864,0.5055254697799683,0.0002500861301086843
0.3428043723106384,0.5055131316184998,0.0002462610136717558
0.3420722484588623,0.5055091977119446,0.000247091957135126
0.3421810567378998,0.5055002570152283,0.0002497787063475698
0.3410382568836212,0.5052546858787537,0.0002510526974219829
0.3413626253604889,0.5052104592323303,0.00025458107120357454
0.341211199760437,0.5053528547286987,0.0002594074176158756
0.3410409688949585,0.5052875280380249,0.0002605759655125439
0.3400427997112274,0.5051772594451904,0.00025964941596612334
0.34040597081184387,0.5052549839019775,0.00025944330263882875
0.3375079929828644,0.5052443146705627,0.000255045568337664
0.33716779947280884,0.5051944255828857,0.00025469757383689284
0.33143389225006104,0.5051643252372742,0.00024432086502201855
0.3294297158718109,0.5052016377449036,0.0002390131849097088
0.3297644257545471,0.5051699280738831,0.00023714661074336618
0.3300448954105377,0.5051078200340271,0.00023533543571829796
0.3302944004535675,0.5050888657569885,0.00023186122416518629
0.3293435871601105,0.5050895810127258,0.0002294703881489113
0.3291673958301544,0.505096435546875,0.00022875606373418123
0.329411119222641,0.5050735473632812,0.00022709056793246418
0.3287150263786316,0.5052693486213684,0.00022687111049890518
0.3278900980949402,0.5053364038467407,0.00022715097293257713
0.3249002695083618,0.5054544806480408,0.00022319535491988063
0.3253275454044342,0.5053544044494629,0.00022330986394081265
0.3245232403278351,0.5052405595779419,0.00022306045866571367
0.3247511088848114,0.5052731037139893,0.00022200065723154694
0.3233928084373474,0.50503009557724,0.00021903547167312354
0.32279759645462036,0.5049793720245361,0.00021536648273468018
0.3229813873767853,0.5050027370452881,0.00021344443666748703
0.32092633843421936,0.5050392150878906,0.00021164992358535528
0.3205842673778534,0.5047895908355713,0.0002094500814564526
0.3136225938796997,0.5046219825744629,0.0001986912830034271
0.31310999393463135,0.504753053188324,0.0001978643558686599
0.3111315965652466,0.5049900412559509,0.0001944434770848602
0.3074827492237091,0.5052762627601624,0.00019086939573753625
0.30051562190055847,0.5053842663764954,0.000183420444955118
0.29773595929145813,0.5052914619445801,0.00017711156397126615
0.29822102189064026,0.5051006078720093,0.00017893922631628811
0.29709434509277344,0.5048016309738159,0.0001801391044864431
0.29783105850219727,0.504306435585022,0.00018182644271291792
0.29648375511169434,0.5042784214019775,0.0001819278986658901
0.29698947072029114,0.5041195154190063,0.00018346607976127416
0.2956521511077881,0.5039980411529541,0.0001828963286243379
0.2941887378692627,0.5036872625350952,0.00018237807671539485
0.2935613989830017,0.5032303929328918,0.00018004412413574755
0.29242002964019775,0.5031548142433167,0.0001793334522517398
0.29211825132369995,0.5033504962921143,0.00018391937192063779
0.2911403179168701,0.5031962394714355,0.0001844708458520472
0.2904839515686035,0.5029135346412659,0.00018243235535919666
0.2907852232456207,0.5029447078704834,0.00018144852947443724
0.29102787375450134,0.502943217754364,0.00018116796854883432
0.29131320118904114,0.5029018521308899,0.0001800448226276785
0.2916194200515747,0.5028261542320251,0.0001787080109352246
0.29049718379974365,0.5027769804000854,0.00017656591080594808
0.29031333327293396,0.5027576088905334,0.00017910001042764634
0.29066726565361023,0.5027278065681458,0.0001768407237250358
0.29149559140205383,0.5026693940162659,0.00017545440641697496
0.2920844554901123,0.502774178981781,0.00017361878417432308
0.29225462675094604,0.5029290914535522,0.0001731218653731048
0.2920074164867401,0.5030823945999146,0.00017246347852051258
0.2927126884460449,0.5028135180473328,0.00017124204896390438
0.2928914725780487,0.5028463006019592,0.00017129005573224276
0.29219579696655273,0.5028600692749023,0.00017077212396543473
0.29007279872894287,0.5028864145278931,0.00016825857164803892
0.28997641801834106,0.5026838779449463,0.00016354436229448766
0.2891283631324768,0.5026698708534241,0.0001639764232095331
0.2874996066093445,0.5028638243675232,0.00016148974827956408
0.28514447808265686,0.5029571056365967,0.00015985917707439512
0.28470462560653687,0.5031012892723083,0.00015779621026013047
0.28455767035484314,0.503082811832428,0.00015563426131848246
0.28383582830429077,0.5033963918685913,0.00015467677440028638
0.2833818793296814,0.503472626209259,0.00015580472245346755
0.2828920781612396,0.5036920309066772,0.00015592867566738278
0.28246331214904785,0.5037981867790222,0.00015675814938731492
0.282029926776886,0.5038520097732544,0.0001572242908878252
0.2819770574569702,0.5038785934448242,0.0001559578231535852
0.2820352613925934,0.503998875617981,0.00015662875375710428
0.28200459480285645,0.5040413737297058,0.0001549231237731874
0.28207284212112427,0.5040324330329895,0.0001549293374409899
0.2825009822845459,0.5039526224136353,0.00015613339201081544
0.2825259268283844,0.5039007663726807,0.00015579847968183458
0.2826586067676544,0.503953754901886,0.00015349109889939427
0.2824655771255493,0.504750669002533,0.00015142711345106363
0.2822662889957428,0.5047871470451355,0.00014941908011678606
0.28208187222480774,0.5053137540817261,0.0001486956316512078
0.2818228006362915,0.5050212740898132,0.0001488303969381377
0.2815670073032379,0.5049744248390198,0.00014965335140004754
0.28153738379478455,0.50498366355896,0.000149912855704315
0.2812562882900238,0.5050840377807617,0.00015050840738695115
0.2798789441585541,0.5052682161331177,0.0001493914460297674
0.27987366914749146,0.505245566368103,0.0001502387021901086
0.2799234092235565,0.5052543878555298,0.00015049392823129892
0.27969396114349365,0.505388617515564,0.00015085410268511623
0.27985742688179016,0.5055204629898071,0.00015133472334127873
0.2798686921596527,0.5057178139686584,0.00015183484356384724
0.2797018885612488,0.5057616233825684,0.00015274387260433286
0.2795827090740204,0.50577712059021,0.0001505877880845219
0.2792634963989258,0.5060354471206665,0.0001515110197942704
0.27907270193099976,0.5062106251716614,0.00015080579032655805
0.27889367938041687,0.5061754584312439,0.00015211278514470905
0.2787688970565796,0.5060768127441406,0.00015099802112672478
0.27854061126708984,0.5059925317764282,0.00015028970665298402
0.27846285700798035,0.5059529542922974,0.00014956019003875554
0.27803391218185425,0.5060182213783264,0.000148894265294075
0.2777990996837616,0.5060051679611206,0.00014783466758672148
0.2778332233428955,0.5060234069824219,0.0001465167588321492
0.2779384255409241,0.5062457919120789,0.0001460657804273069
0.25319257378578186,0.5075975060462952,0.00012449632049538195
0.23820291459560394,0.5080178380012512,0.00011235564306844026
0.23888932168483734,0.5074692964553833,0.00010957763151964173
0.23962733149528503,0.5069102644920349,0.00010789625957841054
0.23632273077964783,0.5068227648735046,0.00010403490887256339
0.22857721149921417,0.5060774683952332,9.767124720383435e-05
0.2598574757575989,0.5053725242614746,0.00011661325697787106
0.2604672610759735,0.5051379203796387,0.00011647423525573686
0.3426319360733032,0.5057615637779236,0.000195577900740318
0.390936017036438,0.5060095191001892,0.00027747670537792146
0.460170179605484,0.5053724646568298,0.00048682073247618973
0.45672768354415894,0.5053338408470154,0.0005115459789521992
0.4714744985103607,0.5040315985679626,0.0005934026557952166
0.5044905543327332,0.5015674233436584,0.0007433839491568506
0.5471486449241638,0.4996080994606018,0.0009059392614290118
0.5581611394882202,0.49914810061454773,0.0009780634427443147
0.5526233315467834,0.4994214177131653,0.001021427335217595
0.542860209941864,0.49988678097724915,0.001048192149028182
0.5117231607437134,0.5012369751930237,0.0010377205908298492
0.43588441610336304,0.5056760907173157,0.0007945293909870088
0.4338970482349396,0.5058321356773376,0.000783702707849443
0.4341278076171875,0.5058228969573975,0.0007815749850124121
0.41716283559799194,0.5068137645721436,0.0007068180711939931
0.3781776428222656,0.5070096850395203,0.0005409590085037053
0.3584817051887512,0.5064571499824524,0.00045221042819321156
0.36253803968429565,0.5060614943504333,0.0004321811720728874
0.36645200848579407,0.5057563781738281,0.0004127581778448075
0.36065104603767395,0.5054279565811157,0.0003769771719817072
0.3475755453109741,0.5050287842750549,0.00034004240296781063
0.3494357466697693,0.5046460628509521,0.0003323715936858207
0.35084813833236694,0.5044980645179749,0.000325475528370589
0.3519659638404846,0.5044451951980591,0.00031884529744274914
0.35211020708084106,0.5044668912887573,0.0003170033742208034
0.3523634970188141,0.5044647455215454,0.00031391860102303326
0.35280174016952515,0.5043441653251648,0.0003138658939860761
0.35305196046829224,0.5044457316398621,0.0003104971256107092
0.35315701365470886,0.5046135783195496,0.0003097425797022879
0.3528233468532562,0.5048103928565979,0.0003094636485911906
0.35255566239356995,0.5048484206199646,0.0003114158462267369
0.3521381914615631,0.5051743984222412,0.00031206553103402257
0.3520123064517975,0.5055266618728638,0.0003114523715339601
0.35186874866485596,0.5056402087211609,0.00031036866130307317
0.35176241397857666,0.5057806968688965,0.0003081976028624922
0.35163360834121704,0.5059766173362732,0.00030717236222699285
0.35142797231674194,0.5061054229736328,0.00030435927328653634
0.34693673253059387,0.5062275528907776,0.0002966905012726784
0.31794679164886475,0.5060651898384094,0.00024747083080001175
0.252702921628952,0.5054398775100708,0.0001645875017857179
0.2534671723842621,0.5054062008857727,0.00015902362065389752
0.20731113851070404,0.5057521462440491,0.0001166664224001579
0.05908619612455368,0.506770133972168,5.09752644575201e-05
0.00034874651464633644,0.5052695870399475,0.00017259064770769328
0.0003051394014619291,0.5051493048667908,0.00015876180259510875
0.000275986036285758,0.5053834319114685,0.00014551138156093657
0.00025062268832698464,0.5054352283477783,0.00013333529932424426
0.00022298158728517592,0.5053922533988953,0.0001235192466992885
0.0002056525700027123,0.5054700970649719,0.00011467141303000972
0.00019667073502205312,0.5057224631309509,0.00010504882811801508
0.00019610673189163208,0.5056567192077637,9.582139318808913e-05
0.00020189541100990027,0.5054951906204224,9.162617789115757e-05
0.0002257860905956477,0.5054434537887573,8.788105333223939e-05
0.00024271993606816977,0.5053974390029907,8.637114660814404e-05
0.00025776668917387724,0.5053583979606628,8.518794493284076e-05
0.00027425377629697323,0.5052952766418457,8.361571235582232e-05
0.0002880011743400246,0.5048384070396423,8.187683852156624e-05
0.0003147762909065932,0.5046948790550232,7.896262832218781e-05
0.00034526060335338116,0.5045666098594666,7.60691036703065e-05
0.00036421106779016554,0.5041986703872681,7.442985224770382e-05
0.0003975322761107236,0.5041945576667786,7.21229225746356e-05
0.000429133593570441,0.5040702819824219,7.013625872787088e-05
0.0004503847158048302,0.5039856433868408,6.870827201055363e-05
0.00048466495354659855,0.5042681097984314,6.63597384118475e-05
0.0005172968376427889,0.5041074156761169,6.430083885788918e-05
0.0005531992646865547,0.5040995478630066,6.252955790841952e-05
0.0005868708249181509,0.5039276480674744,6.106589717091992e-05
0.0006076440331526101,0.5036808848381042,6.038431456545368e-05
0.0006159298936836421,0.5035726428031921,6.002852751407772e-05
0.0006277869688346982,0.5034739375114441,5.9245085139991716e-05
0.0006316978833638132,0.5034168362617493,5.9150079323444515e-05
0.0006323116249404848,0.5033963918685913,5.898245217395015e-05
0.0006283778348006308,0.5034902691841125,5.9119684010511264e-05
0.0006232386222109199,0.5034707188606262,5.949323167442344e-05
0.0006018413696438074,0.5035210251808167,6.034782563801855e-05
0.0005640445742756128,0.5034852027893066,6.187600229168311e-05
0.0005509224138222635,0.5035499930381775,6.262025999603793e-05
0.000520952045917511,0.5036194324493408,6.395209493348375e-05
0.0005198248545639217,0.503406286239624,6.401065911632031e-05
0.0005014371126890182,0.5030086636543274,6.472915265476331e-05
0.0004773744731210172,0.5029677748680115,6.547212979057804e-05
0.00046800030395388603,0.5028584599494934,6.580814078915864e-05
0.00046071966062299907,0.5028344392776489,6.608244439121336e-05
0.00045993836829438806,0.5028486251831055,6.620545173063874e-05
0.0004749210784211755,0.5027139186859131,6.566608499269933e-05
0.0005010914173908532,0.5024458765983582,6.424714956665412e-05
0.000511497026309371,0.5022808909416199,6.381861021509394e-05
0.0005313635338097811,0.5018711686134338,6.273651524679735e-05
0.0005343018565326929,0.5018602609634399,6.314965867204592e-05
0.0005322287906892598,0.502190887928009,6.323492561932653e-05
0.0005350701394490898,0.5022391676902771,6.334314093692228e-05
0.0005521093844436109,0.5022035837173462,6.340883555822074e-05
0.0005907487357035279,0.5021077394485474,6.27898407401517e-05
0.0006205361569300294,0.5021612644195557,6.26285036560148e-05
0.0006653249147348106,0.5021246671676636,6.201186624821275e-05
0.0007078993367031217,0.5022401809692383,6.18668636889197e-05
0.0007407953380607069,0.502234697341919,6.173537985887378e-05
0.021604212000966072,0.5030893087387085,2.2683145289192908e-05
0.04424996301531792,0.5030965805053711,2.0171586584183387e-05
0.044675540179014206,0.5028300881385803,2.0898442016914487e-05
0.045035216957330704,0.5026184320449829,2.1659709091181867e-05
0.04527580365538597,0.5027026534080505,2.254989703942556e-05
0.04522302374243736,0.5029500126838684,2.325442255823873e-05
0.04526261240243912,0.5029563903808594,2.379651959927287e-05
0.04532479867339134,0.5029353499412537,2.4262495571747422e-05
0.045268528163433075,0.5029577016830444,2.450248211971484e-05
0.04569042846560478,0.5028320550918579,2.4405237127211876e-05
0.04554569348692894,0.5028664469718933,2.4491384465363808e-05
0.045228563249111176,0.50285404920578,2.4442269932478666e-05
0.04524439945816994,0.5027918815612793,2.421947465336416e-05
0.0451883040368557,0.5027869939804077,2.3966347725945525e-05
0.04470996558666229,0.5027153491973877,2.3475904527003877e-05
0.04427271708846092,0.5027436017990112,2.3116559532354586e-05
0.04332973062992096,0.5027374625205994,2.264734939672053e-05
0.042747870087623596,0.5027382969856262,2.2242278646444902e-05
0.04137649014592171,0.5029107332229614,2.192359352193307e-05
0.0405266098678112,0.5029837489128113,2.164335637644399e-05
0.03974089026451111,0.5028700828552246,2.1176907466724515e-05
0.03879527375102043,0.5030066967010498,2.1010790078435093e-05
0.03738783299922943,0.5031020641326904,2.0911420506308787e-05
0.03511006757616997,0.5031892657279968,2.066336674033664e-05
0.03236500918865204,0.5032863020896912,2.0487750589381903e-05
0.030608566477894783,0.5033422708511353,2.0497991499723867e-05
0.030946603044867516,0.5033473968505859,2.0593392036971636e-05
0.028136594220995903,0.503796398639679,2.0836791009060107e-05
0.02740158699452877,0.5041072964668274,2.0968915123376064e-05
0.02618565782904625,0.5042513012886047,2.1175534129724838e-05
0.02646932564675808,0.504306435585022,2.1097548597026616e-05
0.024057840928435326,0.5043565630912781,2.1407249732874334e-05
0.021667318418622017,0.5045135021209717,2.1894527890253812e-05
0.02055485174059868,0.504721462726593,2.2394480765797198e-05
0.019810661673545837,0.5048545598983765,2.272276469739154e-05
0.018368082121014595,0.5049739480018616,2.312293327122461e-05
0.016588587313890457,0.5050570964813232,2.3569020413560793e-05
0.00019970971334259957,0.5040503144264221,0.0001031846331898123
0.00019627134315669537,0.5040754675865173,0.00010304471652489156
0.00019724068988580257,0.5040726661682129,0.00010230346379103139
0.00020355056039988995,0.5040785074234009,0.00010033201397163793
0.00022537507175002247,0.503978431224823,9.580431651556864e-05
0.0002576317929197103,0.5041115283966064,9.057382703758776e-05
0.00029068582807667553,0.5041061639785767,8.618208084953949e-05
0.0003240685909986496,0.504000723361969,8.21395224193111e-05
0.0003342365089338273,0.5038020610809326,7.969755097292364e-05
0.00035012836451642215,0.5035749077796936,7.789190567564219e-05
0.0003758203238248825,0.5034535527229309,7.538840873166919e-05
0.00038738048169761896,0.5033750534057617,7.370624371105805e-05
0.00036733891465701163,0.5032830238342285,7.37124282750301e-05
0.00039928924525156617,0.5030581951141357,7.116244523786008e-05
0.0004266690229997039,0.5029058456420898,6.933129770914093e-05
0.0004628044553101063,0.5026019811630249,6.736535578966141e-05
0.00047328596701845527,0.50251704454422,6.63201353745535e-05
0.00048798922216519713,0.5023166537284851,6.553759158123285e-05
0.0005487422458827496,0.5021698474884033,6.357346137519926e-05
0.0005971896462142467,0.5020782947540283,6.23265586909838e-05
0.000646122032776475,0.5020241141319275,6.138227763585746e-05
0.0007006993982940912,0.5019233822822571,6.023134119459428e-05
0.0008003410184755921,0.5018092393875122,5.84368099225685e-05
0.0008666273206472397,0.5018496513366699,5.746223541791551e-05
0.0009045174228958786,0.5017856955528259,5.6951619626488537e-05
0.0009055738337337971,0.5018362402915955,5.684017014573328e-05
0.0008942019194364548,0.5017656087875366,5.6803866755217314e-05
0.0008449599845334888,0.5017969608306885,5.7537243264960125e-05
0.0007767329225316644,0.5018199682235718,5.873144982615486e-05
0.000709511514287442,0.5018436908721924,6.009387652738951e-05
0.000655611336696893,0.5019362568855286,6.142865458969027e-05
0.0006065299385227263,0.5020778775215149,6.280439993133768e-05
0.0005652681575156748,0.5021564960479736,6.404534360626712e-05
0.0004987171851098537,0.5021913647651672,6.634436431340873e-05
0.00043757687672041357,0.5022009015083313,6.86450075590983e-05
0.0003706829738803208,0.5021318197250366,7.164719136198983e-05
0.00034411344677209854,0.5020979642868042,7.331256347242743e-05
0.00035771261900663376,0.5020755529403687,7.220984116429463e-05
0.00038116800715215504,0.5019501447677612,7.060923235258088e-05
0.00040980707854032516,0.5020509958267212,6.886222399771214e-05
0.0004449175903573632,0.5021277666091919,6.716798088746145e-05
0.0004840416950173676,0.5022295117378235,6.565763760590926e-05
0.0005145412287674844,0.5022004842758179,6.464248872362077e-05
0.042631473392248154,0.5031139850616455,1.804441853892058e-05
0.06444281339645386,0.5030474066734314,1.9082128346781246e-05
0.06555400788784027,0.5030509829521179,2.042935557255987e-05
0.06647185981273651,0.5030703544616699,2.172505992348306e-05
0.07057097554206848,0.5029991269111633,2.2921560230315663e-05
0.06997193396091461,0.5030285120010376,2.3806596800568514e-05
0.07211233675479889,0.5029740929603577,2.5235838620574214e-05
0.09275771677494049,0.5028149485588074,2.869942363759037e-05
0.0919642522931099,0.5028732419013977,2.9781576813547872e-05
0.11523603647947311,0.5026692152023315,3.3890813938342035e-05
0.14527861773967743,0.5026266574859619,4.1114966734312475e-05
0.17690595984458923,0.5025928616523743,5.158673957339488e-05
0.20225156843662262,0.5025765895843506,6.259960355237126e-05
0.20089736580848694,0.5026242733001709,6.48956629447639e-05
0.20534001290798187,0.502736508846283,7.04417034285143e-05
0.20482012629508972,0.502856433391571,7.392896804958582e-05
0.20366255939006805,0.5027507543563843,7.642887794645503e-05
0.202401265501976,0.5028195977210999,7.949610881041735e-05
0.20139920711517334,0.5029259324073792,8.233157132053748e-05
0.2007521390914917,0.5030707716941833,8.474684727843851e-05
0.2001960724592209,0.5031877756118774,8.626274211565033e-05
0.2000339776277542,0.5032907724380493,8.695101860212162e-05
0.19990941882133484,0.5033257007598877,8.82392778294161e-05
0.19974884390830994,0.5033347010612488,8.890602475730702e-05
0.1995449662208557,0.503045916557312,8.906605944503099e-05
0.1989183872938156,0.5028965473175049,8.71165975695476e-05
0.19799154996871948,0.5032162666320801,8.865517884260044e-05
0.19717586040496826,0.5034065246582031,8.988044282887131e-05
0.19632995128631592,0.5037206411361694,8.978680853033438e-05
0.1957906037569046,0.5037474036216736,8.897625230019912e-05
0.19576111435890198,0.5031948089599609,8.616318518761545e-05
0.19538839161396027,0.5027235746383667,8.428657747572288e-05
0.19539916515350342,0.5024482011795044,8.371168951271102e-05
0.1949385702610016,0.5021995306015015,8.3398241258692e-05
0.21578897535800934,0.5020238161087036,9.245012915926054e-05
0.21659065783023834,0.502210795879364,9.510914969723672e-05
0.23313698172569275,0.5020865797996521,0.00010294336243532598
0.2439074069261551,0.5019310712814331,0.00010798703442560509
0.24551646411418915,0.5019128322601318,0.00010917243344010785
0.24600839614868164,0.5019571185112,0.00011028689186787233
0.24602389335632324,0.5022700428962708,0.000113636655441951
0.24605299532413483,0.5026229619979858,0.00011661426106002182
0.24535290896892548,0.5027737617492676,0.00011831521987915039
0.24516525864601135,0.502935528755188,0.0001186942245112732
0.24448765814304352,0.5030933618545532,0.00012181327474536374
0.24325133860111237,0.5031978487968445,0.00011913394700968638
0.24237826466560364,0.5030739307403564,0.00011763932707253844
0.24157355725765228,0.5030032992362976,0.00011848762369481847
0.24085064232349396,0.5029471516609192,0.00011743500363081694
0.2401290088891983,0.5028557181358337,0.00011612811067607254
0.23964646458625793,0.5028759241104126,0.00011520033876877278
0.23956811428070068,0.503395676612854,0.00011457959044491872
0.2402740716934204,0.5031858682632446,0.00011329173139529303
0.24088676273822784,0.5031707882881165,0.00011321224155835807
0.24152494966983795,0.5030259490013123,0.00011266752699157223
0.24248361587524414,0.5028976798057556,0.00011458789958851412
0.24266812205314636,0.5029109120368958,0.00011446340067777783
0.24270929396152496,0.502809464931488,0.00011189065844519064
0.24285291135311127,0.502796471118927,0.00011196376726729795
0.24297679960727692,0.5029218792915344,0.00011276124860160053
0.2427595555782318,0.5031401515007019,0.00011171773076057434
0.24220117926597595,0.5030347108840942,0.00011014984920620918
0.2416875660419464,0.5031365156173706,0.00010982597450492904
0.24146397411823273,0.5031306147575378,0.00010853386629605666
0.24088014662265778,0.5032619833946228,0.00010708261834224686
0.23637227714061737,0.5033453702926636,0.00010338734136894345
0.22767117619514465,0.5033836960792542,9.760179091244936e-05
0.221051424741745,0.5033994317054749,9.383085853187367e-05
0.2213321328163147,0.5032492876052856,9.2841059085913e-05
0.20320728421211243,0.5027349591255188,8.187574712792411e-05
0.1972712129354477,0.5025218725204468,7.852597627788782e-05
0.19693171977996826,0.5029708743095398,7.775876292726025e-05
0.19766388833522797,0.5029751062393188,7.734447717666626e-05
0.19630171358585358,0.5029950737953186,7.580081728519872e-05
0.19134588539600372,0.5029332637786865,7.28021768736653e-05
0.17713961005210876,0.5031105279922485,6.555571599164978e-05
0.1768466681241989,0.5035704970359802,6.41791193629615e-05
0.17763711512088776,0.503176748752594,6.335739453788847e-05
0.17826004326343536,0.5030073523521423,6.320123065961525e-05
0.1789216697216034,0.5028011202812195,6.345976726152003e-05
0.17667551338672638,0.5026080012321472,6.224992830539122e-05
0.17537803947925568,0.502463698387146,6.136466254247352e-05
0.17583148181438446,0.5023922324180603,6.052337266737595e-05
0.17629557847976685,0.5022476315498352,6.0119440604466945e-05
0.17567963898181915,0.5021187663078308,5.986828909954056e-05
0.1757916808128357,0.5020876526832581,5.9946603869320825e-05
0.18010695278644562,0.5009849667549133,6.167200626805425e-05
0.18002580106258392,0.500689685344696,6.164966180222109e-05
0.19205453991889954,0.5007040500640869,6.682349339826033e-05
0.21186375617980957,0.5005519986152649,7.571253809146583e-05
0.21134398877620697,0.5005193948745728,7.67290111980401e-05
0.2108609825372696,0.5006144642829895,7.763472967781126e-05
0.21004000306129456,0.5008901953697205,7.872902642702684e-05
0.20924466848373413,0.5010871291160583,7.983233808772638e-05
0.20961540937423706,0.5009413361549377,8.157243428286165e-05
0.20924320816993713,0.5010830163955688,8.256413275375962e-05
0.20841281116008759,0.5013630986213684,8.363262168131769e-05
0.20843029022216797,0.5015487670898438,8.508426981279626e-05
0.20856529474258423,0.5019887089729309,8.554450323572382e-05
0.20887678861618042,0.5019668340682983,8.677401638124138e-05
0.2086319625377655,0.5022241473197937,8.630133379483595e-05
0.20821742713451385,0.5024716258049011,8.56397527968511e-05
0.20791399478912354,0.5025898218154907,8.528198668500409e-05
0.204563707113266,0.5028181076049805,8.380618237424642e-05
0.20257091522216797,0.5030857920646667,8.221702591981739e-05
0.19852545857429504,0.5031784176826477,7.98133114585653e-05
0.19559787213802338,0.5043932199478149,7.815327262505889e-05
0.19552938640117645,0.504523754119873,7.770109368721023e-05
0.19561637938022614,0.5042109489440918,7.727989577688277e-05
0.195711150765419,0.5041580200195312,7.633069617440924e-05
0.19576440751552582,0.5043325424194336,7.574178744107485e-05
0.19606371223926544,0.5043929815292358,7.564765837742016e-05
0.19655866920948029,0.5043248534202576,7.583581464132294e-05
0.19621682167053223,0.5042043924331665,7.482845830963925e-05
0.18514852225780487,0.5041205883026123,7.002324855420738e-05
0.13964338600635529,0.504102349281311,5.294794027577154e-05
0.06648018956184387,0.5045827031135559,3.715529965120368e-05
0.029192207381129265,0.5048328638076782,3.394997838768177e-05
0.010795194655656815,0.504956066608429,3.901049421983771e-05
0.006358320824801922,0.5047659873962402,4.177570735919289e-05
0.0065102409571409225,0.5033615231513977,3.8866786780999973e-05
0.0006336252554319799,0.5039345622062683,7.835483847884461e-05
0.0006003670278005302,0.5060972571372986,7.432232814608142e-05
0.0005619354196824133,0.5059798955917358,7.079673378029838e-05
0.0005458241794258356,0.5047255754470825,6.75265328027308e-05
0.0005477655795402825,0.5046681761741638,6.550404214067385e-05
0.0005864394479431212,0.5048820972442627,6.342044071061537e-05
0.0006457588169723749,0.5041505098342896,6.141219637356699e-05
0.0006448823842220008,0.5035596489906311,6.144675717223436e-05
0.0006785234436392784,0.5030165910720825,6.0148911870783195e-05
0.0006470096413977444,0.5030173063278198,6.107160152168944e-05
0.000657613854855299,0.5031054019927979,6.053306788089685e-05
0.000627150118816644,0.5030187368392944,6.145220686448738e-05
0.0006718512740917504,0.5031538009643555,6.043167013558559e-05
0.0006585816154256463,0.5036837458610535,6.073636905057356e-05
0.0006604978116229177,0.50348299741745,6.105477223172784e-05
0.0006051322561688721,0.5034914612770081,6.277092325035483e-05
0.0005557507975026965,0.5038063526153564,6.425670289900154e-05
0.0005415891646407545,0.5039346814155579,6.468114588642493e-05
0.0005081979325041175,0.5039875507354736,6.608257535845041e-05
0.0004949291469529271,0.5037698149681091,6.638347258558497e-05
0.0004536045016720891,0.5037949085235596,6.836892862338573e-05
0.0004444042860995978,0.5033687353134155,6.836214743088931e-05
0.04867948591709137,0.5043953657150269,1.7485292119090445e-05
0.048222530633211136,0.5045706033706665,1.7970045519177802e-05
0.05880552530288696,0.5045585632324219,1.8511189409764484e-05
0.06703180074691772,0.5044975876808167,1.962959868251346e-05
0.06901147961616516,0.5046288967132568,2.043344829871785e-05
0.07013630867004395,0.5045813322067261,2.1159446987439878e-05
0.07211523503065109,0.5046066045761108,2.2089132471592166e-05
0.08014485239982605,0.5044926404953003,2.378292992943898e-05
0.09048814326524734,0.5043219327926636,2.588848292361945e-05
0.12174985557794571,0.5040071606636047,3.056777859455906e-05
0.12527871131896973,0.5038539171218872,3.174034645780921e-05
0.12450540065765381,0.5036610960960388,3.2074080081656575e-05
0.12381791323423386,0.5038906931877136,3.2460444344906136e-05
0.12325318902730942,0.504118025302887,3.2957017538137734e-05
0.1248813197016716,0.5040844678878784,3.353040665388107e-05
0.12418957054615021,0.5044286847114563,3.373249637661502e-05
0.12371503561735153,0.5044984221458435,3.391888094483875e-05
0.12334322184324265,0.5044732093811035,3.3917844120878726e-05
0.12316691875457764,0.5044811367988586,3.354163345647976e-05
0.12300638109445572,0.5045055747032166,3.336616646265611e-05
0.12287615984678268,0.5043889284133911,3.317301161587238e-05
0.12282388657331467,0.504108726978302,3.312426633783616e-05
0.12284499406814575,0.503760576248169,3.3320728107355535e-05
0.12297112494707108,0.5038346648216248,3.367435056134127e-05
0.12296218425035477,0.503777801990509,3.384066076250747e-05
0.12299558520317078,0.5037892460823059,3.396296233404428e-05
0.12296702712774277,0.5038166046142578,3.397935870452784e-05
0.12284627556800842,0.5038501620292664,3.402605216251686e-05
0.12276998907327652,0.5038672685623169,3.404773451620713e-05
0.1226777583360672,0.5038264989852905,3.398178523639217e-05
0.12262105196714401,0.5038461089134216,3.401326830498874e-05
0.09070567041635513,0.5040358901023865,2.9538805392803624e-05
0.07017125934362411,0.5040679574012756,2.6420379072078504e-05
0.07056798040866852,0.5040350556373596,2.5839350200840272e-05
0.0709168016910553,0.5038672089576721,2.518770270398818e-05
0.0712745189666748,0.5040256977081299,2.4681234208401293e-05
0.0718337818980217,0.5041853785514832,2.4304295948240906e-05
0.07237502932548523,0.5041254758834839,2.3908411094453186e-05
0.07291558384895325,0.5039301514625549,2.3624805180588737e-05
0.07355411350727081,0.5037317872047424,2.344422318856232e-05
0.08261667937040329,0.5037607550621033,2.4563687475165352e-05
0.08989574760198593,0.5040014386177063,2.5575120162102394e-05
0.09103342145681381,0.5039798617362976,2.6073414119309746e-05
0.09119747579097748,0.5038729906082153,2.6811283532879315e-05
0.09140811860561371,0.5035539269447327,2.8362612283672206e-05
0.09164402633905411,0.5034542083740234,2.98872164421482e-05
0.09522176533937454,0.503186047077179,3.1593521271133795e-05
0.10335560888051987,0.502635657787323,3.371712227817625e-05
0.11981271952390671,0.50247722864151,3.712873512995429e-05
0.13133634626865387,0.5024964213371277,4.0392958908341825e-05
0.14387324452400208,0.5023807287216187,4.473701483220793e-05
0.1578957587480545,0.5017966032028198,5.0500613724580035e-05
0.1717142015695572,0.5023605823516846,5.653905827784911e-05
0.17454136908054352,0.5026565194129944,5.9318976127542555e-05
0.17781351506710052,0.5017521977424622,6.132768612587824e-05
0.18848901987075806,0.5009926557540894,6.639905041083694e-05
0.1924084573984146,0.5011594891548157,6.92647518008016e-05
0.194527268409729,0.5017258524894714,7.214665674837306e-05
0.19587820768356323,0.5020798444747925,7.475342863472179e-05
0.19494414329528809,0.5022744536399841,7.594806083943695e-05
0.1944938451051712,0.5025135278701782,7.655579975107685e-05
0.1951449066400528,0.5026068687438965,7.752672536298633e-05
0.1951252669095993,0.5025849342346191,7.848712266422808e-05
0.19582046568393707,0.5025861859321594,7.931059371912852e-05
0.1961463987827301,0.5025895833969116,8.02022623247467e-05
0.19633923470973969,0.5025057196617126,8.02371432655491e-05
0.19638106226921082,0.5027660727500916,8.119588164845482e-05
0.19631990790367126,0.5029155015945435,8.034157508518547e-05
0.19620268046855927,0.503243625164032,8.036150393309072e-05
0.19627761840820312,0.5031329989433289,8.069061732385308e-05
0.19569429755210876,0.5034503936767578,8.072301716310903e-05
0.19523246586322784,0.5040343403816223,8.131172216963023e-05
0.19490481913089752,0.5040343403816223,8.135127427522093e-05
0.19604840874671936,0.504061222076416,8.196855196729302e-05
0.199459508061409,0.504418134689331,8.32660953165032e-05
0.1994933933019638,0.5044450759887695,8.366788097191602e-05
0.20629601180553436,0.5036571025848389,8.67880808073096e-05
0.2111193984746933,0.5031309723854065,9.073280671145767e-05
0.2121092826128006,0.5030937790870667,9.202388901030645e-05
0.21212466061115265,0.5036866664886475,9.243417298421264e-05
0.21330446004867554,0.5035786032676697,9.454804967390373e-05
0.21400423347949982,0.5034907460212708,9.539235179545358e-05
0.21342317759990692,0.5037471652030945,9.665761899668723e-05
0.21312329173088074,0.5039972066879272,9.779482206795365e-05
0.2125411033630371,0.5042083263397217,9.960343595594168e-05
0.21161481738090515,0.5047733187675476,0.00010043932707048953
0.21104954183101654,0.5050132870674133,9.964133641915396e-05
0.2106890231370926,0.5052832961082458,9.879757271846756e-05
0.2103482037782669,0.5055037140846252,9.825181768974289e-05
0.21017228066921234,0.5054409503936768,9.81658449745737e-05
0.21017198264598846,0.5054323673248291,9.680890070740134e-05
0.210506409406662,0.5054362416267395,9.590430272510275e-05
0.2109677940607071,0.5051446557044983,9.475573460804299e-05
0.21135759353637695,0.5046507716178894,9.325577411800623e-05
0.21171775460243225,0.504265308380127,9.130138641921803e-05
0.212065652012825,0.5040261745452881,9.030337969306856e-05
0.2121957689523697,0.5040006637573242,9.03461841517128e-05
0.2120974212884903,0.5040045976638794,8.948320464696735e-05
0.21188093721866608,0.5039762258529663,8.853765757521614e-05
0.2113937884569168,0.5040690302848816,8.759032789384946e-05
0.21087828278541565,0.5038849115371704,8.682326733833179e-05
0.20650829374790192,0.5038215517997742,8.412132592638955e-05
0.20600980520248413,0.5038625597953796,8.346730464836583e-05
0.20563159883022308,0.5039705634117126,8.438630175078288e-05
0.2052384912967682,0.5041654109954834,8.594883547630161e-05
0.20462490618228912,0.5044036507606506,8.8193264673464e-05
0.20455262064933777,0.5045210123062134,8.75024197739549e-05
0.20343263447284698,0.5050806999206543,8.759725460549816e-05
0.20265811681747437,0.5060846209526062,8.757245086599141e-05
0.19189618527889252,0.5063878893852234,8.197488205041736e-05
0.17888320982456207,0.5060796737670898,7.546378765255213e-05
0.1514420360326767,0.5058918595314026,6.301544635789469e-05
0.12249516695737839,0.5059430003166199,5.2313193009467795e-05
0.10267367213964462,0.5058430433273315,4.565854396787472e-05
0.07014795392751694,0.5059667229652405,3.710947930812836e-05
0.022062551230192184,0.5060243010520935,3.350314364070073e-05
0.0005088670877739787,0.505309522151947,9.897353447740898e-05
0.0004539341025520116,0.5052176713943481,9.421622235095128e-05
0.000393001944757998,0.5052825212478638,9.137350571108982e-05
0.0003470798546914011,0.5053016543388367,8.820848597679287e-05
0.0003049657680094242,0.5052632093429565,8.597342821303755e-05
0.0002692172129172832,0.5051583051681519,8.439128578174859e-05
0.0002531694190111011,0.5051271319389343,8.219436858780682e-05
0.00027501731528900564,0.5051572918891907,7.906502287369221e-05
0.0003022403398063034,0.5052271485328674,7.651828491361812e-05
0.0003404536982998252,0.5057365894317627,7.600514800287783e-05
0.00035252008819952607,0.5065642595291138,7.548667781520635e-05
0.0003628364356700331,0.5064201354980469,7.511070725740865e-05
0.0003566233499441296,0.5063191652297974,7.473140431102365e-05
0.00035674747778102756,0.505709171295166,7.450136035913602e-05
0.0003632277075666934,0.5054948925971985,7.421609916491434e-05
0.012346417643129826,0.5064569711685181,2.3216218323796056e-05
0.016221102327108383,0.5067648887634277,2.1788529920740984e-05
0.02016725391149521,0.5069619417190552,2.0406632756930776e-05
0.02315155602991581,0.5073762536048889,1.9816729036392644e-05
0.028338605538010597,0.5076753497123718,1.8549802916822955e-05
0.03084070235490799,0.5077611207962036,1.921895454870537e-05
0.04048311337828636,0.507899820804596,1.94154963537585e-05
0.04322357475757599,0.5080100297927856,2.0672965547419153e-05
0.04416089504957199,0.5081008076667786,2.2056443413021043e-05
0.04517838731408119,0.5080878138542175,2.276553823321592e-05
0.04719073697924614,0.5084700584411621,2.3634924218640663e-05
0.053259462118148804,0.5087569355964661,2.4697619664948434e-05
0.055451296269893646,0.5085248947143555,2.5566292606526986e-05
0.05571010336279869,0.508400559425354,2.5818559151957743e-05
0.056011833250522614,0.5083742737770081,2.661152211658191e-05
0.05612163618206978,0.5082899928092957,2.6209254428977147e-05
0.056422315537929535,0.5080156326293945,2.5768184059415944e-05
0.057463183999061584,0.5077838897705078,2.5701330741867423e-05
0.05847723409533501,0.5072191953659058,2.5302178983110934e-05
0.06021697446703911,0.506698489189148,2.537677573855035e-05
0.06319265812635422,0.5066452026367188,2.6020728910225444e-05
0.06528176367282867,0.5066242814064026,2.6228810384054668e-05
0.06713110953569412,0.5065197348594666,2.624464650580194e-05
0.07257156074047089,0.5064118504524231,2.7178975869901478e-05
0.08477620035409927,0.5063905119895935,2.878337909351103e-05
0.09355387091636658,0.5064285397529602,3.0172419428708963e-05
0.09831938147544861,0.5063560009002686,3.108035889454186e-05
0.10022801905870438,0.5062889456748962,3.157716491841711e-05
0.10285225510597229,0.5065634846687317,3.2354131690226495e-05
0.10333485901355743,0.5068164467811584,3.281435419921763e-05
0.10401762276887894,0.5064521431922913,3.295359420008026e-05
0.10341881960630417,0.506135880947113,3.336775989737362e-05
0.10308283567428589,0.5060366988182068,3.38175923388917e-05
0.10275501757860184,0.505998432636261,3.386593743925914e-05
0.10349926352500916,0.5059815645217896,3.39415310008917e-05
0.10319839417934418,0.505996584892273,3.372168794157915e-05
0.10293060541152954,0.5060628056526184,3.347223173477687e-05
0.10266932845115662,0.5060247182846069,3.293100598966703e-05
0.10258571803569794,0.506187379360199,3.279968223068863e-05
0.1045539528131485,0.5065875053405762,3.2839994673850015e-05
0.1055268943309784,0.5064045786857605,3.259783625253476e-05
0.10544756799936295,0.5061711072921753,3.203043161192909e-05
0.10512150824069977,0.5062448978424072,3.170534546370618e-05
0.10493410378694534,0.5061454176902771,3.152081262669526e-05
0.10510149598121643,0.5059484839439392,3.150236079818569e-05
0.10505594313144684,0.5058919787406921,3.122462294413708e-05
0.10473936051130295,0.5060581564903259,3.105535506620072e-05
0.10460422933101654,0.5060965418815613,3.10364666802343e-05
0.10456997901201248,0.5061748027801514,3.095181455137208e-05
0.10433201491832733,0.5066820979118347,3.1121882784646004e-05
0.1040387824177742,0.5069361925125122,3.1301809940487146e-05
0.10374366492033005,0.5068391561508179,3.1435920391231775e-05
0.10368293523788452,0.5065532922744751,3.183140870532952e-05
0.10370912402868271,0.5064125061035156,3.240980731789023e-05
0.10328363627195358,0.5064732432365417,3.240270234527998e-05
0.10298912227153778,0.5065858364105225,3.2803469366626814e-05
0.10287769883871078,0.506572425365448,3.2976291549857706e-05
0.10258470475673676,0.5068594217300415,3.309824751340784e-05
0.10206864774227142,0.5078919529914856,3.336648296681233e-05
0.10171646624803543,0.5082014799118042,3.3175099815707654e-05
0.10123404860496521,0.5079238414764404,3.283964906586334e-05
0.10088995099067688,0.5076412558555603,3.283323167124763e-05
0.100371353328228,0.5077393651008606,3.243902756366879e-05
0.10014020651578903,0.5077806711196899,3.192656367900781e-05
0.10019108653068542,0.5078052282333374,3.197726618964225e-05
0.10017827898263931,0.5080685019493103,3.139068212476559e-05
0.10054285079240799,0.5080777406692505,3.1497253075940534e-05
0.10086820274591446,0.5079152584075928,3.209852729924023e-05
0.10071776062250137,0.5077348947525024,3.199202910764143e-05
0.10138078033924103,0.5073511004447937,3.2079282391350716e-05
0.10229358077049255,0.5070927739143372,3.255971387261525e-05
0.10314937680959702,0.5069889426231384,3.3020911359926686e-05
0.10380770266056061,0.5069285035133362,3.329140963614918e-05
0.10415195673704147,0.5068642497062683,3.3403288398403674e-05
0.10438643395900726,0.5068148374557495,3.343640128150582e-05
0.10490419715642929,0.5068316459655762,3.392625512788072e-05
0.10510662198066711,0.5068358182907104,3.406221730983816e-05
0.10514059662818909,0.5070876479148865,3.362621646374464e-05
0.10589084774255753,0.5069207549095154,3.353770080138929e-05
0.10603350400924683,0.5066599249839783,3.333092899993062e-05
0.10584810376167297,0.5065234899520874,3.270223533036187e-05
0.10567688941955566,0.5064767003059387,3.184537126799114e-05
0.10561327636241913,0.5060814619064331,3.136273517156951e-05
0.10547003149986267,0.505842924118042,3.0802402761764824e-05
0.10523679852485657,0.5057628154754639,3.0169079764164053e-05
0.10496680438518524,0.5058169364929199,2.9729364541708492e-05
0.10462915152311325,0.5059441328048706,2.9238977731438354e-05
0.10476561635732651,0.5058311223983765,2.90823336399626e-05
0.10441497713327408,0.5060223340988159,2.8840528102591634e-05
0.10410009324550629,0.5062660574913025,2.855794627976138e-05
0.10383183509111404,0.5063109993934631,2.82232813333394e-05
0.10347913205623627,0.5064967274665833,2.8009500965708867e-05
0.10309870541095734,0.5068613290786743,2.7766394850914367e-05
0.10293368995189667,0.5069406032562256,2.7827894882648252e-05
0.10320223867893219,0.5068926215171814,2.8207836294313893e-05
0.10287360101938248,0.5069193243980408,2.8061744160368107e-05
0.1025848314166069,0.5069589614868164,2.7656671591103077e-05
0.10216332972049713,0.5071278214454651,2.763041266007349e-05
0.10151086002588272,0.5072146654129028,2.7190644686925225e-05
0.10102736949920654,0.5072323679924011,2.6892203095485456e-05
0.10073914378881454,0.5074148774147034,2.684180435608141e-05
0.10052111744880676,0.5076318383216858,2.669573405000847e-05
0.1003447100520134,0.5077782273292542,2.6597950636642054e-05
0.10010888427495956,0.5077530145645142,2.6377581889391877e-05
0.09943588078022003,0.5077163577079773,2.5816369088715874e-05
0.09910689294338226,0.5073808431625366,2.5561830625520088e-05
0.09871432185173035,0.5074504613876343,2.542195034038741e-05
0.09817000478506088,0.5074893236160278,2.4684881282155402e-05
0.09804591536521912,0.5075042843818665,2.458419112372212e-05
0.09797339141368866,0.5075907111167908,2.462001793901436e-05
0.09798083454370499,0.5077207684516907,2.474519715178758e-05
0.097985178232193,0.5077362656593323,2.4874592781998217e-05
0.09803694486618042,0.5078909397125244,2.5241903131245635e-05
0.09807175397872925,0.5079587697982788,2.54022961598821e-05
0.09834013879299164,0.5079332590103149,2.5805882614804432e-05
0.09878585487604141,0.5079194903373718,2.672579103091266e-05
0.09928260743618011,0.5079240798950195,2.7970050723524764e-05
0.09960300475358963,0.5080165266990662,2.9408163754851557e-05
0.09956485778093338,0.5081488490104675,2.990620669152122e-05
0.09296458214521408,0.5081460475921631,2.9407376132439822e-05
0.09196940064430237,0.5081809163093567,2.9581655326182954e-05
0.09135375916957855,0.5078914165496826,2.9770273613394238e-05
0.08973389863967896,0.5073297619819641,2.9551256375270896e-05
0.09020966291427612,0.5068275332450867,2.9771779736620374e-05
0.08632373809814453,0.5067562460899353,2.923632928286679e-05
0.08465275168418884,0.5065789818763733,2.857933213817887e-05
0.08306469023227692,0.5065310001373291,2.768728336377535e-05
0.08054672926664352,0.5064466595649719,2.6537572921370156e-05
0.07356594502925873,0.5065387487411499,2.5477020244579762e-05
0.06963296234607697,0.5065428018569946,2.4741915694903582e-05
0.06747306138277054,0.5064273476600647,2.4045031750574708e-05
0.06600258499383926,0.5063854455947876,2.3511705876444466e-05
0.06626135110855103,0.5065286755561829,2.317547296115663e-05
0.06637490540742874,0.5067338943481445,2.279962609463837e-05
0.06574378907680511,0.5069112777709961,2.2454743884736672e-05
0.06585655361413956,0.5070247650146484,2.2017437004251406e-05
0.06574568152427673,0.5071067810058594,2.1589285097434185e-05
0.0657234713435173,0.507186233997345,2.129156382579822e-05
0.06578073650598526,0.507090151309967,2.1204636141192168e-05
0.06569100171327591,0.5070986151695251,2.1046886104159057e-05
0.0655742809176445,0.5072214007377625,2.0962035705451854e-05
0.06549869477748871,0.5074949860572815,2.0897126887575723e-05
0.06543270498514175,0.5077261924743652,2.0773795768036507e-05
0.06544317305088043,0.5078052878379822,2.0708659576484933e-05
0.0653022825717926,0.5076555609703064,2.0545861843856983e-05
0.06487862765789032,0.507449746131897,2.0267632862669416e-05
0.06460221111774445,0.5073978900909424,2.0110255718464032e-05
0.06451927125453949,0.5074831247329712,2.0055078493896872e-05
0.06412641704082489,0.5075585246086121,1.9652450646390207e-05
0.06378089636564255,0.5076327919960022,1.9316634279675782e-05
0.06338535994291306,0.5076918005943298,1.8971210010931827e-05
0.06294264644384384,0.5078144669532776,1.8626078599481843e-05
0.06253546476364136,0.5079761147499084,1.8408873074804433e-05
0.06228429451584816,0.507977306842804,1.8346408978686668e-05
0.06177571415901184,0.5079538822174072,1.7990243577514775e-05
0.06141243875026703,0.5080124139785767,1.774272823240608e-05
0.061138927936553955,0.5080491900444031,1.7457432477385737e-05
0.060399506241083145,0.508003830909729,1.7084194041672163e-05
0.06003590673208237,0.5081456303596497,1.6961143046501093e-05
0.059954237192869186,0.5082288384437561,1.6923593648243695e-05
0.05973312258720398,0.5082640647888184,1.6882906493265182e-05
0.059525419026613235,0.5082996487617493,1.6821257304400206e-05
0.05936971306800842,0.5082516670227051,1.6697966202627867e-05
0.05904177948832512,0.508243978023529,1.6432806660304777e-05
0.059225816279649734,0.5081279873847961,1.6483298168168403e-05
0.05953627824783325,0.5080211758613586,1.655264168221038e-05
0.05970742180943489,0.5078737735748291,1.663823059061542e-05
0.059813760221004486,0.5078482031822205,1.6624684576527216e-05
0.05994066596031189,0.5075486898422241,1.6679026884958148e-05
0.0598614476621151,0.5072462558746338,1.664884803176392e-05
0.05981722101569176,0.506939709186554,1.660912312217988e-05
0.059814080595970154,0.5066809058189392,1.6581238014623523e-05
0.05962115153670311,0.5068783760070801,1.650895683269482e-05
0.059296637773513794,0.5073298215866089,1.6424033674411476e-05
0.05891586095094681,0.5076956152915955,1.631063423701562e-05
0.058634087443351746,0.5080789923667908,1.6226113075390458e-05
0.058287445455789566,0.50814288854599,1.6103220332297496e-05
0.05810392647981644,0.5082441568374634,1.6057154425652698e-05
0.05780749395489693,0.5084335803985596,1.593762317497749e-05
0.05758944898843765,0.508640468120575,1.5886409528320655e-05
0.05753340572118759,0.5087980031967163,1.5863397493376397e-05
0.057439740747213364,0.5086846351623535,1.5831206837901846e-05
0.0574459582567215,0.5083253383636475,1.5820038242964074e-05
0.05760042369365692,0.5076584815979004,1.584267010912299e-05
0.05796045809984207,0.5071768164634705,1.598552626091987e-05
0.058129675686359406,0.5072132349014282,1.6108719137264416e-05
0.05806740000844002,0.507555365562439,1.6093226804514416e-05
0.05805679038167,0.5077418684959412,1.609198261576239e-05
0.05809933692216873,0.5077872276306152,1.6097324987640604e-05
0.058143969625234604,0.5076308846473694,1.608244019735139e-05
0.058197371661663055,0.5073686242103577,1.6084541130112484e-05
0.05822664871811867,0.5072550773620605,1.610282197361812e-05
0.06561348587274551,0.5071181654930115,1.661292481003329e-05
0.06557523459196091,0.507003903388977,1.6672665879013948e-05
0.07037023454904556,0.5068321228027344,1.702874396869447e-05
0.07223475724458694,0.5067486763000488,1.7221798771061003e-05
0.0741843655705452,0.5065814852714539,1.7600761566427536e-05
0.07709864526987076,0.5063734650611877,1.8066320990328677e-05
0.0771426260471344,0.5061859488487244,1.8324866687180474e-05
0.0780913457274437,0.5059824585914612,1.86520137503976e-05
0.0907842218875885,0.5056446194648743,2.00714566744864e-05
0.09618077427148819,0.5055433511734009,2.0877725546597503e-05
0.09823322296142578,0.5054866671562195,2.1439775082399137e-05
0.09913988411426544,0.5054588913917542,2.1832123820786364e-05
0.10576514154672623,0.5053656697273254,2.2853417249280028e-05
0.11594118177890778,0.5054411292076111,2.436853901599534e-05
0.12008346617221832,0.5053945779800415,2.5301142159150913e-05
0.1242530569434166,0.5051175951957703,2.6373532818979584e-05
0.12394093722105026,0.5049915313720703,2.6806554160430096e-05
0.13319173455238342,0.5050768852233887,2.8843114705523476e-05
0.1434192955493927,0.5051084756851196,3.1234063499141484e-05
0.14308154582977295,0.5046042799949646,3.1724128348287195e-05
0.14270976185798645,0.5042685270309448,3.222738087060861e-05
0.14234793186187744,0.5038906335830688,3.2583695428911597e-05
0.14393849670886993,0.5034713745117188,3.324502904433757e-05
0.14360126852989197,0.5035125017166138,3.3463868021499366e-05
0.14330336451530457,0.5034511685371399,3.35902877850458e-05
0.14389632642269135,0.5031773447990417,3.3866806916194037e-05
0.14356380701065063,0.5031536221504211,3.3848795283120126e-05
0.14346280694007874,0.5032937526702881,3.378819383215159e-05
0.14332322776317596,0.5041024088859558,3.366237797308713e-05
0.1432388722896576,0.5039922595024109,3.370660851942375e-05
0.14318716526031494,0.5035231113433838,3.366426972206682e-05
0.14333264529705048,0.5040231347084045,3.390002530068159e-05
0.14344345033168793,0.5037674903869629,3.401469439268112e-05
0.14354977011680603,0.5035394430160522,3.4170850994996727e-05
0.14365047216415405,0.5035720467567444,3.442216620896943e-05
0.14383623003959656,0.5030669569969177,3.465946429059841e-05
0.14406318962574005,0.5029060244560242,3.497002035146579e-05
0.14415518939495087,0.5031045079231262,3.513810224831104e-05
0.14423835277557373,0.5031324028968811,3.530416142893955e-05
0.14429862797260284,0.5031229853630066,3.538340388331562e-05
0.144331157207489,0.5031048655509949,3.5535573260858655e-05
0.14026165008544922,0.5041229724884033,3.451170414336957e-05
0.14029128849506378,0.5047049522399902,3.448357529123314e-05
0.13836801052093506,0.5043639540672302,3.400451169000007e-05
0.12886753678321838,0.5042268633842468,3.19552855216898e-05
0.1220322772860527,0.5051121115684509,3.035143163288012e-05
0.12211144715547562,0.505418062210083,2.997078627231531e-05
0.12233492732048035,0.504490315914154,2.9676706617465243e-05
0.12256328761577606,0.50383061170578,2.9391956559265964e-05
0.12268649786710739,0.5038346648216248,2.9084245397825725e-05
0.12277673929929733,0.5043597221374512,2.882545959437266e-05
0.12296491116285324,0.504008948802948,2.860690074157901e-05
0.12304122000932693,0.5040706396102905,2.8401102099451236e-05
0.1229693666100502,0.504095733165741,2.82227174466243e-05
0.10774348676204681,0.5037436485290527,2.605681038403418e-05
0.0575966015458107,0.5036694407463074,2.054841024801135e-05
0.058020785450935364,0.5036123991012573,1.9913819414796308e-05
0.014556460082530975,0.503409206867218,2.3292639525607228e-05
0.0019368284847587347,0.5029726624488831,3.963726703659631e-05
0.00011763338261516765,0.502059280872345,0.00011379367060726508
0.00011737510067177936,0.5022709965705872,0.00010870052210520953
0.00011974977678619325,0.50223708152771,0.00010424801439512521
0.00011389332939870656,0.502590000629425,0.0001002695644274354
0.00010902959911618382,0.5021546483039856,9.667818085290492e-05
0.00010527356062084436,0.5017846822738647,9.48909146245569e-05
0.00010387590009486303,0.5017262697219849,9.249897993868217e-05
0.00010416196164442226,0.5018293857574463,9.079062147065997e-05
0.00010373633267590776,0.5022711157798767,9.010166832013056e-05
0.005097960587590933,0.5032335519790649,2.1132364054210484e-05
0.005022041033953428,0.5032263398170471,2.1442370780277997e-05
0.056525904685258865,0.503741443157196,1.271383462153608e-05
0.06845160573720932,0.5037558078765869,1.3737076187680941e-05
0.07435585558414459,0.5031882524490356,1.519770739832893e-05
0.07734036445617676,0.5031303763389587,1.6701231288607232e-05
0.07794377207756042,0.5030674338340759,1.7910402675624937e-05
0.07714436203241348,0.5028936266899109,1.8643086150404997e-05
0.07936808466911316,0.502627968788147,1.9654400603030808e-05
0.07909180968999863,0.5022919774055481,2.0175395547994412e-05
0.07870864123106003,0.5020530819892883,2.0816412870772183e-05
0.07853323221206665,0.5015486478805542,2.1126419596839696e-05
0.07847197353839874,0.5012810230255127,2.1247386030154303e-05
0.07897720485925674,0.5013160705566406,2.0983638023608364e-05
0.07848601043224335,0.5014251470565796,2.0495919670793228e-05
0.07778298109769821,0.5015319585800171,1.9913515643565916e-05
0.07740030437707901,0.5016553997993469,1.9545297618606128e-05
0.07731834799051285,0.5017653107643127,1.95407683349913e-05
0.07734553515911102,0.5014634132385254,1.965584306162782e-05
0.07711274176836014,0.5020238161087036,1.960286681423895e-05
0.07696930319070816,0.5023933053016663,1.9497583707561716e-05
0.0767606794834137,0.5031715631484985,1.9404962586122565e-05
0.07663624733686447,0.50383460521698,1.932984741870314e-05
0.07668231427669525,0.5037775039672852,1.932947816385422e-05
0.076814204454422,0.5036370158195496,1.9535513274604455e-05
0.0768144279718399,0.5034799575805664,1.9551524019334465e-05
0.07688144594430923,0.5031991600990295,1.9591840100474656e-05
0.07700853049755096,0.502947211265564,1.9748906197492033e-05
0.07697103172540665,0.5021652579307556,1.9702913050423376e-05
0.07699786871671677,0.5014098882675171,1.9776232875301503e-05
0.07713034003973007,0.5015453696250916,1.9987335690530017e-05
0.077743299305439,0.5017626285552979,2.0471814423217438e-05
0.07800830900669098,0.5015925168991089,2.0935824068146758e-05
0.07809104025363922,0.5015671849250793,2.0965833755326457e-05
0.07800859957933426,0.5019950866699219,2.0803276129299775e-05
0.07815179228782654,0.5018264055252075,2.083269828290213e-05
0.0782855823636055,0.5017467737197876,2.0933170162606984e-05
0.07832324504852295,0.5012812614440918,2.0827454136451706e-05
0.07850192487239838,0.5001786947250366,2.0817722543142736e-05
0.07865533977746964,0.49989548325538635,2.0861167286057025e-05
0.07862165570259094,0.4998703896999359,2.076623059110716e-05
0.07825741916894913,0.4999535083770752,2.0536555894068442e-05
0.07825769484043121,0.4998660981655121,2.0418039639480412e-05
0.07843177765607834,0.4997153580188751,2.068608046101872e-05
0.0784878358244896,0.4997069239616394,2.0812303773709573e-05
0.07842274755239487,0.4998132586479187,2.0952802515239455e-05
0.07838726043701172,0.4997439384460449,2.098205550282728e-05
0.07844177633523941,0.4997010827064514,2.119687087542843e-05
0.0784488394856453,0.5004319548606873,2.1262711015879177e-05
0.07867569476366043,0.5003926157951355,2.14985957427416e-05
0.07903005927801132,0.5004810094833374,2.1894677047384903e-05
0.07933781296014786,0.5004743933677673,2.216706343460828e-05
0.07977655529975891,0.49985089898109436,2.237851185782347e-05
0.08015845715999603,0.49978694319725037,2.2695692678098567e-05
0.08032047748565674,0.4998159408569336,2.291946111654397e-05
0.08060938864946365,0.49969810247421265,2.3087457520887256e-05
0.08078280091285706,0.4996147155761719,2.3283089831238613e-05
0.08066171407699585,0.49964797496795654,2.3292863261303864e-05
0.08060384541749954,0.4995414614677429,2.3442773454007693e-05
0.08035162091255188,0.4994790554046631,2.3487347789341584e-05
0.08000596612691879,0.49968186020851135,2.332295844098553e-05
0.07970275729894638,0.4998033344745636,2.318497899977956e-05
0.07922952622175217,0.4998798668384552,2.3003240130492486e-05
0.07877377420663834,0.49995625019073486,2.2740563508705236e-05
0.07862141728401184,0.49981993436813354,2.2785259716329165e-05
0.07848059386014938,0.49981480836868286,2.2833506591268815e-05
0.07852243632078171,0.49982815980911255,2.298170693393331e-05
0.07875685393810272,0.4997318685054779,2.3122735001379624e-05
0.07402465492486954,0.49986717104911804,2.2670579710393213e-05
0.07135345041751862,0.49998700618743896,2.228223456768319e-05
0.07157563418149948,0.49993759393692017,2.2182903194334358e-05
0.07080277800559998,0.5000965595245361,2.196823334088549e-05
0.07013539969921112,0.5001181364059448,2.1825839212397113e-05
0.06851615756750107,0.5000978112220764,2.1565929273492657e-05
0.06880024075508118,0.4999973177909851,2.1452086002682336e-05
0.06715302914381027,0.4999881982803345,2.1140345779713243e-05
0.06726208329200745,0.49991708993911743,2.0913634216412902e-05
0.0657111406326294,0.49977245926856995,2.0817664335481822e-05
0.06583450734615326,0.49976134300231934,2.0813931769225746e-05
0.0651668980717659,0.4997481107711792,2.078679608530365e-05
0.06439872831106186,0.4997597932815552,2.0779720216523856e-05
0.06442978978157043,0.49977532029151917,2.076418968499638e-05
0.06346583366394043,0.4998096227645874,2.0601877622539178e-05
0.0635223463177681,0.4997882544994354,2.0451559976208955e-05
0.06365572661161423,0.49988773465156555,2.0388017219374888e-05
0.06361541897058487,0.5002032518386841,2.0369205230963416e-05
0.06358824670314789,0.5009106993675232,2.04310126719065e-05
0.06344407796859741,0.5009154677391052,2.027826485573314e-05
0.06341668218374252,0.5007930994033813,2.026293623202946e-05
0.06331145763397217,0.500751256942749,2.018276609305758e-05
0.0631536990404129,0.500704824924469,2.0024424884468317e-05
0.0630907416343689,0.5005276799201965,2.0024541299790144e-05
0.06316056847572327,0.5005325675010681,2.0159508494543843e-05
0.06321784108877182,0.5005021095275879,2.0325642253737897e-05
0.06325443834066391,0.5002866983413696,2.053583193628583e-05
0.06353579461574554,0.49968335032463074,2.073411269520875e-05
0.06367572396993637,0.49969178438186646,2.0911640604026616e-05
0.06363672763109207,0.49975645542144775,2.0902190954075195e-05
0.0637333020567894,0.4998956024646759,2.1048772396170534e-05
0.06358205527067184,0.499967098236084,2.0938659872626886e-05
0.06794998049736023,0.5001571178436279,2.1334897610358894e-05
0.06790019571781158,0.5001462697982788,2.1267922420520335e-05
0.067692831158638,0.5001355409622192,2.0994646547478624e-05
0.06752726435661316,0.5000817179679871,2.0892224711133167e-05
0.06725963205099106,0.500091552734375,2.061769919237122e-05
0.066944919526577,0.500102698802948,2.0349516489659436e-05
0.0666838139295578,0.5001019835472107,2.009946183534339e-05
0.06659100204706192,0.5001000165939331,2.0018813302158378e-05
0.06637552380561829,0.5001400709152222,1.98053185158642e-05
0.06641652435064316,0.5003801584243774,1.983463516808115e-05
0.06653153896331787,0.5006188154220581,1.9978571799583733e-05
0.06653118878602982,0.5006413459777832,2.0111849153181538e-05
0.06673271954059601,0.5005799531936646,2.0357145331217907e-05
0.06681452691555023,0.5004340410232544,2.0407760530360974e-05
0.06682533025741577,0.5003758072853088,2.0453471734072082e-05
0.06688264012336731,0.5003721714019775,2.0519955796771683e-05
0.06689368188381195,0.5005183219909668,2.0625251636374742e-05
0.06680884957313538,0.5009805560112,2.0644141841330566e-05
0.06679918617010117,0.5013211965560913,2.0805615349672735e-05
0.0667996034026146,0.5013200044631958,2.0743527784361504e-05
0.06690169125795364,0.5011612176895142,2.071273047477007e-05
0.06700272858142853,0.5012193322181702,2.0660212612710893e-05
0.06697972118854523,0.5014119744300842,2.0588129700627178e-05
0.06711504608392715,0.5015031695365906,2.0634419342968613e-05
0.06725311279296875,0.5014715194702148,2.0849392967647873e-05
0.06775514781475067,0.5012762546539307,2.1474725144798867e-05
0.06822391599416733,0.5011076331138611,2.229875281045679e-05
0.06899139285087585,0.5008677244186401,2.3309172320296057e-05
0.06964804977178574,0.5006615519523621,2.4244014639407396e-05
0.06980198621749878,0.5005683302879333,2.4624712750664912e-05
0.06999936699867249,0.5004774928092957,2.494802356522996e-05
0.0702672079205513,0.5004433393478394,2.54502101597609e-05
0.07053642719984055,0.5004128813743591,2.5981526050600223e-05
0.07066874951124191,0.5004677176475525,2.6428242563270032e-05
0.07082893699407578,0.5005175471305847,2.6668532882467844e-05
0.07052576541900635,0.500523030757904,2.6288884328096174e-05
0.07024245709180832,0.500483512878418,2.5567949705873616e-05
0.06966816633939743,0.5005837678909302,2.475678593327757e-05
0.06912664324045181,0.5007156133651733,2.378798853897024e-05
0.06916264444589615,0.5008710622787476,2.3869226424722e-05
0.06915295869112015,0.5009327530860901,2.397428033873439e-05
0.06897860765457153,0.5008319020271301,2.3900638552731834e-05
0.06858301162719727,0.5009055733680725,2.3699001758359373e-05
0.06881663203239441,0.5007675886154175,2.3804441298125312e-05
0.06895309686660767,0.5006544589996338,2.4188451789086685e-05
0.06930558383464813,0.5006685853004456,2.4992627004394308e-05
0.06978737562894821,0.500656247138977,2.5649862436694093e-05
0.07111545652151108,0.5004903674125671,2.634731208672747e-05
0.07114888727664948,0.5004788041114807,2.6530513423494995e-05
0.07204031944274902,0.500446617603302,2.6482737666810863e-05
0.07364124804735184,0.5004988312721252,2.640592174429912e-05
0.07731947302818298,0.5004254579544067,2.6731448087957688e-05
0.07846228033304214,0.5003244876861572,2.6917345167021267e-05
0.07811857014894485,0.5003272294998169,2.6755116778076626e-05
0.07798904180526733,0.5001106262207031,2.643303196236957e-05
0.07775729149580002,0.49999022483825684,2.5806006306083873e-05
0.0775226354598999,0.49991685152053833,2.5754252419574186e-05
0.07842341810464859,0.49979087710380554,2.56700259342324e-05
0.0787525624036789,0.49975264072418213,2.614168442960363e-05
0.07877832651138306,0.4997696876525879,2.6525352950557135e-05
0.07904389500617981,0.49983423948287964,2.7008498364011757e-05
0.07938125729560852,0.4998374581336975,2.733936889853794e-05
0.07955671101808548,0.4997639060020447,2.7518419301486574e-05
0.08071482181549072,0.4998002350330353,2.7838088499265723e-05
0.08100152015686035,0.49973246455192566,2.7951198717346415e-05
0.0814431682229042,0.49967440962791443,2.804224095598329e-05
0.08175262063741684,0.4997399151325226,2.7811285690404475e-05
0.08179903030395508,0.4998156428337097,2.7846106604556553e-05
0.08176637440919876,0.49993038177490234,2.7687070542015135e-05
0.08214246481657028,0.49983006715774536,2.771811341517605e-05
0.08242497593164444,0.49975264072418213,2.7738604330806993e-05
0.08264792710542679,0.49974191188812256,2.7813779524876736e-05
0.0824694037437439,0.5000102519989014,2.7687650799634866e-05
0.08262701332569122,0.5001876950263977,2.763810880423989e-05
0.08248395472764969,0.5002402067184448,2.757981746981386e-05
0.08224015682935715,0.5002153515815735,2.7432448405306786e-05
0.08204863965511322,0.5001645684242249,2.726438469835557e-05
0.08204066753387451,0.500116765499115,2.706063060031738e-05
0.08215517550706863,0.5000880360603333,2.704664620978292e-05
0.0831805095076561,0.5001401901245117,2.7198164389119484e-05
0.08316618204116821,0.5001388192176819,2.7138987206853926e-05
0.08323267102241516,0.5001544952392578,2.7124393454869278e-05
0.08379034698009491,0.5000636577606201,2.734846930252388e-05
0.08377798646688461,0.5000705122947693,2.734025656536687e-05
0.08394887298345566,0.5000060200691223,2.7393496566219255e-05
0.0840844139456749,0.4999982714653015,2.7494364985614084e-05
0.08393008261919022,0.5000911355018616,2.735394809860736e-05
0.08411361277103424,0.5001211166381836,2.7501024305820465e-05
0.08421284705400467,0.5000324845314026,2.757587208179757e-05
0.0842415913939476,0.5001140832901001,2.755844070634339e-05
0.0835518091917038,0.50031977891922,2.7287953344057314e-05
0.08270134031772614,0.5007342100143433,2.6777579478221014e-05
0.08239580690860748,0.500868558883667,2.6800675186677836e-05
0.08225689083337784,0.5009899735450745,2.6934216293739155e-05
0.08238553255796432,0.5009840130805969,2.7103991669719107e-05
0.08739517629146576,0.5010625720024109,2.747735197772272e-05
0.08729756623506546,0.5015641450881958,2.7662737920763902e-05
0.08679012209177017,0.5023881196975708,2.756209323706571e-05
0.08657379448413849,0.5030497908592224,2.7618400054052472e-05
0.08631512522697449,0.5032551288604736,2.7285766918794252e-05
0.08649662882089615,0.5039100050926208,2.7319041691953316e-05
0.08683224767446518,0.5046625137329102,2.7662421416607685e-05
0.0862623080611229,0.5050292015075684,2.7449539629742503e-05
0.08571391552686691,0.5052481889724731,2.7325035262038e-05
0.08532585203647614,0.5054607391357422,2.7085132387583144e-05
0.0848446786403656,0.5054971575737,2.7245905585004948e-05
0.08092918992042542,0.5051859021186829,2.678146120160818e-05
0.07651352882385254,0.5048204660415649,2.6177258405368775e-05
0.07021523267030716,0.50490802526474,2.5180570446536876e-05
0.0652787983417511,0.5048512816429138,2.462612246745266e-05
0.04569465294480324,0.5048026442527771,2.29763154493412e-05
0.0006027003983035684,0.5039452910423279,7.34564455342479e-05
0.0006149406544864178,0.5036213397979736,7.025185914244503e-05
0.0006241650553420186,0.5034722089767456,6.710914021823555e-05
0.0006173806614242494,0.5033094882965088,6.451919762184843e-05
0.0006278210785239935,0.5029629468917847,6.162726640468463e-05
0.0006102310726419091,0.5027264952659607,5.9994188632117584e-05
0.0005922954878769815,0.5028606057167053,5.893904381082393e-05
0.0005553351365961134,0.5029944777488708,5.8525256463326514e-05
0.0005251103430055082,0.5029265880584717,5.837220305693336e-05
0.000506914162542671,0.5027745962142944,5.928317841608077e-05
0.0004940790240652859,0.5029376745223999,6.0144957387819886e-05
0.0004801402392331511,0.5032930970191956,6.123220373410732e-05
0.0004717831325251609,0.5032634735107422,6.228531856322661e-05
0.00046243713586591184,0.503166913986206,6.304153066594154e-05
0.0004656986566260457,0.5033450722694397,6.334506906569004e-05
0.00047153851483017206,0.503670334815979,6.355284858727828e-05
0.00045364644029177725,0.5039093494415283,6.463700265157968e-05
0.0004371727118268609,0.504043698310852,6.618537736358121e-05
0.0004138151998631656,0.5039827823638916,6.748127634637058e-05
0.00038183684227988124,0.5041045546531677,6.909540388733149e-05
0.0003612045256886631,0.5041779279708862,7.017780444584787e-05
0.00033878430258482695,0.5042685270309448,7.166379509726539e-05
0.00032255364931188524,0.5043059587478638,7.25400896044448e-05
0.000330721668433398,0.5042275786399841,7.224600267363712e-05
0.0003284029371570796,0.5040590167045593,7.237149839056656e-05
0.0003126772353425622,0.5040715932846069,7.324429316213354e-05
0.0003258145588915795,0.5037809014320374,7.202203414635733e-05
0.00034403620520606637,0.5031410455703735,7.02583565725945e-05
0.0003804905281867832,0.502877414226532,6.806806050008163e-05
0.0003988129610661417,0.5031583905220032,6.679272337350994e-05
0.0004112999886274338,0.5031281113624573,6.620885687880218e-05
0.00045368517749011517,0.5032081604003906,6.441352161346003e-05
0.00048304148367606103,0.5034117698669434,6.336857768474147e-05
0.0004752833629027009,0.5034968256950378,6.33907548035495e-05
0.0004804620402865112,0.5037615299224854,6.318851228570566e-05
0.0004929847782477736,0.5037156343460083,6.28112829872407e-05
0.0004652866628021002,0.503583550453186,6.378752004820853e-05
0.00043699934030883014,0.5035277605056763,6.493948603747413e-05
0.00040489851380698383,0.5035030841827393,6.640860374318436e-05
0.00039609611849300563,0.503487229347229,6.732110341545194e-05
0.00039346792618744075,0.5034955143928528,6.764892896171659e-05
0.0003626681864261627,0.5035319924354553,6.922236207174137e-05
0.00033666862873360515,0.5036024451255798,7.080064824549481e-05
0.0003089845704380423,0.5036660432815552,7.302760059246793e-05
0.000292252836516127,0.5037634372711182,7.453333819285035e-05
0.00027399216196499765,0.5037795901298523,7.615823415108025e-05
0.00026172903017140925,0.5038174390792847,7.739279681118205e-05
0.0002487214223947376,0.5038312077522278,7.881804049247876e-05
0.00024010887136682868,0.5037894248962402,7.977191125974059e-05
0.00023781163326930255,0.5037830471992493,8.024793351069093e-05
0.00023676636919844896,0.5037496089935303,8.056897786445916e-05
0.0002518676337786019,0.5037244558334351,7.930893480079249e-05
0.0002760833885986358,0.5045555233955383,7.750018266960979e-05
0.0002998380805365741,0.5044811367988586,7.568387809442356e-05
0.0003066386852879077,0.5047074556350708,7.458602340193465e-05
0.00033027990139089525,0.5043874382972717,7.24430283298716e-05
0.0003911898529622704,0.5041574239730835,6.928186485311016e-05
0.0004682412836700678,0.5038970708847046,6.597868195967749e-05
0.0005493278731592,0.5037975311279297,6.318363011814654e-05
0.0006033196696080267,0.5035839676856995,6.264881085371599e-05
0.000701050041243434,0.5031603574752808,6.057048449292779e-05
0.0007544703548774123,0.5030258297920227,5.952489664196037e-05
0.0007926735561341047,0.5030466914176941,5.875385977560654e-05
0.0008488253806717694,0.5029636025428772,5.78086037421599e-05
0.0009065194753929973,0.5029188990592957,5.736390812671743e-05
0.000956693955231458,0.5029252767562866,5.69771473237779e-05
0.0009306906722486019,0.5028687715530396,5.717532621929422e-05
0.0008928040042519569,0.502974808216095,5.758072074968368e-05
0.0008893619524315,0.5031058192253113,5.760169733548537e-05
0.000913138675969094,0.503113329410553,5.615448753815144e-05
0.0008483098354190588,0.5030826330184937,5.6670280173420906e-05
0.0007837083539925516,0.5031133890151978,5.7508834288455546e-05
0.0007515387260355055,0.5031302571296692,5.795542892883532e-05
0.000689708802383393,0.5031079649925232,5.8910271036438644e-05
0.0006711322930641472,0.5031327605247498,5.930167026235722e-05
0.0006357438978739083,0.5029497742652893,6.012666199239902e-05
0.0006231896113604307,0.5029052495956421,6.058365761418827e-05
0.0006027756608091295,0.5028529763221741,6.115774158388376e-05
0.0005624254699796438,0.50291907787323,6.228365964489058e-05
0.0005758960614912212,0.5028617978096008,6.242339441087097e-05
0.0005949203623458743,0.5029613375663757,6.231544102774933e-05
0.0006044195615686476,0.5030520558357239,6.218929047463462e-05
0.000564763555303216,0.5033648014068604,6.353478966047987e-05
0.0006026647752150893,0.5035563707351685,6.274130282690749e-05
0.0006007195333950222,0.5035611391067505,6.29016722086817e-05
0.0006308540469035506,0.5034520626068115,6.223491072887555e-05
0.0006298951338976622,0.503383994102478,6.21660437900573e-05
0.0006537489243783057,0.5033378005027771,6.165889499243349e-05
0.0006603310466744006,0.5032482147216797,6.166171806398779e-05
0.058101627975702286,0.504164457321167,1.8514931070967577e-05
0.06898240000009537,0.5040868520736694,1.97864392248448e-05
0.06841962784528732,0.5040338635444641,2.0423298337846063e-05
0.07290714234113693,0.5038675665855408,2.1782940166303888e-05
0.07789874076843262,0.5037441849708557,2.3023958419798873e-05
0.07729995250701904,0.5037854313850403,2.3840448193368502e-05
0.07630931586027145,0.5038928389549255,2.437797411403153e-05
0.07527472078800201,0.5040579438209534,2.495535409252625e-05
0.07424939423799515,0.5041038990020752,2.529035737097729e-05
0.07388333231210709,0.5041253566741943,2.4996843421831727e-05
0.07368061691522598,0.5040639042854309,2.4827621018630452e-05
0.07315663993358612,0.5041199326515198,2.445728750899434e-05
0.07266732305288315,0.5040690302848816,2.40520039369585e-05
0.07212860882282257,0.5034735202789307,2.3658107238588855e-05
0.07137484848499298,0.5035712718963623,2.3170632630353794e-05
0.07075387984514236,0.5036921501159668,2.2759111743653193e-05
0.07056072354316711,0.5036923289299011,2.258712993352674e-05
0.06588850170373917,0.5037620663642883,2.1984098566463217e-05
0.05220341309905052,0.5039297342300415,2.066941851808224e-05
0.03315868228673935,0.5038734674453735,2.159329960704781e-05
0.033675242215394974,0.5038050413131714,2.1425139493658207e-05
0.005451970733702183,0.5032442808151245,3.3550717489561066e-05
0.00034978805342689157,0.5021975636482239,8.602148591307923e-05
0.0003840099379885942,0.5020822882652283,8.105748565867543e-05
0.0004261099675204605,0.5015238523483276,7.598724914714694e-05
0.00045162177411839366,0.5010629892349243,7.205417932709679e-05
0.0004760115116368979,0.5008513331413269,6.896868580952287e-05
0.0005017237272113562,0.5007685422897339,6.635385216213763e-05
0.0005628949729725718,0.5007820129394531,6.303432019194588e-05
0.0006004265160299838,0.5006608366966248,6.0659618611680344e-05
0.0006378377438522875,0.500521183013916,5.8826008171308786e-05
0.0006406771135516465,0.5004692673683167,5.854317714693025e-05
0.0006291769677773118,0.5005044937133789,5.855216659256257e-05
0.0006329161114990711,0.5006382465362549,5.847081047249958e-05
0.0006209798739291728,0.5008049011230469,5.881019023945555e-05
0.0006289827288128436,0.500776469707489,5.8809186157304794e-05
0.0006374557269737124,0.5007579326629639,5.84748231631238e-05
0.0006556850858032703,0.5007913112640381,5.815196345793083e-05
0.0006657270714640617,0.5007253885269165,5.793603850179352e-05
0.000701062148436904,0.5006586909294128,5.720520857721567e-05
0.0006494551780633628,0.5006729364395142,5.847053034813143e-05
0.000618291029240936,0.5007399320602417,5.92013202549424e-05
0.0005923199933022261,0.5006603598594666,5.989661076455377e-05
0.0005519878468476236,0.5006301403045654,6.082151230657473e-05
0.0005723850918002427,0.5006418228149414,5.999201675876975e-05
0.0005995835526846349,0.500584065914154,5.918359602219425e-05
0.0006102828192524612,0.5006171464920044,5.893623529118486e-05
0.0005817206110805273,0.5005488991737366,5.93417753407266e-05
0.0005497086094692349,0.5005710124969482,5.997033804305829e-05
0.0005194026161916554,0.5006682872772217,6.1004429880995303e-05
0.0005588113563135266,0.5008824467658997,6.024248796165921e-05
0.0005977804539725184,0.5011695623397827,6.002761438139714e-05
0.0006013912498019636,0.5011448264122009,6.0775186284445226e-05
0.0006528834346681833,0.501200795173645,6.0348855186020955e-05
0.0006134631112217903,0.5012567043304443,6.16122197243385e-05
0.0005984337185509503,0.5012492537498474,6.247734563658014e-05
0.0006002216832712293,0.5012040138244629,6.272867904044688e-05
0.0006041364977136254,0.501335084438324,6.286041752900928e-05
0.0005680561880581081,0.5014426112174988,6.413109076675028e-05
0.0005415298510342836,0.5016961097717285,6.499270966742188e-05
0.0005105052841827273,0.5021030902862549,6.563691567862406e-05
0.0004741805314552039,0.5020945072174072,6.626368121942505e-05
0.0004276528488844633,0.5018236637115479,6.742197001585737e-05
0.00039770075818523765,0.501719057559967,6.841190770501271e-05
0.0003693937906064093,0.5017937421798706,7.006787200225517e-05
0.0003246716514695436,0.5017634630203247,7.22941113053821e-05
0.007705754600465298,0.5026367902755737,2.4395418222411536e-05
0.017291342839598656,0.5029436945915222,2.0255478375474922e-05
0.046139076352119446,0.5031607151031494,1.7242093235836364e-05
0.04599840193986893,0.503158688545227,1.7899355952977203e-05
0.05416115000844002,0.5032254457473755,1.8115386410499923e-05
0.06136852502822876,0.5032063722610474,1.8941344023915008e-05
0.06630998849868774,0.5031772255897522,1.9989167412859388e-05
0.06733047217130661,0.5031834244728088,2.0435143596841954e-05
0.067011259496212,0.5031435489654541,2.1169962565181777e-05
0.07047427445650101,0.5029475092887878,2.1955016563879326e-05
0.07381027936935425,0.5028543472290039,2.237065928056836e-05
0.0751861110329628,0.502870500087738,2.215406857430935e-05
0.07454380393028259,0.5028764009475708,2.1719839423894882e-05
0.07401590794324875,0.5028648972511292,2.1276868210406974e-05
0.07490335404872894,0.5028346180915833,2.1420604753075168e-05
0.07568207383155823,0.502789318561554,2.1600302716251463e-05
0.07848892360925674,0.5027026534080505,2.1874306185054593e-05
0.07810521870851517,0.5027037858963013,2.190315535699483e-05
0.0798024982213974,0.502723753452301,2.2099540728959255e-05
0.08160605281591415,0.5027174353599548,2.225405660283286e-05
0.08780224621295929,0.5025933980941772,2.3126460291678086e-05
0.08753372728824615,0.5027297735214233,2.3463682737201452e-05
0.0905703529715538,0.502631425857544,2.41121269937139e-05
0.09148186445236206,0.5026304125785828,2.4432061763945967e-05
0.09234797209501266,0.5027264952659607,2.4853559807525016e-05
0.09331726282835007,0.5027238726615906,2.5212000764440745e-05
0.09316664189100266,0.5027583837509155,2.557180414441973e-05
0.0943552628159523,0.5027592182159424,2.596473495941609e-05
0.0967835858464241,0.5026982426643372,2.6622970835887827e-05
0.10261999815702438,0.502776563167572,2.8008033041260205e-05
0.10248605906963348,0.5027889013290405,2.821431917254813e-05
0.10393473505973816,0.5027068853378296,2.8657688744715415e-05
0.10526783019304276,0.5026728510856628,2.9160173653508537e-05
0.1068672388792038,0.5025625824928284,3.010565160366241e-05
0.11386173963546753,0.5022057294845581,3.1564850360155106e-05
0.1138942763209343,0.5020778775215149,3.2364714570576325e-05
0.11712611466646194,0.5019695162773132,3.342601121403277e-05
0.11838856339454651,0.5019032955169678,3.4248008887516335e-05
0.1208738461136818,0.5018429160118103,3.511596150929108e-05
0.1211131364107132,0.5017379522323608,3.559384276741184e-05
0.12150087207555771,0.5014193058013916,3.647130142780952e-05
0.12253855168819427,0.5014570355415344,3.714757622219622e-05
0.12263894826173782,0.5014287829399109,3.7635621993103996e-05
0.12253177911043167,0.5013617873191833,3.7494621210498735e-05
0.12276153266429901,0.5012837052345276,3.781113991863094e-05
0.12309397011995316,0.5011396408081055,3.7705962313339114e-05
0.12333383411169052,0.5011259317398071,3.772916170419194e-05
0.1232912614941597,0.501272976398468,3.782942803809419e-05
0.12292169034481049,0.5014463067054749,3.7674188206437975e-05
0.122418113052845,0.501666247844696,3.687249409267679e-05
0.12188183516263962,0.5019818544387817,3.59648656740319e-05
0.12186227738857269,0.5022391676902771,3.6337125493446365e-05
0.12188293784856796,0.5022712349891663,3.6680896300822496e-05
0.12185795605182648,0.5024766325950623,3.7196958146523684e-05
0.1218048557639122,0.5024543404579163,3.775388904614374e-05
0.12100836634635925,0.502525806427002,3.806083623203449e-05
0.12145799398422241,0.5023252964019775,3.829289198620245e-05
0.12065836787223816,0.5023565292358398,3.8104997656773776e-05
0.11983602494001389,0.5024056434631348,3.826073225354776e-05
0.11963342875242233,0.5023624300956726,3.93926675315015e-05
0.1203874871134758,0.5023651719093323,4.035469100927003e-05
0.12087894231081009,0.5024023652076721,4.06006547564175e-05
0.12137468159198761,0.5023800730705261,4.090011498192325e-05
0.12182741612195969,0.5024306178092957,4.114551848033443e-05
0.12216435372829437,0.5024304986000061,4.099954094272107e-05
0.12288480252027512,0.502440869808197,4.089558933628723e-05
0.12376655638217926,0.5024173855781555,4.115356568945572e-05
0.12465416640043259,0.5022069215774536,4.08038504247088e-05
0.12528972327709198,0.5020506381988525,4.014611113234423e-05
0.12553125619888306,0.5019623041152954,3.9260805351659656e-05
0.12489113956689835,0.5016593933105469,3.8545142160728574e-05
0.12392322719097137,0.5012553930282593,3.6942325095878914e-05
0.12326423078775406,0.5009809136390686,3.531288166414015e-05
0.12307269126176834,0.5008900165557861,3.476469646557234e-05
0.12276425212621689,0.5007919669151306,3.445826223469339e-05
0.12281240522861481,0.5007308721542358,3.4641914680833e-05
0.12221062928438187,0.5006030201911926,3.461483720457181e-05
0.12192123383283615,0.5008084177970886,3.549990651663393e-05
0.12240630388259888,0.5010424852371216,3.6453671782510355e-05
0.12273016571998596,0.5011855959892273,3.707198629854247e-05
0.12295456975698471,0.5014138221740723,3.769388058572076e-05
0.12348702549934387,0.5017969608306885,3.896810449077748e-05
0.12395664304494858,0.5019921660423279,4.075745528098196e-05
0.12384071201086044,0.5021651983261108,4.139231896260753e-05
0.12403523176908493,0.5022673010826111,4.245990567142144e-05
0.12410279363393784,0.5023213624954224,4.327778879087418e-05
0.12470783293247223,0.5024971961975098,4.4555043132277206e-05
0.125099778175354,0.5027090907096863,4.535606421995908e-05
0.1251664012670517,0.5028510689735413,4.584702764987014e-05
0.12538786232471466,0.5028213262557983,4.6503435441991314e-05
0.125571608543396,0.5028941035270691,4.703453305410221e-05
0.1254834532737732,0.5032986998558044,4.7505141992587596e-05
0.12497458606958389,0.5035994052886963,4.840099791181274e-05
0.12485815584659576,0.503571629524231,4.889427873422392e-05
0.12482744455337524,0.5035054087638855,4.84261145174969e-05
0.12497643381357193,0.5034061074256897,4.78238653158769e-05
0.12499207258224487,0.5034046173095703,4.696282121585682e-05
0.12491580843925476,0.5033490657806396,4.603928027790971e-05
0.12482130527496338,0.5034324526786804,4.545995034277439e-05
0.1246265321969986,0.5034762620925903,4.487262776819989e-05
0.12436927109956741,0.5036265850067139,4.444496153155342e-05
0.12447260320186615,0.5038491487503052,4.4278618588577956e-05
0.12474987655878067,0.5037346482276917,4.3107840610900894e-05
0.12456478178501129,0.5036950707435608,4.198282476863824e-05
0.12430723011493683,0.5035942196846008,4.1462641092948616e-05
0.12381533533334732,0.5035482048988342,4.065699249622412e-05
0.12330329418182373,0.5035529136657715,4.004547372460365e-05
0.12315249443054199,0.5035556554794312,3.9620903407922015e-05
0.12270912528038025,0.5036338567733765,3.928143996745348e-05
0.12252224236726761,0.5036227107048035,3.907974678440951e-05
0.12255581468343735,0.5032752752304077,3.9255453884834424e-05
0.12244044244289398,0.5030174851417542,3.923007898265496e-05
0.12217456102371216,0.5031523108482361,3.9284361264435574e-05
0.12182904034852982,0.5037044286727905,3.936438952223398e-05
0.12148956954479218,0.5039555430412292,3.934757842216641e-05
0.12126154452562332,0.503974199295044,3.9518978155683726e-05
0.12116587162017822,0.5039845705032349,3.941562681575306e-05
0.12081264704465866,0.5040119290351868,3.9044174627633765e-05
0.10504823178052902,0.5041724443435669,3.583019133657217e-05
0.07935868203639984,0.5045713186264038,3.176832979079336e-05
0.0004329196526668966,0.5041883587837219,0.00010236279194941744
0.00040590373100712895,0.5041590929031372,9.940237214323133e-05
0.00038759619928896427,0.5041159987449646,9.586343367118388e-05
0.00037420366425067186,0.5040522217750549,9.204917296301574e-05
0.0003445392067078501,0.5040436387062073,8.904653077479452e-05
0.00034416248672641814,0.5039438009262085,8.444731793133542e-05
0.00032590277260169387,0.5038478970527649,8.177330164471641e-05
0.00031986465910449624,0.5031004548072815,7.838480087229982e-05
0.0003226591506972909,0.5026812553405762,7.568864384666085e-05
0.00031719502294436097,0.5026670694351196,7.568691216874868e-05
0.0003059874288737774,0.5023168325424194,7.579683733638376e-05
0.0002934601216111332,0.503216028213501,7.639965770067647e-05
0.00027661590138450265,0.5040130615234375,7.71820850786753e-05
0.014601625502109528,0.505126416683197,2.0656274500652216e-05
0.0244061890989542,0.5053704380989075,1.8623521100380458e-05
0.03664838522672653,0.5053426027297974,1.7170419596368447e-05
0.06048910692334175,0.5052234530448914,1.7194097381434403e-05
0.06814087927341461,0.5050746202468872,1.8447077309247106e-05
0.07038907706737518,0.5048325657844543,1.9281702407170087e-05
0.06983426958322525,0.5045211911201477,1.9993018213426694e-05
0.07195420563220978,0.5045361518859863,2.1053470845799893e-05
0.0790163055062294,0.5045223832130432,2.2454873032984324e-05
0.08966140449047089,0.5044983625411987,2.404693623248022e-05
0.08892979472875595,0.5047884583473206,2.4453833248117007e-05
0.08833294361829758,0.5049027800559998,2.4952567400760017e-05
0.08811024576425552,0.504704475402832,2.5385006665601395e-05
0.08833365142345428,0.5045629739761353,2.61601890088059e-05
0.08823998272418976,0.5044945478439331,2.697210402402561e-05
0.08806033432483673,0.504307746887207,2.757923721219413e-05
0.08781583607196808,0.5043372511863708,2.7767004212364554e-05
0.08765401691198349,0.5043336153030396,2.761381801974494e-05
0.08748550713062286,0.504365861415863,2.7539683287614025e-05
0.08740310370922089,0.504369854927063,2.747108919720631e-05
0.0874018743634224,0.5043620467185974,2.7525267796590924e-05
0.08757245540618896,0.5043143033981323,2.7438100005383603e-05
0.08746106922626495,0.504393458366394,2.7427558961790055e-05
0.08693885803222656,0.5045149922370911,2.6883433747570962e-05
0.08661554008722305,0.5046068429946899,2.6397612600703724e-05
0.08656791597604752,0.5044845938682556,2.5936347810784355e-05
0.0864463523030281,0.5045031905174255,2.586205482657533e-05
0.08663857728242874,0.504665195941925,2.673394737939816e-05
0.08697038888931274,0.5047566294670105,2.7480024073156528e-05
0.08737628161907196,0.505022406578064,2.8760357963619754e-05
0.08814619481563568,0.5043769478797913,2.9806780730723403e-05
0.08791110664606094,0.5048094391822815,3.045517223654315e-05
0.08768903464078903,0.5044452548027039,3.1599487556377426e-05
0.08756911754608154,0.5045091509819031,3.283745900262147e-05
0.08754688501358032,0.5044742226600647,3.4315220545977354e-05
0.08836711943149567,0.504890501499176,3.578115865821019e-05
0.09205852448940277,0.5052655339241028,3.724757698364556e-05
0.0978245884180069,0.505501925945282,3.821558857453056e-05
0.09843110293149948,0.5053269267082214,3.8933969335630536e-05
0.10528795421123505,0.5050296187400818,3.979805114795454e-05
0.10771195590496063,0.5052699446678162,4.085871478309855e-05
0.10949348658323288,0.505346953868866,4.171512046013959e-05
0.11031456291675568,0.5053997039794922,4.180192991043441e-05
0.10980860888957977,0.5053366422653198,4.138805525144562e-05
0.10901429504156113,0.5050695538520813,4.021822678623721e-05
0.1090991422533989,0.5051071047782898,4.032810829812661e-05
0.10909469425678253,0.5054996013641357,4.080350117874332e-05
0.10873585939407349,0.5050698518753052,4.139136945013888e-05
0.1083228588104248,0.5047804117202759,4.159769378020428e-05
0.1083463504910469,0.5046186447143555,4.124667975702323e-05
0.10925617814064026,0.5045268535614014,4.053646989632398e-05
0.10912097990512848,0.5054485201835632,4.035792517242953e-05
0.10887831449508667,0.5050634741783142,3.983841452281922e-05
0.10960977524518967,0.504865288734436,3.983359056292102e-05
0.1110997125506401,0.5046855211257935,4.0220758819486946e-05
0.11171014606952667,0.5040443539619446,4.021178392576985e-05
0.11163125187158585,0.5040609240531921,3.976345033152029e-05
0.11181551963090897,0.5039548277854919,3.9216687582666054e-05
0.11196445673704147,0.5037474036216736,3.9027087041176856e-05
0.11169500648975372,0.5037429928779602,3.859884600387886e-05
0.1112331971526146,0.5034390091896057,3.758003003895283e-05
0.11093020439147949,0.5033372640609741,3.690968151204288e-05
0.11118998378515244,0.5033027529716492,3.71571077266708e-05
0.11169270426034927,0.503230094909668,3.692545578815043e-05
0.11066257208585739,0.502953052520752,3.6404897400643677e-05
0.10981769114732742,0.5027917623519897,3.571699926396832e-05
0.10935705155134201,0.5027801990509033,3.565659062587656e-05
0.10924513638019562,0.5029173493385315,3.537098746164702e-05
0.10911356657743454,0.5029147863388062,3.390639540157281e-05
0.1087702140212059,0.5027249455451965,3.33033203787636e-05
0.10910873860120773,0.502659797668457,3.3570944651728496e-05
0.10862267017364502,0.5026323199272156,3.291925895609893e-05
0.1077447310090065,0.5028324723243713,3.165507587254979e-05
0.10761580616235733,0.5028383135795593,3.166331589454785e-05
0.1084170863032341,0.5029376745223999,3.1527757528238e-05
0.10917819291353226,0.5027961730957031,3.094691419391893e-05
0.10946155339479446,0.5028523802757263,3.018280585820321e-05
0.10918812453746796,0.5029826164245605,2.996378498210106e-05
0.10826341807842255,0.5029823780059814,3.026506965397857e-05
0.10786081105470657,0.5032227039337158,3.076699795201421e-05
0.10737430304288864,0.5033419728279114,3.117190135526471e-05
0.10714782029390335,0.5031846165657043,3.1633499020244926e-05
0.10673852264881134,0.503055989742279,3.207206100341864e-05
0.10638711601495743,0.502937376499176,3.220888538635336e-05
0.10609205812215805,0.5029226541519165,3.273911715950817e-05
0.1058114618062973,0.5029527544975281,3.3147491194540635e-05
0.10541409999132156,0.5030992031097412,3.3904649171745405e-05
0.10521901398897171,0.5032802820205688,3.4076871088473126e-05
0.10622595995664597,0.5035490989685059,3.471699164947495e-05
0.10697268694639206,0.5036146640777588,3.510286842356436e-05
0.10701975226402283,0.5036011338233948,3.5060817026533186e-05
0.10771355777978897,0.5038303732872009,3.5709537769434974e-05
0.10763100534677505,0.5039392113685608,3.57863464159891e-05
0.10778764635324478,0.5038161277770996,3.609006307669915e-05
0.10772667080163956,0.5037073493003845,3.613407534430735e-05
0.10784415155649185,0.5036273002624512,3.6786797863896936e-05
0.10810865461826324,0.5032537579536438,3.665215626824647e-05
0.10837818682193756,0.503189742565155,3.667845157906413e-05
0.10847488045692444,0.5030513405799866,3.666425254778005e-05
0.10832143574953079,0.5028125643730164,3.6714984162244946e-05
0.10868798941373825,0.5028964281082153,3.704046321217902e-05
0.10869374126195908,0.5029542446136475,3.708871008711867e-05
0.10975974798202515,0.5030935406684875,3.768249007407576e-05
0.11004465073347092,0.5033383369445801,3.775460572796874e-05
0.1101827397942543,0.5039238929748535,3.787548848777078e-05
0.1100727915763855,0.5044971108436584,3.785043008974753e-05
0.10996143519878387,0.5045381784439087,3.787404057220556e-05
0.11014795303344727,0.5046515464782715,3.8265476177912205e-05
0.10342147201299667,0.5047985911369324,3.707385985762812e-05
0.0826437845826149,0.5049958229064941,3.42259336321149e-05
0.056398000568151474,0.5053555965423584,3.0063334634178318e-05
0.009660225361585617,0.5051021575927734,3.843953527393751e-05
0.0007740174769423902,0.5044322609901428,8.242945477832109e-05
0.000714493915438652,0.5043219327926636,8.109188638627529e-05
0.0006535021821036935,0.5043063759803772,7.998786168172956e-05
0.0005985010648146272,0.5043118596076965,7.862428174121305e-05
0.0005443385452963412,0.5042781233787537,7.785610796418041e-05
0.00047853324213065207,0.5041443705558777,7.750336226308718e-05
0.011088675819337368,0.5048325061798096,2.6942541808239184e-05
0.034939203411340714,0.5049017071723938,2.0157702238066122e-05
0.049031440168619156,0.5050902366638184,1.9452767446637154e-05
0.049677081406116486,0.5053074955940247,1.9996641640318558e-05
0.04878636449575424,0.5054509043693542,2.0456629499676637e-05
0.048950064927339554,0.505534291267395,2.0807045075343922e-05
0.0522376112639904,0.505521297454834,2.1263480448396876e-05
0.05257979407906532,0.5055356621742249,2.1638405087287538e-05
0.05218925699591637,0.5054718852043152,2.2017795345163904e-05
0.053388457745313644,0.5051830410957336,2.230007157777436e-05
0.053511109203100204,0.5051584243774414,2.2393967810785398e-05
0.05355577915906906,0.5050984621047974,2.2345648176269606e-05
0.05291286110877991,0.5052313208580017,2.2072792489780113e-05
0.05262596905231476,0.5052432417869568,2.1929614376858808e-05
0.0526425875723362,0.5051798224449158,2.181456147809513e-05
0.05253612622618675,0.5050644278526306,2.1623014617944136e-05
0.05232500284910202,0.5051817893981934,2.1568232114077546e-05
0.05219314619898796,0.505256175994873,2.1541098249144852e-05
0.051917511969804764,0.505294144153595,2.1574485799646936e-05
0.05122901499271393,0.5055170655250549,2.1425999875646085e-05
0.05053706467151642,0.5055657029151917,2.1280075088725425e-05
0.05028850585222244,0.5057368278503418,2.1219988411758095e-05
0.05055420845746994,0.5059419274330139,2.1263136659399606e-05
0.05019683390855789,0.5061966776847839,2.1116327843628824e-05
0.049790702760219574,0.506417989730835,2.1020790882175788e-05
0.04964694753289223,0.5062953233718872,2.093598413921427e-05
0.049777619540691376,0.5060665607452393,2.0880872398265637e-05
0.04993407428264618,0.5059561133384705,2.087609209411312e-05
0.051260292530059814,0.5057060122489929,2.072895222227089e-05
0.051294177770614624,0.505518913269043,2.0569661501212977e-05
0.054460011422634125,0.5053039789199829,2.0661829694290645e-05
0.05611731857061386,0.5052885413169861,2.0637293346226215e-05
0.05577018857002258,0.5052703022956848,2.0457760911085643e-05
0.057727694511413574,0.5052793622016907,2.052277523034718e-05
0.058408185839653015,0.5051789283752441,2.051711817330215e-05
0.05935230478644371,0.5050798654556274,2.0654186300816946e-05
0.05903765186667442,0.5049590468406677,2.0659485016949475e-05
0.06841154396533966,0.5048140287399292,2.162437522201799e-05
0.07887645065784454,0.5047310590744019,2.302615212101955e-05
0.07866808772087097,0.5047382712364197,2.3884551410446875e-05
0.0827508196234703,0.5047656297683716,2.4765120542724617e-05
0.08389058709144592,0.504629909992218,2.539474007789977e-05
0.08393359929323196,0.5047066807746887,2.6004283427027985e-05
0.08800934255123138,0.5053367018699646,2.6987181627191603e-05
0.08821286261081696,0.5059289336204529,2.755494642769918e-05
0.09139510989189148,0.5059096813201904,2.81962456938345e-05
0.09605803340673447,0.5057389736175537,2.9076038117636926e-05
0.09611339867115021,0.5056694149971008,2.9168128094170243e-05
0.09625863283872604,0.5055327415466309,2.925738772319164e-05
0.09677523374557495,0.5050527453422546,2.8798534913221374e-05
0.09659671783447266,0.5047236084938049,2.8835687771788798e-05
0.09645844250917435,0.5041912198066711,2.8836264391429722e-05
0.09639004617929459,0.5041632056236267,2.888704875658732e-05
0.09660237282514572,0.5041390061378479,2.9056383937131613e-05
0.09667734056711197,0.5040307641029358,2.9206819817773066e-05
0.09692561626434326,0.5039899945259094,2.9351285775192082e-05
0.09680991619825363,0.5039038062095642,2.9309723686310463e-05
0.09803373366594315,0.5036571621894836,2.9488650397979654e-05
0.09815383702516556,0.5034394860267639,2.950392445200123e-05
0.10033562034368515,0.503431499004364,2.995826980622951e-05
0.10289279371500015,0.5032696723937988,3.0299261197797023e-05
0.1032104641199112,0.5028440356254578,3.05918074445799e-05
0.10388113558292389,0.5025862455368042,3.1167590350378305e-05
0.10378880053758621,0.5025530457496643,3.201311847078614e-05
0.10422761738300323,0.5025663375854492,3.248264692956582e-05
0.10438662022352219,0.502682089805603,3.2841810025274754e-05
0.10458038002252579,0.5025926828384399,3.300853859400377e-05
0.10417193919420242,0.5025796294212341,3.3284650271525607e-05
0.10464327037334442,0.5024922490119934,3.410665158298798e-05
0.10491221398115158,0.5022314190864563,3.4781343856593594e-05
0.1085868626832962,0.5021496415138245,3.597237810026854e-05
0.10896819829940796,0.5021745562553406,3.652842133305967e-05
0.10905573517084122,0.5024294853210449,3.6526751500787213e-05
0.10950097441673279,0.5023900270462036,3.6085242754779756e-05
0.10944858193397522,0.5022456049919128,3.6363642720971256e-05
0.10952943563461304,0.5023564696311951,3.672871389426291e-05
0.10960274934768677,0.5024341344833374,3.768144597415812e-05
0.1102616935968399,0.5024025440216064,3.7772035284433514e-05
0.11020500212907791,0.502751350402832,3.752946213353425e-05
0.11058276891708374,0.5027785301208496,3.721380926435813e-05
0.11070713400840759,0.5027294158935547,3.725478381966241e-05
0.11061672866344452,0.5026797652244568,3.709532757056877e-05
0.11027586460113525,0.5024533271789551,3.700060551636852e-05
0.11014778912067413,0.5025125741958618,3.731804099516012e-05
0.11006835848093033,0.5025650858879089,3.736793587449938e-05
0.11000605672597885,0.5026184320449829,3.720511813298799e-05
0.10150796175003052,0.502780020236969,3.557381933205761e-05
0.08503521233797073,0.5030196905136108,3.353290230734274e-05
0.08514200896024704,0.5029894113540649,3.341775300214067e-05
0.0698297917842865,0.5034108757972717,3.095683132414706e-05
0.06469150632619858,0.5036872029304504,2.9891949452576227e-05
0.06506672501564026,0.5035838484764099,2.9450427973642945e-05
0.06563778966665268,0.5037549734115601,2.9157783501432277e-05
0.06482481211423874,0.5037110447883606,2.80310632660985e-05
0.06514623016119003,0.5037075281143188,2.7197022063774057e-05
0.06541687250137329,0.503690779209137,2.6852403607335873e-05
0.06540899723768234,0.5036157965660095,2.624459557409864e-05
0.06464625149965286,0.5035271048545837,2.5831661332631484e-05
0.06453225016593933,0.5034770369529724,2.5390938390046358e-05
0.0646904706954956,0.5032050013542175,2.5843932235147804e-05
0.06183423101902008,0.5033183097839355,2.4953971660579555e-05
0.0007717909757047892,0.5025479793548584,7.174653001129627e-05
0.0007068119593895972,0.5026372075080872,7.122715032892302e-05
0.0007395045831799507,0.5026620030403137,6.885073526063934e-05
0.0007340770680457354,0.5026934146881104,6.767925515305251e-05
0.0006854397361166775,0.5026822686195374,6.760713586118072e-05
0.0006827862234786153,0.5026233792304993,6.652897718595341e-05
0.000651662761811167,0.5026553869247437,6.609870615648106e-05
0.0006530178361572325,0.5027938485145569,6.518077134387568e-05
0.0005989430355839431,0.5027862787246704,6.443999882321805e-05
0.0006172965513542295,0.502814769744873,6.429298809962347e-05
0.0006192579749040306,0.5028538107872009,6.445622420869768e-05
0.0006337414961308241,0.5028348565101624,6.466018385253847e-05
0.0006682907696813345,0.5027258992195129,6.446772022172809e-05
0.0006667858688160777,0.5026007890701294,6.512746040243655e-05
0.0007152256439439952,0.5025393962860107,6.437777483370155e-05
0.0007423140341416001,0.5024284720420837,6.379841215675697e-05
0.0007593210320919752,0.5023138523101807,6.303004920482635e-05
0.0008088629110716283,0.5022479891777039,6.173873407533392e-05
0.0008415541960857809,0.5022479295730591,6.113499694038182e-05
0.0009049993823282421,0.5020864605903625,5.974737723590806e-05
0.0009958645096048713,0.5020264983177185,5.846412022947334e-05
0.001076979679055512,0.5020073652267456,5.771815631305799e-05
0.0010938685154542327,0.5019487142562866,5.7194298278773203e-05
0.0010896906023845077,0.5018917322158813,5.662366311298683e-05
0.001116876839660108,0.5017628073692322,5.571836300077848e-05
0.0011188393691554666,0.5016742944717407,5.553583105211146e-05
0.001071671606041491,0.5016990900039673,5.617017814074643e-05
0.0010091719450429082,0.5018693804740906,5.6773431424517184e-05
0.0009173427242785692,0.5019794702529907,5.7892513723345473e-05
0.0008264734060503542,0.5021601915359497,5.9369001974118873e-05
0.011655767448246479,0.5030941367149353,2.5486835511401296e-05
0.012836492620408535,0.503442645072937,2.426469472993631e-05
0.013196156360208988,0.5038140416145325,2.3788123144186102e-05
0.01451701857149601,0.5041475296020508,2.3288463125936687e-05
0.018911195918917656,0.5042927265167236,2.1747509890701622e-05
0.03499706834554672,0.5045771598815918,1.8947630451293662e-05
0.03509191423654556,0.5049662590026855,1.9019413230125792e-05
0.03231979161500931,0.5051394701004028,1.9560829969123006e-05
0.030809490010142326,0.5055776238441467,2.0241961465217173e-05
0.02902906946837902,0.5057131052017212,2.0622339434339665e-05
0.029061883687973022,0.5057604312896729,2.0851102817687206e-05
0.029711266979575157,0.5057557225227356,2.098916047543753e-05
0.018474651500582695,0.505627453327179,2.3439060896635056e-05
0.010825691744685173,0.5055452585220337,2.6681736926548183e-05
0.002502579940482974,0.5052397847175598,4.034599623992108e-05
0.00023620111460331827,0.5044992566108704,9.620575292501599e-05
0.0002258037420688197,0.5045770406723022,9.630213025957346e-05
0.00022059373441152275,0.5045855641365051,9.550047980155796e-05
0.00021684984676539898,0.5045534372329712,9.447675984119996e-05
0.0002140030119335279,0.5044374465942383,9.326174040324986e-05
0.0002016914659179747,0.5044856667518616,9.356156806461513e-05
0.0001944911346072331,0.5044966340065002,9.32862822082825e-05
0.0001995895872823894,0.5044257640838623,9.145718649961054e-05
0.00020668006618507206,0.5043889880180359,8.97251011338085e-05
0.00020921275427099317,0.5043299198150635,8.877969958120957e-05
0.0002089414483634755,0.5032382607460022,8.8175103883259e-05
0.00021731223387178034,0.502734363079071,8.652810356579721e-05
0.00022318151604849845,0.5029039978981018,8.541627903468907e-05
0.004397158045321703,0.5034959316253662,2.9120379622327164e-05
0.005833538714796305,0.5034403204917908,2.731617678364273e-05
0.007740510627627373,0.5034458637237549,2.5731740606715903e-05
0.009092213585972786,0.5033841729164124,2.5062941858777776e-05
0.012800807133316994,0.5034499764442444,2.3274076738744043e-05
0.016165411099791527,0.503423810005188,2.2361233277479187e-05
0.02037147432565689,0.5034945607185364,2.1617572201648727e-05
0.020797710865736008,0.5035553574562073,2.193183172494173e-05
0.02339760959148407,0.5035489797592163,2.174605651816819e-05
0.024670492857694626,0.5034171342849731,2.1780220777145587e-05
0.029482655227184296,0.5035006999969482,2.1497182387975045e-05
0.029024770483374596,0.5035437941551208,2.1893923985771835e-05
0.030432792380452156,0.5034974813461304,2.1946058041066863e-05
0.028525514528155327,0.5033512115478516,2.223907722509466e-05
0.02921869233250618,0.5030807852745056,2.2075908418628387e-05
0.031061291694641113,0.5030204653739929,2.2055495719541796e-05
0.03250646963715553,0.502876341342926,2.1807571101817302e-05
0.034827422350645065,0.5027706027030945,2.1754354747827165e-05
0.03738807141780853,0.5026089549064636,2.1880316126043908e-05
0.03849179297685623,0.5029096603393555,2.1925683540757746e-05
0.03868509456515312,0.5028699040412903,2.167735692637507e-05
0.039599157869815826,0.5028380751609802,2.1430596461868845e-05
0.033881522715091705,0.5026991367340088,2.154344110749662e-05
0.03182639926671982,0.5028449296951294,2.1941894374322146e-05
0.030769476667046547,0.5026035308837891,2.1478821508935653e-05
0.02850254438817501,0.5024245977401733,2.124953425663989e-05
0.026557840406894684,0.502504825592041,2.1653906514984556e-05
0.024281609803438187,0.5022519826889038,2.1715013645007275e-05
0.021290522068738937,0.501854658126831,2.16913776966976e-05
0.018862353637814522,0.5014966130256653,2.1846099116373807e-05
0.01794249936938286,0.5012364983558655,2.1957970602670684e-05
0.017537100240588188,0.5010473728179932,2.198841866629664e-05
0.017885463312268257,0.5010272860527039,2.2005451683071442e-05
0.017212728038430214,0.5009281039237976,2.20454439840978e-05
0.017319131642580032,0.5011999607086182,2.249362296424806e-05
0.017561038956046104,0.5012754201889038,2.2587948478758335e-05
0.018619144335389137,0.5012003183364868,2.2343007003655657e-05
0.020239781588315964,0.5013266801834106,2.2200574676389806e-05
0.021727368235588074,0.5015549063682556,2.2245907530304976e-05
0.036156922578811646,0.5017951130867004,2.045187102339696e-05
0.03777354583144188,0.5018144845962524,2.062873318209313e-05
0.04474794119596481,0.5019189119338989,2.041712468781043e-05
0.06336861103773117,0.5020033121109009,2.1427795218187384e-05
0.07114951312541962,0.5020779967308044,2.29297365876846e-05
0.07848863303661346,0.50220787525177,2.4451292119920254e-05
0.07893387228250504,0.5022927522659302,2.5369226932525635e-05
0.08572553843259811,0.5022546052932739,2.6776277081808075e-05
0.09427690505981445,0.5022011995315552,2.838780710590072e-05
0.09389599412679672,0.502339780330658,2.9160397389205173e-05
0.09372914582490921,0.5024552941322327,3.0233826691983268e-05
0.09299758076667786,0.5025611519813538,3.087150980718434e-05
0.09357930719852448,0.5026005506515503,3.1890383979771286e-05
0.09315977245569229,0.5028042197227478,3.2695003028493375e-05
0.09561750292778015,0.5031252503395081,3.331592961330898e-05
0.09804191440343857,0.5034685134887695,3.3870976039906964e-05
0.09843087196350098,0.503898561000824,3.3867647289298475e-05
0.09903762489557266,0.503981351852417,3.3819011150626466e-05
0.09848297387361526,0.5041484236717224,3.3753989555407315e-05
0.09793844819068909,0.5043357610702515,3.3547265047673136e-05
0.09724525362253189,0.5043907761573792,3.302106779301539e-05
0.0971132218837738,0.5043494701385498,3.289572487119585e-05
0.09711681306362152,0.5041941404342651,3.271281093475409e-05
0.0966142788529396,0.5040062665939331,3.208555426681414e-05
0.09627508372068405,0.5040241479873657,3.160319465678185e-05
0.09751137346029282,0.5038213729858398,3.2008021662477404e-05
0.09883666038513184,0.503821849822998,3.2476233172928914e-05
0.09925348311662674,0.5036919713020325,3.293144254712388e-05
0.10066568851470947,0.503613293170929,3.317244409117848e-05
0.10095078498125076,0.5036123991012573,3.389527410035953e-05
0.1014251857995987,0.5039150714874268,3.488761285552755e-05
0.10151714086532593,0.5042227506637573,3.518420999171212e-05
0.10147799551486969,0.5045283436775208,3.516226934152655e-05
0.10178689658641815,0.5049184560775757,3.535048745106906e-05
0.10242903977632523,0.5049722194671631,3.621286305133253e-05
0.10269344598054886,0.5047504901885986,3.6585803172783926e-05
0.10291295498609543,0.5047147870063782,3.7072728446219116e-05
0.09570522606372833,0.5048500299453735,3.614703382481821e-05
0.08454436808824539,0.5049108266830444,3.473970718914643e-05
0.06235559284687042,0.5047760009765625,3.0935996619518846e-05
0.06262239813804626,0.5044189095497131,2.983305421366822e-05
0.05181671679019928,0.5042941570281982,2.7661682906909846e-05
0.045958615839481354,0.5042627453804016,2.666029286046978e-05
0.046784039586782455,0.5041874051094055,2.6131463528145105e-05
0.047204967588186264,0.5041595101356506,2.5202984033967368e-05
0.047520555555820465,0.5040757656097412,2.4219983970397152e-05
0.047626279294490814,0.5040376782417297,2.3178656192612834e-05
0.04795156419277191,0.5038712024688721,2.2657524823443964e-05
0.04840902239084244,0.5035651326179504,2.2485646695713513e-05
0.04828770458698273,0.5028754472732544,2.2125688701635227e-05
0.04790542274713516,0.502400815486908,2.186852907470893e-05
0.048213329166173935,0.5023878812789917,2.210289312642999e-05
0.05822756141424179,0.5018602013587952,2.2963304218137637e-05
0.07584076374769211,0.5015783309936523,2.5102599465753883e-05
0.07536934316158295,0.501686155796051,2.5337771148770116e-05
0.082452192902565,0.5020844340324402,2.639937520143576e-05
0.08685130625963211,0.502096951007843,2.755323839664925e-05
0.0862032026052475,0.50216144323349,2.7739821234717965e-05
0.08675490319728851,0.50258469581604,2.8276999728404917e-05
0.08830157667398453,0.5029858946800232,2.906195368268527e-05
0.09326647967100143,0.5032851099967957,3.08196795231197e-05
0.09906113892793655,0.5032210350036621,3.1849867809796706e-05
0.10255108028650284,0.5031810402870178,3.244991967221722e-05
0.10314244776964188,0.5032106041908264,3.281247700215317e-05
0.10371134430170059,0.5031946897506714,3.286487117293291e-05
0.10438777506351471,0.503139078617096,3.3122749300673604e-05
0.10434101521968842,0.5031046271324158,3.3799860830185935e-05
0.10519944876432419,0.503060519695282,3.453432145761326e-05
0.10492287576198578,0.5026381611824036,3.525238571455702e-05
0.10463174432516098,0.5023927092552185,3.6185454518999904e-05
0.10352541506290436,0.5023751258850098,3.596884562284686e-05
0.1024995669722557,0.5026299953460693,3.693193139042705e-05
0.10257745534181595,0.5027512311935425,3.754371209652163e-05
0.10283713042736053,0.5030421614646912,3.792970528593287e-05
0.10323149710893631,0.5030220746994019,3.822051075985655e-05
0.10382575541734695,0.5030735731124878,3.809914778685197e-05
0.10401758551597595,0.5031718015670776,3.8184916775207967e-05
0.10369808971881866,0.5029500126838684,3.7950398109387606e-05
0.10324014723300934,0.5029255151748657,3.795593875111081e-05
0.10347256809473038,0.503055214881897,3.809504414675757e-05
0.10424832254648209,0.503179132938385,3.8754642446292564e-05
0.10490639507770538,0.502913236618042,3.813968214672059e-05
0.1051042377948761,0.5031408071517944,3.83455517294351e-05
0.10479383170604706,0.5032678842544556,3.849595304927789e-05
0.10470900684595108,0.5031408667564392,3.893177927238867e-05
0.10438286513090134,0.5030356645584106,3.928451405954547e-05
0.10415826737880707,0.5030887722969055,3.9479389670304954e-05
0.10441164672374725,0.503442645072937,3.9635298890061677e-05
0.10487191379070282,0.5033776760101318,3.889029176207259e-05
0.10445787012577057,0.5032768249511719,3.77377618860919e-05
0.10424302518367767,0.5035579204559326,3.715289130923338e-05
0.10424622893333435,0.5036453604698181,3.666141856228933e-05
0.10381107032299042,0.5034844875335693,3.587299579521641e-05
0.10370589047670364,0.5035579204559326,3.5355005820747465e-05
0.09922313690185547,0.5036647915840149,3.44397994922474e-05
0.08975731581449509,0.503505527973175,3.3067834010580555e-05
0.08996380865573883,0.5027545690536499,3.2293988624587655e-05
0.09006161242723465,0.5030977129936218,3.205194298061542e-05
0.07005958259105682,0.5035146474838257,2.962306643894408e-05
0.06126100942492485,0.5034874677658081,2.842375215550419e-05
0.05460021272301674,0.5034339427947998,2.7266571123618633e-05
0.0552741140127182,0.5034974217414856,2.6907284336630255e-05
0.05329034477472305,0.5034400224685669,2.593800672912039e-05
0.05314589664340019,0.5032432079315186,2.5454968636040576e-05
0.043076761066913605,0.503085732460022,2.463013879605569e-05
0.043350156396627426,0.5030540823936462,2.3932707335916348e-05
0.0010383926564827561,0.5021941661834717,6.278361979639158e-05
0.001049364567734301,0.5020937919616699,6.100111568230204e-05
0.001008589519187808,0.5020429491996765,6.01216233917512e-05
0.0009574526338838041,0.5021381378173828,5.962375144008547e-05
0.0008873186307027936,0.5021536350250244,5.9547830460360274e-05
0.0008319014450535178,0.501826286315918,5.933141801506281e-05
0.0008146379259414971,0.5015796422958374,5.859254451934248e-05
0.0001841413468355313,0.49022427201271057,0.9998883008956909
0.00017954918439500034,0.4907914698123932,0.9998927116394043
0.00018069871293846518,0.49116092920303345,0.9998918771743774
0.00017878061044029891,0.49171870946884155,0.9998916387557983
0.0001771448296494782,0.49204209446907043,0.9998917579650879
0.00017418638162780553,0.49233946204185486,0.9998924732208252
0.00017044709238689393,0.4926668107509613,0.999893307685852
0.00017015804769471288,0.49299246072769165,0.9998929500579834
0.00016745559696573764,0.4932406544685364,0.9998936653137207
0.0001664223673287779,0.4931817948818207,0.9998936653137207
0.00016234739450737834,0.4930853843688965,0.9998950958251953
0.0001526715059299022,0.49276912212371826,0.9998993873596191
0.00014479609671980143,0.49280527234077454,0.9999028444290161
0.00013620116806123406,0.4929029047489166,0.9999070167541504
0.00012926077761221677,0.49299994111061096,0.9999105930328369
0.00012497423449531198,0.49321427941322327,0.9999128580093384
0.00012120070459786803,0.49366289377212524,0.9999146461486816
0.00011993445514235646,0.49369245767593384,0.999915599822998
0.00012116233847336844,0.49343425035476685,0.9999159574508667
0.0001220720005221665,0.4933043420314789,0.9999161958694458
0.00012531170796137303,0.49313923716545105,0.9999152421951294
0.00012569442333187908,0.49310189485549927,0.9999150037765503
0.00012557581067085266,0.49255698919296265,0.9999161958694458
0.0001260737335542217,0.49276044964790344,0.9999158382415771
0.00012418498226907104,0.49307024478912354,0.9999161958694458
0.000122545039630495,0.49310722947120667,0.9999170303344727
0.0001231125061167404,0.4930085837841034,0.9999167919158936
0.00011853902833536267,0.493003249168396,0.999919056892395
0.000278699240880087,0.5018004179000854,0.0002793565799947828
0.0003070048987865448,0.501898467540741,0.00023197929840534925
0.0003450028016231954,0.5019128918647766,0.00019049178808927536
0.00038926067645661533,0.5033782720565796,0.0001570704043842852
0.0004257991095073521,0.5035918354988098,0.00013060405035503209
0.0004659535479731858,0.5035053491592407,0.00010822877811733633
0.0005168116185814142,0.5034679770469666,8.92010357347317e-05
0.0005737596075050533,0.5032678842544556,7.33308115741238e-05
0.0006329058087430894,0.5025047063827515,6.0122878494439647e-05
0.0006772775086574256,0.5023379921913147,5.947615500190295e-05
0.0007012956775724888,0.5023430585861206,5.9148555010324344e-05
0.0006989753455854952,0.5023735761642456,5.9064230299554765e-05
0.0006797563983127475,0.5025052428245544,5.933481588726863e-05
0.0006880564033053815,0.5024149417877197,5.869992673979141e-05
0.0007286785985343158,0.502362847328186,5.755722304456867e-05
0.0007674332009628415,0.502448558807373,5.6627064623171464e-05
0.0008069459581747651,0.5023848414421082,5.592645538854413e-05
0.0008113655494526029,0.5019160509109497,5.571794099523686e-05
0.0007533266325481236,0.5013902187347412,5.603915633400902e-05
0.0007148024742491543,0.5018289685249329,5.6823479098966345e-05
0.0006072703399695456,0.5019601583480835,5.936079105595127e-05
0.04282725974917412,0.5031259059906006,1.7489493984612636e-05
0.04149454087018967,0.5028401613235474,1.7830356227932498e-05
0.04933441802859306,0.5029885172843933,1.792260263755452e-05
0.0515303798019886,0.5030781030654907,1.8026359612122178e-05
0.0541522316634655,0.5037197470664978,1.855964001151733e-05
0.05797044560313225,0.5037609338760376,1.9007191440323368e-05
0.058135561645030975,0.5040069818496704,1.940872061823029e-05
0.05852505564689636,0.5044592022895813,2.039647733909078e-05
0.05896018445491791,0.5043851137161255,2.0908610167680308e-05
0.06010374054312706,0.5041251182556152,2.1293026293278672e-05
0.06036403402686119,0.5039713382720947,2.1605288566206582e-05
0.06066722795367241,0.5038646459579468,2.1852038116776384e-05
0.06058531627058983,0.5038716793060303,2.1947984350845218e-05
0.06048062816262245,0.5038761496543884,2.1942416424280964e-05
0.060154903680086136,0.5038233399391174,2.1661631762981415e-05
0.06000937521457672,0.5037575960159302,2.1444437152240425e-05
0.05987776070833206,0.5036442279815674,2.1314723198884167e-05
0.059632882475852966,0.5036641955375671,2.1075287804706022e-05
0.05936729162931442,0.5034605860710144,2.0949366444256157e-05
0.05906729772686958,0.5033523440361023,2.086964377667755e-05
0.058755017817020416,0.5033314824104309,2.0739373212563805e-05
0.058144208043813705,0.5034388303756714,2.060961924144067e-05
0.057933490723371506,0.5035131573677063,2.0632844098145142e-05
0.05799301341176033,0.5034724473953247,2.0798594050575048e-05
0.05801062285900116,0.5033449530601501,2.0906734789605252e-05
0.05819269269704819,0.5033594965934753,2.1193696738919243e-05
0.05873396620154381,0.5033227801322937,2.1649300833814777e-05
0.05921965464949608,0.5033668279647827,2.2156666091177613e-05
0.059630412608385086,0.5031849145889282,2.250362013000995e-05
0.06010708212852478,0.50279700756073,2.2750713469577022e-05
0.060464173555374146,0.502751350402832,2.3020444132271223e-05
0.060895778238773346,0.5026711225509644,2.3260410671355203e-05
0.06144476309418678,0.5026395320892334,2.345046232221648e-05
0.058743350207805634,0.5027262568473816,2.3258302462636493e-05
0.0590558722615242,0.5028496980667114,2.3231192244566046e-05
0.0585189089179039,0.5028167366981506,2.306494388903957e-05
0.055933982133865356,0.5030957460403442,2.25537660298869e-05
0.046852558851242065,0.50324946641922,2.1891919459449127e-05
0.012719563208520412,0.5031865835189819,2.7749374567065388e-05
0.012663757428526878,0.5037308931350708,2.7354601115803234e-05
0.000584015273489058,0.5029277801513672,7.133971666917205e-05
0.0005732367862947285,0.5029129981994629,6.96658535161987e-05
0.0005814069299958646,0.5026997327804565,6.774123903596774e-05
0.0005670294631272554,0.5026218295097351,6.631564610870555e-05
0.0005649201921187341,0.5026082396507263,6.485371704911813e-05
0.0005693967104889452,0.5026482939720154,6.322702392935753e-05
0.0005726409726776183,0.5026223659515381,6.186385144246742e-05
0.0005940327537246048,0.5025634765625,6.0469945310615e-05
0.0005793391610495746,0.5025633573532104,5.989717828924768e-05
0.000563589099328965,0.5025608539581299,6.0320835473248735e-05
0.0005653799744322896,0.5026240348815918,6.0211357777006924e-05
0.0005885080900043249,0.5026364922523499,5.949402475380339e-05
0.0005751574644818902,0.5025975108146667,5.9850244724657387e-05
0.000570179836358875,0.5025918483734131,6.0458070947788656e-05
0.0006209274870343506,0.5026621222496033,5.9271929785609245e-05
0.0006418955745175481,0.5023875832557678,5.874758426216431e-05
0.0006639975472353399,0.5022806525230408,5.821976810693741e-05
0.0006488266517408192,0.5021441578865051,5.8542118495097384e-05
0.0006806773017160594,0.5020807981491089,5.801260704174638e-05
0.0006725582061335444,0.5020781755447388,5.819412399432622e-05
0.0006711348542012274,0.5020529627799988,5.831678936374374e-05
0.0006661205552518368,0.5020581483840942,5.8601322962203994e-05
0.0006489033694379032,0.5019633173942566,5.89740120631177e-05
0.0006578909233212471,0.5019376277923584,5.860422970727086e-05
0.0006410665228031576,0.5019505023956299,5.905111174797639e-05
0.0006240689544938505,0.5019122362136841,5.9418387536425143e-05
0.0006036892300471663,0.5013346672058105,5.97527323407121e-05
0.0006048163049854338,0.5008856654167175,5.974190207780339e-05
0.0005664136842824519,0.5016549229621887,6.090108581702225e-05
0.0005760278436355293,0.5027028918266296,6.0771824792027473e-05
0.0005555246607400477,0.5027978420257568,6.119285535532981e-05
0.0005369684076867998,0.5026889443397522,6.140457844594494e-05
0.00923263281583786,0.503544270992279,2.4300079530803487e-05
0.05020701885223389,0.5036946535110474,1.6857406080816872e-05
0.06206585839390755,0.5036259889602661,1.7535186998429708e-05
0.061524126678705215,0.5035513043403625,1.7929885871126316e-05
0.07386408001184464,0.5035320520401001,1.9690683984663337e-05
0.10380982607603073,0.5032858848571777,2.3820541173336096e-05
0.10354714840650558,0.5029832124710083,2.5245248252758756e-05
0.11543194949626923,0.502165675163269,2.8513071811175905e-05
0.11683818697929382,0.5025954842567444,3.023495082743466e-05
0.11629043519496918,0.5025423765182495,3.140218177577481e-05
0.12032707780599594,0.502582848072052,3.2771105907158926e-05
0.12011373788118362,0.5025496482849121,3.3615026040934026e-05
0.11962725967168808,0.5029473900794983,3.4189204598078504e-05
0.11947408318519592,0.5029067397117615,3.4769207559293136e-05
0.11932668834924698,0.5027527213096619,3.487553840386681e-05
0.11897716671228409,0.5026971101760864,3.475047924439423e-05
0.11855068057775497,0.5026868581771851,3.410365752642974e-05
0.11820889264345169,0.5026572346687317,3.365326119819656e-05
0.11826212704181671,0.5026116371154785,3.392531652934849e-05
0.11820098012685776,0.5025908946990967,3.373551953700371e-05
0.1182413101196289,0.5022897124290466,3.3859541872516274e-05
0.11824093759059906,0.5021880269050598,3.4138054616050795e-05
0.11847970634698868,0.5021145939826965,3.444794492679648e-05
0.11856938898563385,0.5020673871040344,3.437778286752291e-05
0.11861206591129303,0.5020461082458496,3.4256237995577976e-05
0.11885611712932587,0.5020824074745178,3.429386197240092e-05
0.11910787969827652,0.5020689368247986,3.463055327301845e-05
0.11937237530946732,0.5020576119422913,3.4829339710995555e-05
0.11504905670881271,0.5021591782569885,3.3820462704170495e-05
0.1152476891875267,0.5020428895950317,3.363901487318799e-05
0.1153695285320282,0.5019479393959045,3.360137270647101e-05
0.11544112861156464,0.5019852519035339,3.3403863199055195e-05
0.11535055190324783,0.5020883083343506,3.3129352232208475e-05
0.11532457172870636,0.5024392008781433,3.3394117053830996e-05
0.1151648536324501,0.5025168061256409,3.359740003361367e-05
0.12058990448713303,0.5024461150169373,3.473878314252943e-05
0.1217905804514885,0.5024507641792297,3.501600804156624e-05
0.12177007645368576,0.5022879242897034,3.485259730950929e-05
0.12494191527366638,0.5020814538002014,3.584707519621588e-05
0.12799064815044403,0.502055823802948,3.721693065017462e-05
0.12781363725662231,0.5020933747291565,3.7730027543148026e-05
0.1307491660118103,0.5021241307258606,3.868525891448371e-05
0.1397370547056198,0.5023937821388245,4.1640632844064385e-05
0.15028901398181915,0.5027572512626648,4.4748660002369434e-05
0.15290866792201996,0.5028082728385925,4.606383299687877e-05
0.1524515450000763,0.5028629302978516,4.655339944292791e-05
0.1525200456380844,0.5027028918266296,4.701731086242944e-05
0.15133461356163025,0.5030430555343628,4.746538252220489e-05
0.15032897889614105,0.5032671093940735,4.74212683911901e-05
0.14963094890117645,0.503473162651062,4.738456118502654e-05
0.14875899255275726,0.5036290287971497,4.725338294520043e-05
0.1482020765542984,0.5039500594139099,4.709188578999601e-05
0.14775000512599945,0.5038629174232483,4.676822936744429e-05
0.14776934683322906,0.5035631060600281,4.6682587708346546e-05
0.14703063666820526,0.5037761926651001,4.774730768986046e-05
0.14721360802650452,0.5038697719573975,4.7795278078410774e-05
0.14755545556545258,0.5038272738456726,4.831710975850001e-05
0.1514570564031601,0.503635048866272,4.953480311087333e-05
0.15830282866954803,0.5033796429634094,5.1538649131543934e-05
0.16228140890598297,0.50345379114151,5.427383803180419e-05
0.1625513732433319,0.5024259686470032,5.441687608254142e-05
0.16258537769317627,0.5025651454925537,5.611118103843182e-05
0.16229937970638275,0.5031081438064575,5.728971882490441e-05
0.16299757361412048,0.5032082200050354,5.950128615950234e-05
0.16423994302749634,0.5034669041633606,5.884570418857038e-05
0.16517773270606995,0.5039860606193542,6.004810711601749e-05
0.16523553431034088,0.50360107421875,6.0874084738316014e-05
0.1649698168039322,0.5033767223358154,6.186308746691793e-05
0.16457882523536682,0.5034565329551697,6.282578397076577e-05
0.1648709625005722,0.5032263994216919,6.216314795892686e-05
0.16790564358234406,0.5034658908843994,6.41750157228671e-05
0.17256484925746918,0.5033407807350159,6.566026422660798e-05
0.17308035492897034,0.5031858682632446,6.564198702108115e-05
0.17345672845840454,0.5029242634773254,6.489788938779384e-05
0.1726248860359192,0.5031092762947083,6.513355037895963e-05
0.17177091538906097,0.5033270716667175,6.516044959425926e-05
0.17097286880016327,0.5034846663475037,6.490147643489763e-05
0.17031604051589966,0.5036104917526245,6.453531386796385e-05
0.16991113126277924,0.5036771297454834,6.401506107067689e-05
0.16932572424411774,0.5037853121757507,6.37785778963007e-05
0.16332805156707764,0.5039471983909607,6.141371704870835e-05
0.1629854440689087,0.503997266292572,6.068576840334572e-05
0.13396085798740387,0.5044717192649841,5.028522718930617e-05
0.11956587433815002,0.5044214129447937,4.550306039163843e-05
0.1002684086561203,0.5045338869094849,4.074307798873633e-05
0.09017980843782425,0.5048844218254089,3.744859350263141e-05
0.09115215390920639,0.5047604441642761,3.641691000666469e-05
0.09065302461385727,0.505029022693634,3.4892571420641616e-05
0.09120729565620422,0.504965603351593,3.3673743018880486e-05
0.09208200126886368,0.5047850608825684,3.264409315306693e-05
0.09284955263137817,0.5047213435173035,3.175288293277845e-05
0.09361685067415237,0.5046287178993225,3.140517583233304e-05
0.09435486048460007,0.5045254826545715,3.116958396276459e-05
0.09487705677747726,0.5043920874595642,3.121578265563585e-05
0.09527282416820526,0.5044269561767578,3.161100175930187e-05
0.09542027860879898,0.5043795108795166,3.172334254486486e-05
0.09551049768924713,0.5044844150543213,3.158677282044664e-05
0.09575966745615005,0.5044448375701904,3.1949191907187924e-05
0.09615634381771088,0.5042461156845093,3.226422268198803e-05
0.09640643000602722,0.504145085811615,3.248044595238753e-05
0.09701493382453918,0.5039438009262085,3.263886537752114e-05
0.09717202186584473,0.5037887096405029,3.32804920617491e-05
0.0972672700881958,0.5035106539726257,3.4039196179946885e-05
0.09283409267663956,0.5034233331680298,3.4047799999825656e-05
0.08479757606983185,0.5033690929412842,3.3024563890649006e-05
0.0745946392416954,0.5032230615615845,3.192421718267724e-05
0.06715267896652222,0.5031245350837708,3.090273457928561e-05
0.0677095279097557,0.5029041767120361,3.142563582514413e-05
0.06582959741353989,0.5025790929794312,3.111300975433551e-05
0.06650801748037338,0.5024645924568176,3.097002991125919e-05
0.06695520132780075,0.5022025108337402,3.1116542231757194e-05
0.067471943795681,0.5022550225257874,3.059767186641693e-05
0.06795505434274673,0.5022336840629578,2.9876959160901606e-05
0.06839291751384735,0.5021975636482239,2.8967848265892826e-05
0.06845808029174805,0.5022386908531189,2.8511414711829275e-05
0.06765254586935043,0.5024365186691284,2.828582000802271e-05
0.06668929010629654,0.5022480487823486,2.7197595045436174e-05
0.06563735008239746,0.5022417902946472,2.643030893523246e-05
0.0655655637383461,0.5023733973503113,2.5961489882320166e-05
0.06522315740585327,0.5024256706237793,2.5317893232568167e-05
0.06871213018894196,0.5023613572120667,2.495104490662925e-05
0.06948558241128922,0.5019100904464722,2.3968565074028447e-05
0.06906885653734207,0.5017959475517273,2.3293750928132795e-05
0.07000195235013962,0.5018833875656128,2.3447622879757546e-05
0.07019475102424622,0.5018427968025208,2.3344364308286458e-05
0.07093257457017899,0.5017780065536499,2.3070861061569303e-05
0.07252680510282516,0.5021994113922119,2.382349339313805e-05
0.07538270205259323,0.5021601915359497,2.3904603949631564e-05
0.07726084440946579,0.502223014831543,2.4497809135937132e-05
0.07713086903095245,0.5024051666259766,2.5054194338736124e-05
0.07888267189264297,0.5024762749671936,2.5649667804827914e-05
0.08258616179227829,0.5029619932174683,2.687310188775882e-05
0.10117834806442261,0.5030535459518433,2.998359559569508e-05
0.10067803412675858,0.503119945526123,3.0152887120493688e-05
0.103122778236866,0.5033029317855835,3.112431659246795e-05
0.10351665318012238,0.5036360025405884,3.1852359825279564e-05
0.10304513573646545,0.5038272142410278,3.221656515961513e-05
0.10337527096271515,0.5050421953201294,3.283398109488189e-05
0.10455363988876343,0.5051866769790649,3.3045704185497016e-05
0.10510881245136261,0.5051460862159729,3.321635085740127e-05
0.10642960667610168,0.5052945017814636,3.3711497962940484e-05
0.10826704651117325,0.5052357912063599,3.4137403417844325e-05
0.10902908444404602,0.5051778554916382,3.4269636671524495e-05
0.10955097526311874,0.5052358508110046,3.4446336940163746e-05
0.1088712140917778,0.5051254630088806,3.4130825952161103e-05
0.10873211920261383,0.5051239728927612,3.3954220270970836e-05
0.10881583392620087,0.5045632123947144,3.456558988546021e-05
0.11024326086044312,0.5044830441474915,3.51138151017949e-05
0.1104750707745552,0.5045173764228821,3.5579316318035126e-05
0.11050056666135788,0.5045564770698547,3.586478851502761e-05
0.11080404371023178,0.5044540762901306,3.568724059732631e-05
0.1111651286482811,0.5043166279792786,3.6065153835806996e-05
0.11147208511829376,0.5042836666107178,3.668513090815395e-05
0.11207453906536102,0.5041271448135376,3.7176279874984175e-05
0.08880285173654556,0.5042049288749695,3.3920787245733663e-05
0.06213473528623581,0.5042840242385864,2.9996521334396675e-05
0.034601759165525436,0.5042601227760315,2.7770578526542522e-05
0.014990071766078472,0.5040022134780884,3.139421824016608e-05
0.0005468044546432793,0.5028818249702454,8.475396316498518e-05
0.0005392786115407944,0.5026955008506775,8.019492088351399e-05
0.0005769487470388412,0.5022075176239014,7.492356235161424e-05
0.0005892869085073471,0.5020701885223389,7.116475171642378e-05
0.0005487174494192004,0.5019766688346863,6.863800081191584e-05
0.0005318644107319415,0.5019034743309021,6.656311597907916e-05
0.000544162408914417,0.5017018914222717,6.470483640441671e-05
0.00057324388762936,0.5015584826469421,6.272018799791113e-05
0.0006606269162148237,0.5014869570732117,6.016033512423746e-05
0.0006881213048473,0.501568078994751,5.987125405226834e-05
0.0006749816238880157,0.5015645623207092,5.9993963077431545e-05
0.0006801289855502546,0.501639187335968,6.003688395139761e-05
0.0006640877109020948,0.5015807747840881,6.040389780537225e-05
0.0006155985756777227,0.5016189813613892,6.135231524240226e-05
0.0005780815263278782,0.5016354322433472,6.233160820556805e-05
0.0005110920174047351,0.5018208026885986,6.420721183530986e-05
0.0004347112844698131,0.5019375681877136,6.683547690045089e-05
0.0003652054292615503,0.5020561814308167,7.008938700892031e-05
0.00030542374588549137,0.5021907091140747,7.337089482462034e-05
0.008117572404444218,0.5030522346496582,2.367699744354468e-05
0.017813563346862793,0.5032966136932373,1.9587672795751132e-05
0.024886934086680412,0.5036795139312744,1.8315346096642315e-05
0.03295886889100075,0.5039767622947693,1.7345317246508785e-05
0.03630774840712547,0.5040225982666016,1.717086161079351e-05
0.04482188820838928,0.5041364431381226,1.701142537058331e-05
0.04802389442920685,0.5041407942771912,1.742441781971138e-05
0.04914551600813866,0.5041677355766296,1.8013590306509286e-05
0.050521258264780045,0.504142701625824,1.8668544726097025e-05
0.05200076475739479,0.5041263103485107,1.905634235299658e-05
0.053800277411937714,0.5041468739509583,2.001932807615958e-05
0.056774742901325226,0.5041344165802002,2.106037936755456e-05
0.057437311857938766,0.504125714302063,2.2118496417533606e-05
0.05806664749979973,0.5040441751480103,2.2941023416933604e-05
0.058615267276763916,0.5040217041969299,2.3394532036036253e-05
0.06000614911317825,0.503720760345459,2.3843542294343933e-05
0.06219325214624405,0.5037321448326111,2.4513185053365305e-05
0.06367239356040955,0.5035715103149414,2.5007097065099515e-05
0.06376753002405167,0.5034357905387878,2.5178193027386442e-05
0.06401694566011429,0.5032129883766174,2.5591931262169965e-05
0.06399481743574142,0.5030951499938965,2.51830442721257e-05
0.06380206346511841,0.5030707120895386,2.4644026780151762e-05
0.06372762471437454,0.5030155181884766,2.4031369321164675e-05
0.06366653740406036,0.5029365420341492,2.3716409486951306e-05
0.06360729783773422,0.5026244521141052,2.3663093088543974e-05
0.06336905807256699,0.5031135678291321,2.367912202316802e-05
0.06314530968666077,0.5036126375198364,2.3524851712863892e-05
0.06264107674360275,0.5037685632705688,2.326014327991288e-05
0.0626031756401062,0.504240095615387,2.3142167265177704e-05
0.062365658581256866,0.5042614936828613,2.2843523765914142e-05
0.06247546896338463,0.5042844414710999,2.2840606106910855e-05
0.061868175864219666,0.504450798034668,2.2564006940228865e-05
0.06158624216914177,0.5045256614685059,2.2558542696060613e-05
0.061043061316013336,0.504480242729187,2.237731678178534e-05
0.06073835492134094,0.504514217376709,2.2253036149777472e-05
0.0603928416967392,0.5045288801193237,2.200188464485109e-05
0.06023925170302391,0.5045288801193237,2.1914249373367056e-05
0.060313526540994644,0.5044898986816406,2.1924826796748675e-05
0.060097962617874146,0.5045514106750488,2.18424538616091e-05
0.059854958206415176,0.5046085119247437,2.180869341827929e-05
0.05909205600619316,0.5048465728759766,2.1536190615734085e-05
0.059171244502067566,0.5048344135284424,2.1625077351927757e-05
0.047876134514808655,0.5048485994338989,2.0797007891815156e-05
0.02722543478012085,0.5041478872299194,2.2395377527573146e-05
0.025015272200107574,0.5037383437156677,2.268199750687927e-05
0.025227049365639687,0.5037216544151306,2.2501668354379945e-05
0.024587824940681458,0.5042152404785156,2.237689113826491e-05
0.024338137358427048,0.5043852925300598,2.2209616872714832e-05
0.02513360045850277,0.5042853355407715,2.192831743741408e-05
0.042121902108192444,0.5041922330856323,1.979247826966457e-05
0.06440907716751099,0.5039976835250854,2.0540748664643615e-05
0.06737372279167175,0.5040522217750549,2.108147782564629e-05
0.0684662014245987,0.5039556622505188,2.1537647626246326e-05
0.06949008256196976,0.503558337688446,2.1933485186309554e-05
0.06907158344984055,0.5035586953163147,2.190323721151799e-05
0.06877647340297699,0.5032764077186584,2.1979150915285572e-05
0.0686071440577507,0.5033548474311829,2.225810931122396e-05
0.06850477308034897,0.5032309293746948,2.2388436264009215e-05
0.06867548823356628,0.5031707882881165,2.2443697162088938e-05
0.06851282715797424,0.5031524300575256,2.225144453404937e-05
0.0682021975517273,0.5028829574584961,2.202157338615507e-05
0.06776159256696701,0.5024633407592773,2.186735946452245e-05
0.06757888942956924,0.5027718544006348,2.1798796296934597e-05
0.06300610303878784,0.5028027892112732,2.1237337932689115e-05
0.06206502765417099,0.5029994249343872,2.1188301616348326e-05
0.06194564700126648,0.5030601620674133,2.130464417859912e-05
0.059879813343286514,0.5031949877738953,2.1038578779553063e-05
0.059610817581415176,0.5034408569335938,2.1065701730549335e-05
0.05909324809908867,0.5036264061927795,2.1140829630894586e-05
0.059117935597896576,0.5037232637405396,2.1235940948827192e-05
0.0591941736638546,0.5037472248077393,2.125904029526282e-05
0.05949486047029495,0.5039457678794861,2.1265224859234877e-05
0.059702303260564804,0.5039301514625549,2.1274678147165105e-05
0.05968008562922478,0.5043789744377136,2.121772376995068e-05
0.05980871617794037,0.5042321085929871,2.1215719243627973e-05
0.06041208654642105,0.5040687918663025,2.1287220079102553e-05
0.06106935814023018,0.5040262937545776,2.1549605662585236e-05
0.061230871826410294,0.5039604306221008,2.141490585927386e-05
0.061343736946582794,0.5045285224914551,2.1166268197703175e-05
0.06147139519453049,0.5044044852256775,2.096897515002638e-05
0.06152830645442009,0.5041698217391968,2.086031236103736e-05
0.06150185316801071,0.5040738582611084,2.0676059648394585e-05
0.06138704717159271,0.50408935546875,2.0664785552071407e-05
0.06129413843154907,0.5037874579429626,2.072009738185443e-05
0.06107558310031891,0.5037233233451843,2.0799745470867492e-05
0.060560282319784164,0.5036230087280273,2.0718181986012496e-05
0.06016827002167702,0.5036683082580566,2.056821176665835e-05
0.060275763273239136,0.5037315487861633,2.0812522052438e-05
0.060414817184209824,0.5037568211555481,2.1152607587282546e-05
0.06042908504605293,0.5037398338317871,2.1373896743170917e-05
0.06040104478597641,0.5037761926651001,2.1502739400602877e-05
0.06043490767478943,0.5038033127784729,2.1673738956451416e-05
0.06047580763697624,0.5039486289024353,2.1723817553720437e-05
0.060694899410009384,0.5041596293449402,2.1881878637941554e-05
0.060891661792993546,0.504109799861908,2.177448732254561e-05
0.06105829030275345,0.50408536195755,2.179854709538631e-05
0.061015330255031586,0.5041378140449524,2.1699879653169774e-05
0.060971248894929886,0.5037500858306885,2.1571668185060844e-05
0.060794442892074585,0.5033590793609619,2.1355172066250816e-05
0.060704633593559265,0.503197193145752,2.124167440342717e-05
0.0606987364590168,0.5031535029411316,2.1127125364728272e-05
0.060611750930547714,0.5034664273262024,2.105692692566663e-05
0.060417741537094116,0.503532886505127,2.0899678929708898e-05
0.06018121913075447,0.5035649538040161,2.0737217710120603e-05
0.06010352820158005,0.5035965442657471,2.082340324705001e-05
0.06004452332854271,0.5035940408706665,2.076591226796154e-05
0.06007989123463631,0.5036079287528992,2.085422420350369e-05
0.06018154323101044,0.5035621523857117,2.095576019200962e-05
0.06026846915483475,0.5035738348960876,2.108320768456906e-05
0.060320328921079636,0.5036035776138306,2.1214120351942256e-05
0.060298968106508255,0.5036634802818298,2.135248541890178e-05
0.06041846424341202,0.5037199854850769,2.1518431822187267e-05
0.06080874428153038,0.5037570595741272,2.1889205527259037e-05
0.06121520325541496,0.5037062168121338,2.2211777832126245e-05
0.06125093251466751,0.5037733316421509,2.225439493486192e-05
0.06143322214484215,0.5037755966186523,2.251336809422355e-05
0.06163034588098526,0.5036153793334961,2.279299769725185e-05
0.06178458034992218,0.5035220980644226,2.2797126803197898e-05
0.06214212253689766,0.5035454630851746,2.363941166549921e-05
0.06228930130600929,0.5036472082138062,2.4666691388119943e-05
0.06259511411190033,0.5036118626594543,2.5775556423468515e-05
0.06271600723266602,0.5036344528198242,2.6761368644656613e-05
0.06312790513038635,0.5035321712493896,2.709931504796259e-05
0.06348802894353867,0.5034571886062622,2.7319929358782247e-05
0.06423043459653854,0.5034869909286499,2.8161903173895553e-05
0.06487171351909637,0.5032474398612976,2.8682159609161317e-05
0.06523986160755157,0.5031375885009766,2.8933696739841253e-05
0.06569463014602661,0.5030311346054077,2.9213169909780845e-05
0.0659448578953743,0.5034285187721252,2.9025502954027615e-05
0.06673268973827362,0.5031344890594482,2.8360340365907177e-05
0.06369294971227646,0.5030749440193176,2.7326388590154238e-05
0.06095010042190552,0.502915620803833,2.5353843739139847e-05
0.057968348264694214,0.5031648874282837,2.5118522898992524e-05
0.046455495059490204,0.5033131241798401,2.4494887838955037e-05
0.03565659001469612,0.50384122133255,2.4505194232915528e-05
0.016014406457543373,0.5038132667541504,2.824124021572061e-05
0.01366135198622942,0.5039198398590088,2.8786562324967235e-05
0.013399284332990646,0.5037872791290283,2.867649709514808e-05
0.0007303116144612432,0.5029033422470093,6.833281804574654e-05
0.0006077337893657386,0.5032870173454285,7.057947368593886e-05
0.000510602374561131,0.5034545063972473,7.278732664417475e-05
0.0005143519956618547,0.5036355257034302,7.254721276694909e-05
0.000476676708785817,0.5035229325294495,7.195880607469007e-05
0.00042141275480389595,0.5035223364830017,7.325009210035205e-05
0.0004185775760561228,0.5034124255180359,7.278330303961411e-05
0.0003821292193606496,0.5032849311828613,7.402476330753416e-05
0.00037037880974821746,0.5028961896896362,7.31555774109438e-05
0.00035647666663862765,0.5028477311134338,7.369007653323933e-05
0.013327430002391338,0.5036965608596802,2.258114363939967e-05
0.04136546701192856,0.5037822723388672,1.7841326553025283e-05
0.05061766877770424,0.503743588924408,1.7987997125601396e-05
0.053266629576683044,0.5030437111854553,1.781534774636384e-05
0.05844157934188843,0.5030289888381958,1.8742004613159224e-05
0.0592975951731205,0.5030422210693359,1.946013253473211e-05
0.05907959118485451,0.5027209520339966,1.975485974980984e-05
0.05864287540316582,0.5025591850280762,2.0252524336683564e-05
0.05771208181977272,0.5024052858352661,2.075280644930899e-05
0.05796803534030914,0.5021077990531921,2.094573028443847e-05
0.05767695978283882,0.5018130540847778,2.0855795810348354e-05
0.05728168785572052,0.5016782879829407,2.1095798729220405e-05
0.05642256885766983,0.5013508796691895,2.1103001927258447e-05
0.05645347386598587,0.5016984343528748,2.2050910047255456e-05
0.05702714994549751,0.5015150308609009,2.1970601665088907e-05
0.05731793865561485,0.5013977885246277,2.1948109861114062e-05
0.05799856409430504,0.5017920136451721,2.2090649508754723e-05
0.058308519423007965,0.5020670890808105,2.224391391791869e-05
0.05964621901512146,0.5022596120834351,2.276462510053534e-05
0.06089773774147034,0.5024383068084717,2.317927464901004e-05
0.06266509741544724,0.5026477575302124,2.392239184700884e-05
0.06556045264005661,0.5028085112571716,2.435752503515687e-05
0.06959652900695801,0.5029638409614563,2.5071809432120062e-05
0.07496761530637741,0.5029818415641785,2.5841369279078208e-05
0.07959731668233871,0.5030102729797363,2.6862291633733548e-05
0.07914892584085464,0.5031022429466248,2.71065528067993e-05
0.08289995044469833,0.5030493140220642,2.789149948512204e-05
0.08562983572483063,0.5030804872512817,2.8576199838425964e-05
0.08820377290248871,0.5031837224960327,2.912849231506698e-05
0.09038714319467545,0.5033666491508484,2.9440992875606753e-05
0.09304335713386536,0.5035343766212463,3.0039976991247386e-05
0.09486106783151627,0.503600001335144,3.0539864383172244e-05
0.09678825736045837,0.5035446286201477,3.1148039852268994e-05
0.09683654457330704,0.5035001039505005,3.2097334042191505e-05
0.09761351346969604,0.503557562828064,3.194983219145797e-05
0.09882726520299911,0.503604531288147,3.243803803343326e-05
0.09980429708957672,0.5034775137901306,3.2537987863179296e-05
0.09986185282468796,0.5034543871879578,3.27364650729578e-05
0.0997750461101532,0.5034632682800293,3.269986336817965e-05
0.10095641016960144,0.5031176209449768,3.277470023022033e-05
0.1006828248500824,0.5030093789100647,3.2245829061139375e-05
0.10046004503965378,0.5029356479644775,3.195857789251022e-05
0.09959688037633896,0.5031813979148865,3.1255876820068806e-05
0.09920888394117355,0.5032404065132141,3.0174114726833068e-05
0.09886312484741211,0.5032602548599243,2.996067087224219e-05
0.09851139038801193,0.5031468272209167,2.9107497539371252e-05
0.09866779297590256,0.5030814409255981,2.8752869184245355e-05
0.09859827905893326,0.5030372142791748,2.8099448172724806e-05
0.09886138141155243,0.5027495622634888,2.8006028514937498e-05
0.09928154200315475,0.5028440356254578,2.818253415171057e-05
0.099685437977314,0.5028621554374695,2.83379849861376e-05
0.09983502328395844,0.5027652978897095,2.835001032508444e-05
0.10038416087627411,0.5025187730789185,2.8570557333296165e-05
0.10070307552814484,0.5022057890892029,2.8543707230710424e-05
0.10092884302139282,0.502348780632019,2.8514543373603374e-05
0.10091370344161987,0.5024399161338806,2.8772043151548132e-05
0.1007525771856308,0.5024343132972717,2.9108579838066362e-05
0.10043147206306458,0.5026743412017822,2.9257891583256423e-05
0.10108663141727448,0.502747118473053,2.9133490897947922e-05
0.10072501748800278,0.5028442144393921,2.905979272327386e-05
0.100324347615242,0.502976655960083,2.9125711080268957e-05
0.10023416578769684,0.502985417842865,2.9386463211267255e-05
0.09994765371084213,0.5030905604362488,2.946582571894396e-05
0.0994267612695694,0.5033133625984192,2.9659051506314427e-05
0.09908819943666458,0.5033589601516724,2.992634654219728e-05
0.0990300327539444,0.5034042000770569,3.028689752682112e-05
0.09883655607700348,0.5037206411361694,3.0138113288558088e-05
0.09881241619586945,0.5040414333343506,3.0333289032569155e-05
0.09891695529222488,0.5040502548217773,3.0637322197435424e-05
0.0991317629814148,0.5039640069007874,3.0834911740384996e-05
0.09952857345342636,0.5039056539535522,3.106933581875637e-05
0.10617434233427048,0.5037097930908203,3.2062460377346724e-05
0.11286205053329468,0.5035401582717896,3.3233427529921755e-05
0.1205943152308464,0.5033811926841736,3.471394666121341e-05
0.12054526060819626,0.5032914876937866,3.4810676879715174e-05
0.13272510468959808,0.5031585097312927,3.75353338313289e-05
0.13915333151817322,0.5031087398529053,3.9876198570709676e-05
0.1418611705303192,0.5030806660652161,4.1276744013885036e-05
0.1434599757194519,0.5030894875526428,4.2287760152248666e-05
0.1431495100259781,0.5031265616416931,4.302492015995085e-05
0.14565256237983704,0.5037094950675964,4.454892405192368e-05
0.14536431431770325,0.504205048084259,4.516119952313602e-05
0.14619062840938568,0.5039175748825073,4.626872396329418e-05
0.1460799276828766,0.5034998059272766,4.7644105507060885e-05
0.14714348316192627,0.5034777522087097,4.84548945678398e-05
0.14897732436656952,0.503499448299408,4.9075060815084726e-05
0.1509237438440323,0.5033629536628723,5.0160317186964676e-05
0.15283246338367462,0.5033817291259766,5.108534242026508e-05
0.1530526727437973,0.5033667087554932,5.244681233307347e-05
0.15362417697906494,0.5033036470413208,5.36991938133724e-05
0.1525418907403946,0.503156304359436,5.3494131861953065e-05
0.1516599953174591,0.5028725266456604,5.3121511882636696e-05
0.15177689492702484,0.5027197599411011,5.4307129175867885e-05
0.15152280032634735,0.5026376247406006,5.377226625569165e-05
0.15175585448741913,0.5024736523628235,5.4468895541504025e-05
0.14520737528800964,0.5025545358657837,5.225884888204746e-05
0.1341738998889923,0.5025679469108582,4.790077218785882e-05
0.12395042926073074,0.5027441382408142,4.359292142908089e-05
0.11693121492862701,0.5027612447738647,4.143259866395965e-05
0.10441304743289948,0.5027233958244324,3.771049159695394e-05
0.10271638631820679,0.5028502345085144,3.678202847368084e-05
0.10407839715480804,0.5031678676605225,3.6720903153764084e-05
0.10387513041496277,0.5031198859214783,3.5266304621472955e-05
0.10277058929204941,0.5031619668006897,3.397491673240438e-05
0.10240639001131058,0.5031086206436157,3.2886313420021906e-05
0.10251084715127945,0.5030964612960815,3.251422822359018e-05
0.10298491269350052,0.5030461549758911,3.280731471022591e-05
0.10329896211624146,0.5033085942268372,3.347612437210046e-05
0.1029251292347908,0.5034019947052002,3.3072723454097286e-05
0.1030486598610878,0.5032430291175842,3.344504511915147e-05
0.10299243777990341,0.5031769871711731,3.3345044357702136e-05
0.10273480415344238,0.5031477212905884,3.29739305016119e-05
0.10321564227342606,0.5030471682548523,3.267773354309611e-05
0.10392666608095169,0.5030391216278076,3.291091343271546e-05
0.10453783720731735,0.5028899312019348,3.2990254112519324e-05
0.10461847484111786,0.5029057264328003,3.3039337722584605e-05
0.10437522083520889,0.502784788608551,3.289189771749079e-05
0.10419576615095139,0.5028977990150452,3.2922402169788256e-05
0.10402064770460129,0.5028532147407532,3.2967262086458504e-05
0.10375788807868958,0.5030469298362732,3.268820364610292e-05
0.10340806841850281,0.5031687021255493,3.2273575925501063e-05
0.1031588613986969,0.5030180811882019,3.203614323865622e-05
0.10276450961828232,0.5031564235687256,3.1931129342410713e-05
0.1026378720998764,0.5032233595848083,3.17871781589929e-05
0.10232888162136078,0.5032961368560791,3.1527186365565285e-05
0.1020474061369896,0.5032748579978943,3.113654747721739e-05
0.10179061442613602,0.5033770203590393,3.085773641942069e-05
0.10150761157274246,0.5035135746002197,3.0394530767807737e-05
0.10126788914203644,0.5035662055015564,2.9990971597726457e-05
0.10086841881275177,0.5036143660545349,2.9761957193841226e-05
0.10071035474538803,0.5040256381034851,2.9591557904495858e-05
0.10045573115348816,0.5041108727455139,2.9410013667074963e-05
0.10022436827421188,0.5041863322257996,2.9069688025629148e-05
0.09991739690303802,0.5042470693588257,2.8745906092808582e-05
0.09978082776069641,0.5044453740119934,2.8749689590767957e-05
0.10004502534866333,0.5047089457511902,2.870213211281225e-05
0.09981795400381088,0.5048078894615173,2.835125633282587e-05
0.09968271851539612,0.5047497153282166,2.83827175735496e-05
0.09978237003087997,0.504706859588623,2.8486436349339783e-05
0.09980648010969162,0.504604697227478,2.8588901841430925e-05
0.0999676063656807,0.5044873356819153,2.877893166441936e-05
0.10043074190616608,0.5039194822311401,2.878573832276743e-05
0.10086871683597565,0.5036371350288391,2.8950809792149812e-05
0.10100848972797394,0.5035794973373413,2.8896967705804855e-05
0.10115619003772736,0.5033922791481018,2.8850157832494006e-05
0.09974900633096695,0.503362238407135,2.863337613234762e-05
0.09996390342712402,0.5033130645751953,2.882584522012621e-05
0.10040580481290817,0.5032601356506348,2.9333379643503577e-05
0.09520096331834793,0.5032584071159363,2.8721571652567945e-05
0.09152010083198547,0.5031777620315552,2.8114218366681598e-05
0.09175432473421097,0.5030646920204163,2.8002581530017778e-05
0.08587630838155746,0.5030336380004883,2.747551661741454e-05
0.0808318480849266,0.5030805468559265,2.682064223336056e-05
0.07236137241125107,0.5032044053077698,2.5786179321585223e-05
0.06530184298753738,0.5032905340194702,2.4555885829613544e-05
0.06555633246898651,0.5032828450202942,2.4154660422937013e-05
0.060671117156744,0.5032791495323181,2.311823482159525e-05
0.05985872820019722,0.5032813549041748,2.223543015134055e-05
0.059934232383966446,0.5032870769500732,2.1595215002889745e-05
0.05965747311711311,0.5033977627754211,2.1034285964560695e-05
0.05936657264828682,0.5035889148712158,2.0680634406744502e-05
0.058973971754312515,0.5036765336990356,2.0194644093862735e-05
0.05891752988100052,0.5031357407569885,1.9895331206498668e-05
0.062287475913763046,0.5029770731925964,2.0043225958943367e-05
0.06219559162855148,0.5029965043067932,1.999608866753988e-05
0.06293067336082458,0.5030021667480469,2.0120769477216527e-05
0.0627594143152237,0.5031237602233887,2.0232195311109535e-05
0.06259755045175552,0.5030087232589722,2.032570046139881e-05
0.06223028153181076,0.5029591917991638,2.04237276193453e-05
0.06234388425946236,0.5030149817466736,2.071587005048059e-05
0.059162259101867676,0.5029388070106506,2.0511131879175082e-05
0.03258613497018814,0.5030279159545898,2.1185393052292056e-05
0.006524393334984779,0.5026514530181885,3.112478952971287e-05
0.005406971555203199,0.5026936531066895,3.247189670219086e-05
0.0003068887162953615,0.5020594000816345,8.665122004458681e-05
0.00030889888876117766,0.5020561814308167,8.412871102336794e-05
0.0003119382308796048,0.5019413828849792,8.167813939508051e-05
0.0003181626962032169,0.5018692016601562,7.909534178907052e-05
0.00032735575223341584,0.5017213225364685,7.621788245160133e-05
0.0003352618950884789,0.5016496181488037,7.359583105426282e-05
0.0003393985389266163,0.501738429069519,7.18817173037678e-05
0.0003560451732482761,0.5016340613365173,7.013378490228206e-05
0.000368885783245787,0.5017561912536621,6.88217842252925e-05
0.00039880230906419456,0.5016829967498779,6.726431456627324e-05
0.0004216062370687723,0.5020937323570251,6.652669253526255e-05
0.00043478005682118237,0.5021496415138245,6.604855298064649e-05
0.00043940162868238986,0.5021265149116516,6.606392707908526e-05
0.0004456347378436476,0.5020483136177063,6.593263969989493e-05
0.00042859435779973865,0.5020630955696106,6.657886115135625e-05
0.00040542669012211263,0.5022100806236267,6.783354911021888e-05
0.011025652289390564,0.5030419230461121,2.3228820282383822e-05
0.010939035564661026,0.5029751062393188,2.355497781536542e-05
0.018204567953944206,0.5031118392944336,2.106515967170708e-05
0.019678493961691856,0.5032234787940979,2.1086585547891445e-05
0.03946058824658394,0.503393828868866,1.8557835574029014e-05
0.045011453330516815,0.5037022233009338,1.8783157429425046e-05
0.04494418576359749,0.5041974186897278,1.9338918718858622e-05
0.046391576528549194,0.5041614174842834,1.975593295355793e-05
0.046870749443769455,0.5042514204978943,2.0433195459190756e-05
0.047486841678619385,0.5041747093200684,2.066470551653765e-05
0.047426413744688034,0.5041576623916626,2.0726185539388098e-05
0.047769151628017426,0.5041348934173584,2.0927260266034864e-05
0.04802849516272545,0.5039936900138855,2.0883739125565626e-05
0.04824276268482208,0.5037498474121094,2.066525848931633e-05
0.04844101518392563,0.5036154389381409,2.0425792172318324e-05
0.04891958460211754,0.5033276677131653,2.0398538254084997e-05
0.04916521906852722,0.503226101398468,2.0074290659977123e-05
0.04880988225340843,0.5027202367782593,1.9606100977398455e-05
0.048564016819000244,0.5027838349342346,1.9395251001697034e-05
0.048372361809015274,0.502713680267334,1.9320596038596705e-05
0.04872570559382439,0.5026808381080627,1.948683893715497e-05
0.048756346106529236,0.5026417374610901,1.9484999938867986e-05
0.04882747679948807,0.5026271939277649,1.9558556232368574e-05
0.04877642169594765,0.5026651620864868,1.965188857866451e-05
0.0490354523062706,0.5026895403862,1.9883325876435265e-05
0.03650102764368057,0.5028454661369324,2.01987295440631e-05
0.0005274346913211048,0.5023456811904907,7.11220782250166e-05
0.0005802852683700621,0.5027763247489929,6.951885734451935e-05
0.0005959785194136202,0.5030974745750427,6.862694135634229e-05
0.0005931185442022979,0.5031797885894775,6.785528967157006e-05
0.0005706686060875654,0.5031918883323669,6.728619337081909e-05
0.0005286436062306166,0.5032017230987549,6.751584442099556e-05
0.000515241117682308,0.503293514251709,6.673554889857769e-05
0.0005069909966550767,0.5032732486724854,6.554834544658661e-05
0.0004909514100290835,0.5032738447189331,6.4749714510981e-05
0.0005440136301331222,0.5030940175056458,6.28761263214983e-05
0.0005698449094779789,0.5029971599578857,6.16911202087067e-05
0.0005300361663103104,0.5031787157058716,6.259506335482001e-05
0.0005112530197948217,0.5032809972763062,6.312478944892064e-05
0.0005016294890083373,0.5032724142074585,6.330123142106459e-05
0.0004841224290430546,0.5033330917358398,6.386981112882495e-05
0.0004721049917861819,0.50359708070755,6.54039831715636e-05
0.0004446216335054487,0.5037919282913208,6.864657916594297e-05
0.0004223868891131133,0.503797173500061,7.166844443418086e-05
0.0004414298164192587,0.503711462020874,7.208339229691774e-05
0.0004511377483140677,0.5036807656288147,7.158927473938093e-05
0.0004620119871105999,0.5036653876304626,7.124963303795084e-05
0.0004917537444271147,0.5035790801048279,7.00679374858737e-05
0.0005320299533195794,0.5035092830657959,6.893909448990598e-05
0.0005907881422899663,0.5036027431488037,6.794049841118976e-05
0.0006544635980390012,0.5037314295768738,6.743907579220831e-05
0.0007471131975762546,0.5035833120346069,6.53597162454389e-05
0.0008251151884905994,0.5034830570220947,6.343889253912494e-05
0.0009395722881890833,0.5035027265548706,6.048356226528995e-05
0.000977098592557013,0.5036373138427734,5.96532117924653e-05
0.0009915715781971812,0.5036816596984863,5.9799698647111654e-05
0.001005964819341898,0.5037174224853516,5.993900413159281e-05
0.001067252946086228,0.5037612318992615,5.94267767155543e-05
0.0010937392944470048,0.5037470459938049,5.917580347158946e-05
0.001026548445224762,0.5035959482192993,5.9284364397171885e-05
0.0010624596616253257,0.503494918346405,5.7991532230516896e-05
0.03967247158288956,0.5044687986373901,2.1259182176436298e-05
0.04630889371037483,0.5043284893035889,2.0956338630639948e-05
0.05031630024313927,0.5042576789855957,2.1254681996651925e-05
0.05228400602936745,0.5041976571083069,2.1502984964172356e-05
0.053705744445323944,0.5041549205780029,2.2216354409465566e-05
0.05314943566918373,0.5042293667793274,2.2495059965876862e-05
0.055058181285858154,0.5043107867240906,2.2959102352615446e-05
0.05447671189904213,0.5044199824333191,2.3314774807658978e-05
0.05406630039215088,0.5045784115791321,2.4038910851231776e-05
0.0535326823592186,0.5046520233154297,2.3728987798676826e-05
0.054034315049648285,0.5046785473823547,2.3414217139361426e-05
0.05390958860516548,0.5046147704124451,2.3263093680725433e-05
0.05454522743821144,0.5043987035751343,2.3304328351514414e-05
0.0540543869137764,0.5041050314903259,2.2896741938893683e-05
0.05358336493372917,0.5041710734367371,2.246067742817104e-05
0.05435294285416603,0.5040675401687622,2.2419697415898554e-05
0.05502749979496002,0.5040292143821716,2.226377728220541e-05
0.054858505725860596,0.5039975047111511,2.2019179596100003e-05
0.05576416105031967,0.5039565563201904,2.1784040654893033e-05
0.05576050654053688,0.5040048360824585,2.1906476831645705e-05
0.05563519522547722,0.5040580034255981,2.2020103642717004e-05
0.05527423322200775,0.504161536693573,2.215698259533383e-05
0.05567895248532295,0.5042321681976318,2.1892419681535102e-05
0.05604260042309761,0.5041709542274475,2.2359781723935157e-05
0.056133661419153214,0.5045168399810791,2.2507871108246036e-05
0.057195331901311874,0.504447340965271,2.2688898752676323e-05
0.057489510625600815,0.5044102668762207,2.305414636794012e-05
0.05754316598176956,0.5043736100196838,2.3176799004431814e-05
0.05765881761908531,0.5043363571166992,2.353445415792521e-05
0.05859743431210518,0.5042967200279236,2.3600599888595752e-05
0.058690059930086136,0.5045345425605774,2.347086774534546e-05
0.05887143686413765,0.504706859588623,2.3201788280857727e-05
0.05904969945549965,0.504581868648529,2.3113849238143303e-05
0.05874558165669441,0.5046435594558716,2.292562749062199e-05
0.058565955609083176,0.5045989751815796,2.287053212057799e-05
0.05823088437318802,0.5046380758285522,2.2922980861039832e-05
0.057874519377946854,0.5047125220298767,2.2774354874854907e-05
0.05782368779182434,0.5046143531799316,2.2778698621550575e-05
0.057434216141700745,0.5046095848083496,2.253587808809243e-05
0.057146888226270676,0.504658043384552,2.2388565412256867e-05
0.056939490139484406,0.5045865178108215,2.2391641323338263e-05
0.05675891414284706,0.5046101212501526,2.2460741092800163e-05
0.0567963607609272,0.5045297145843506,2.260581277369056e-05
0.05701935291290283,0.5044514536857605,2.2507269022753462e-05
0.05730834975838661,0.5043537616729736,2.2449778043664992e-05
0.057490695267915726,0.5042678117752075,2.2226038709050044e-05
0.05768284201622009,0.504173219203949,2.2013764464645647e-05
0.05779363960027695,0.5039125084877014,2.1825590010848828e-05
0.05799655616283417,0.5038461089134216,2.1768590158899315e-05
0.058171503245830536,0.5038001537322998,2.1733867470175028e-05
0.05828498303890228,0.5036478638648987,2.162928467441816e-05
0.05843610689043999,0.5036094188690186,2.1602094420813955e-05
0.05851612612605095,0.5031545758247375,2.1577798179350793e-05
0.05844980105757713,0.5033599138259888,2.152413799194619e-05
0.058528054505586624,0.5033239722251892,2.1401350750238635e-05
0.05846961960196495,0.5033202767372131,2.127268999174703e-05
0.058402400463819504,0.5041462182998657,2.1177493181312457e-05
0.058383919298648834,0.5042087435722351,2.1086707420181483e-05
0.0583554282784462,0.5040810704231262,2.102883081533946e-05
0.05835239216685295,0.5040727257728577,2.1025602109148167e-05
0.05825138837099075,0.5041153430938721,2.091407441184856e-05
0.05814974009990692,0.5041452646255493,2.0818815755774267e-05
0.05811140313744545,0.504116415977478,2.079827754641883e-05
0.05809865519404411,0.5040682554244995,2.0878243958577514e-05
0.057979028671979904,0.5041322708129883,2.100197525578551e-05
0.05800598859786987,0.5041124224662781,2.1178968381718732e-05
0.05796775221824646,0.5038396716117859,2.1221851056907326e-05
0.05801859498023987,0.5036636590957642,2.130623033735901e-05
0.058145709335803986,0.5037307739257812,2.1473457309184596e-05
0.058090098202228546,0.5037610530853271,2.149533793271985e-05
0.058199264109134674,0.5036814212799072,2.1682422811863944e-05
0.05828069522976875,0.5035399794578552,2.182754542445764e-05
0.05830150470137596,0.5035527944564819,2.192557803937234e-05
0.058231253176927567,0.5035460591316223,2.1858770196558908e-05
0.058325015008449554,0.5035138130187988,2.18964705709368e-05
0.05844581499695778,0.503484308719635,2.2069782062317245e-05
0.058661989867687225,0.5033272504806519,2.2319260096992366e-05
0.05878937616944313,0.5029692053794861,2.244361166958697e-05
0.05888794735074043,0.502983033657074,2.275815677421633e-05
0.05914321541786194,0.5028473734855652,2.3039332518237643e-05
0.05937669426202774,0.5027003884315491,2.319926534255501e-05
0.05955575406551361,0.5026770830154419,2.3451917513739318e-05
0.05976076424121857,0.5026098489761353,2.366471744608134e-05
0.0600520521402359,0.5026199221611023,2.4226357709267177e-05
0.06017261743545532,0.5026743412017822,2.4678738554939628e-05
0.06097269803285599,0.5028271079063416,2.480554030626081e-05
0.06263305246829987,0.5027939677238464,2.503487303329166e-05
0.06419263780117035,0.5028489828109741,2.550850149418693e-05
0.06511300057172775,0.502556324005127,2.5780595024116337e-05
0.06585200130939484,0.5025662779808044,2.553057493059896e-05
0.0749095007777214,0.5026002526283264,2.6659125069272704e-05
0.07472024857997894,0.5026097893714905,2.663521263457369e-05
0.08332262188196182,0.5026066303253174,2.782274896162562e-05
0.08385759592056274,0.5026999115943909,2.760386632871814e-05
0.08344339579343796,0.5028101205825806,2.738560942816548e-05
0.08317083865404129,0.5027713179588318,2.7270158170722425e-05
0.082846999168396,0.5028941035270691,2.7509287974680774e-05
0.08471068739891052,0.502895712852478,2.7885942472494207e-05
0.08450419455766678,0.5029377937316895,2.7982961910311133e-05
0.08448995649814606,0.503081738948822,2.8630234737647697e-05
0.08539292216300964,0.503052294254303,2.8979591661482118e-05
0.09056822955608368,0.5030227899551392,2.963852421089541e-05
0.10089696198701859,0.5029245615005493,3.129521428490989e-05
0.11039943248033524,0.5029895901679993,3.346185985719785e-05
0.11043119430541992,0.5029731392860413,3.4427386708557606e-05
0.11761351674795151,0.5029584765434265,3.632530933828093e-05
0.1293649524450302,0.5028150081634521,3.870168075081892e-05
0.1291074901819229,0.5028316974639893,3.919705704902299e-05
0.1369820535182953,0.5027586221694946,4.089520371053368e-05
0.14498506486415863,0.5026517510414124,4.3390606151660904e-05
0.14446456730365753,0.502648651599884,4.3875355913769454e-05
0.1658482551574707,0.5025238394737244,5.060990952188149e-05
0.16521231830120087,0.5024125576019287,5.148402851773426e-05
0.17545153200626373,0.5023581981658936,5.5522377806482837e-05
0.17559471726417542,0.5023899078369141,5.6541965022915974e-05
0.17512425780296326,0.5023893713951111,5.7280107284896076e-05
0.17475168406963348,0.5024546980857849,5.791526200482622e-05
0.17434638738632202,0.5025932788848877,5.8375433582114056e-05
0.17344973981380463,0.5024719834327698,5.8212943258695304e-05
0.17310726642608643,0.5025827288627625,5.8695000916486606e-05
0.1730121225118637,0.5028709769248962,5.9011479606851935e-05
0.1728612631559372,0.5028532147407532,5.928142854827456e-05
0.17262107133865356,0.5028052926063538,5.9031517594121397e-05
0.17263251543045044,0.5026810765266418,5.860266537638381e-05
0.17256343364715576,0.5025985836982727,5.7961398852057755e-05
0.17234253883361816,0.5025882720947266,5.709920515073463e-05
0.1718049794435501,0.502576470375061,5.669546953868121e-05
0.17162825167179108,0.5025984644889832,5.687856173608452e-05
0.17168201506137848,0.502888560295105,5.7881530665326864e-05
0.17170777916908264,0.5028790831565857,5.7793829910224304e-05
0.17178960144519806,0.502805769443512,5.6896518799476326e-05
0.17174158990383148,0.5028427839279175,5.6392054830212146e-05
0.17236152291297913,0.5025941729545593,5.512564166565426e-05
0.17310191690921783,0.5022445321083069,5.513531141332351e-05
0.17356620728969574,0.5021163821220398,5.4994376114336774e-05
0.1738283932209015,0.5016327500343323,5.5579908803338185e-05
0.174546480178833,0.5010609030723572,5.5573127610841766e-05
0.17392787337303162,0.5005548596382141,5.3735770052298903e-05
0.17352229356765747,0.4997846782207489,5.17972803208977e-05
0.17145444452762604,0.49918895959854126,5.055809742771089e-05
0.17085590958595276,0.49860888719558716,5.080550545244478e-05
0.1700630486011505,0.49856656789779663,5.101207716506906e-05
0.16933856904506683,0.4987930655479431,5.2020481234649196e-05
0.16857269406318665,0.4990086555480957,5.1855200581485406e-05
0.1669957935810089,0.4987488090991974,5.148515629116446e-05
0.16378825902938843,0.4989030659198761,5.0670900236582384e-05
0.15968942642211914,0.4993143081665039,4.953291136189364e-05
0.15615181624889374,0.5006055235862732,4.947560228174552e-05
0.1534898281097412,0.5014097094535828,5.012574547436088e-05
0.14891351759433746,0.5022039413452148,4.959587022312917e-05
0.1462133824825287,0.5023746490478516,4.866448216489516e-05
0.1463230848312378,0.5022547841072083,4.7374713176395744e-05
0.14506423473358154,0.5021041631698608,4.6236353227868676e-05
0.14392298460006714,0.5023826360702515,4.495263419812545e-05
0.14378362894058228,0.5027480125427246,4.381313920021057e-05
0.14357924461364746,0.5032379627227783,4.257761247572489e-05
0.14308421313762665,0.5035797357559204,4.1523497202433646e-05
0.1428867131471634,0.5036291480064392,4.047177571919747e-05
0.14283403754234314,0.5035700798034668,3.9475209632655606e-05
0.14353150129318237,0.5031375885009766,3.836266478174366e-05
0.14357087016105652,0.5032569169998169,3.7985086237313226e-05
0.14006538689136505,0.5035374164581299,3.725268834386952e-05
0.0768268033862114,0.50407874584198,2.7040070563089103e-05
0.07739438116550446,0.5041152238845825,2.6399122361908667e-05
0.00023913104087114334,0.5031284689903259,0.00011058955715270713
0.00023015950864646584,0.5036855340003967,0.00010588355507934466
0.00022142779198475182,0.5038722157478333,0.00010112983727594838
0.0002184433542424813,0.5037663578987122,9.580147889209911e-05
0.00020934305211994797,0.5036420226097107,9.166655945591629e-05
0.00020186442998237908,0.503482460975647,8.752010035095736e-05
0.00018729384464677423,0.5027950406074524,8.418328070547432e-05
0.00017845277034211904,0.5025007724761963,8.204487676266581e-05
0.00016870294348336756,0.5024629831314087,7.996010390343145e-05
0.00016769414651207626,0.502180814743042,7.973510219017044e-05
0.00017210257647093385,0.5021860003471375,7.94660227256827e-05
0.00017504165589343756,0.5020636916160583,7.923454541014507e-05
0.00017930283502209932,0.5020603537559509,7.905447273515165e-05
0.000181106137461029,0.5018792748451233,7.905914389993995e-05
0.00018443023145664483,0.5014441609382629,7.868638931540772e-05
0.0001881967909866944,0.501404881477356,7.837172597646713e-05
0.0001906087709357962,0.5013843178749084,7.794897101121023e-05
0.0001962194946827367,0.5015351176261902,7.723289309069514e-05
0.00020230567315593362,0.5014959573745728,7.671438652323559e-05
0.00020783691434189677,0.501458466053009,7.64163414714858e-05
0.00020365424279589206,0.501446545124054,7.645708683412522e-05
0.0002086104213958606,0.5009666085243225,7.581071986351162e-05
0.00020694588602054864,0.5005444288253784,7.562738755950704e-05
0.0001991702156374231,0.5005427598953247,7.591229223180562e-05
0.00019233878992963582,0.5005947351455688,7.612846093252301e-05
0.00017916405340656638,0.5006208419799805,7.707434269832447e-05
0.00016769414651207626,0.500652015209198,7.811460818629712e-05
0.0001565466372994706,0.5007204413414001,7.947632548166439e-05
0.00014808791456744075,0.5009263157844543,8.052812336245552e-05
0.00013881140330340713,0.5009894371032715,8.177821291610599e-05
0.0001361787144560367,0.5012257695198059,8.23099835542962e-05
0.0001286610495299101,0.5014488101005554,8.332789002452046e-05
0.00012437293480616063,0.501465380191803,8.39413478388451e-05
0.00012481976591516286,0.5021663904190063,8.404178515775129e-05
0.00012489143409766257,0.5021738409996033,8.418753714067861e-05
0.00012830721971113235,0.502890408039093,8.384847023990005e-05
0.00013076979666948318,0.5030038356781006,8.340086787939072e-05
0.0001350118254777044,0.5029240846633911,8.264983625849709e-05
0.00013994838809594512,0.5027103424072266,8.195784175768495e-05
0.00014259126328397542,0.5026274919509888,8.138223347486928e-05
0.00014440367522183806,0.5024385452270508,8.096030069282278e-05
0.00014525576261803508,0.502307653427124,8.068922761594877e-05
0.0001462879590690136,0.5023016333580017,8.06091702543199e-05
0.00015264762623701245,0.5023164749145508,8.013330079847947e-05
0.0001751040981616825,0.502288818359375,7.843497587600723e-05
0.00020433559257071465,0.5023648738861084,7.656528759980574e-05
0.0002248801029054448,0.5019741654396057,7.512546289945021e-05
0.00025545296375639737,0.501897394657135,7.337446004385129e-05
0.00028821188607253134,0.5018220543861389,7.166044815676287e-05
0.00032363913487643003,0.5015096664428711,7.009894761722535e-05
0.0003760271065402776,0.5015465021133423,6.8125911639072e-05
0.00042289288830943406,0.5017660856246948,6.715747440466657e-05
0.00047918534255586565,0.5019071102142334,6.610173295484856e-05
0.009848879650235176,0.5028440952301025,2.5173294488922693e-05
0.0342925563454628,0.5030828714370728,1.87558434845414e-05
0.042074695229530334,0.5031405687332153,1.8691740478971042e-05
0.04774601757526398,0.5033050179481506,1.937654087669216e-05
0.05169088765978813,0.5033842325210571,2.006032082135789e-05
0.05351869389414787,0.5034422278404236,2.090015732392203e-05
0.05407373979687691,0.5034673810005188,2.160378426196985e-05
0.0555473268032074,0.5034545660018921,2.2475311197922565e-05
0.05537392199039459,0.5032349228858948,2.3269505618372932e-05
0.05529991537332535,0.5030540227890015,2.3818156478228047e-05
0.055448319762945175,0.5029130578041077,2.430072709103115e-05
0.04639670252799988,0.5029746294021606,2.466309342707973e-05
0.036857590079307556,0.5030328035354614,2.4554974515922368e-05
0.03578868508338928,0.5029546618461609,2.44538805418415e-05
0.03558129444718361,0.5028811097145081,2.374868381593842e-05
0.035676728934049606,0.503081738948822,2.3084814529283904e-05
0.036089103668928146,0.5034266710281372,2.27157670451561e-05
0.03478798270225525,0.5034360289573669,2.2182312022778206e-05
0.03382565453648567,0.5032871961593628,2.176794623665046e-05
0.03317958489060402,0.5031572580337524,2.1333575205062516e-05
0.03235471993684769,0.5031294822692871,2.1140305761946365e-05
0.030021505430340767,0.5030528903007507,2.0871077140327543e-05
0.02814243547618389,0.5031390190124512,2.090944690280594e-05
0.02591606043279171,0.5030864477157593,2.080936792481225e-05
0.024480998516082764,0.5030403733253479,2.0829202185268514e-05
0.022314224392175674,0.5029075145721436,2.0936484361300245e-05
0.0204375721514225,0.5029479265213013,2.1079387806821615e-05
0.019576242193579674,0.5029118657112122,2.1157227820367552e-05
0.018749097362160683,0.5028555393218994,2.1294386897352524e-05
0.01750974729657173,0.5027961134910583,2.137513911293354e-05
0.016156116500496864,0.5027801990509033,2.1474827008205466e-05
0.031684402376413345,0.5027981996536255,1.8501059457776137e-05
0.04693235084414482,0.5027808547019958,1.753853211994283e-05
0.05696125701069832,0.5028111934661865,1.7767093595466577e-05
0.073698990046978,0.5025750398635864,1.9583807443268597e-05
0.10084255039691925,0.5022830367088318,2.2834703486296348e-05
0.11697060614824295,0.5021458268165588,2.5791294319787994e-05
0.1239471584558487,0.5021321773529053,2.765506178548094e-05
0.12648740410804749,0.5021652579307556,2.9149805413908325e-05
0.12785613536834717,0.5022869110107422,3.0690047424286604e-05
0.12713778018951416,0.5023661851882935,3.198199192411266e-05
0.12733617424964905,0.502487063407898,3.3146701753139496e-05
0.1267905831336975,0.5025508403778076,3.4143133234465495e-05
0.1263255923986435,0.5026068687438965,3.505265704006888e-05
0.12591902911663055,0.5027022957801819,3.582903082133271e-05
0.12866538763046265,0.5026909112930298,3.69946428691037e-05
0.14623141288757324,0.5026918649673462,4.168397936155088e-05
0.15699967741966248,0.5026756525039673,4.56565830972977e-05
0.15853826701641083,0.5027275681495667,4.689023262471892e-05
0.1582915335893631,0.502727746963501,4.738524148706347e-05
0.15824081003665924,0.5026795864105225,4.7774723498150706e-05
0.15836051106452942,0.5026475191116333,4.820169124286622e-05
0.1583254337310791,0.502556324005127,4.850399272982031e-05
0.15831193327903748,0.5024957656860352,4.876770981354639e-05
0.15837480127811432,0.5024144649505615,4.905755849904381e-05
0.1585693061351776,0.5024136900901794,4.967236236552708e-05
0.1591677963733673,0.5023317933082581,5.039765892433934e-05
0.15941692888736725,0.5023019313812256,5.060363037046045e-05
0.15994244813919067,0.5022216439247131,5.101587521494366e-05
0.16018719971179962,0.502193808555603,5.145143950358033e-05
0.16016389429569244,0.5022264719009399,5.133195372764021e-05
0.160001739859581,0.5022878050804138,5.1175400585634634e-05
0.15989255905151367,0.5023415088653564,5.0831677071982995e-05
0.15986528992652893,0.5023283958435059,5.058964234194718e-05
0.15983784198760986,0.502420961856842,5.035850335843861e-05
0.15986812114715576,0.502411425113678,4.986367275705561e-05
0.15974710881710052,0.5024171471595764,4.9289305025013164e-05
0.1595231294631958,0.5024575591087341,4.8801113734953105e-05
0.15948326885700226,0.5025468468666077,4.834089122596197e-05
0.1596459299325943,0.5025234222412109,4.829035242437385e-05
0.16080498695373535,0.5024219751358032,4.8893205530475825e-05
0.16187168657779694,0.5024762749671936,4.9468431825516745e-05
0.16279512643814087,0.5025455355644226,5.06565957039129e-05
0.16493068635463715,0.5025266408920288,5.1977538532810286e-05
0.16995519399642944,0.5026106834411621,5.427751239039935e-05
0.17355234920978546,0.5026524066925049,5.652294203173369e-05
0.17328256368637085,0.5027044415473938,5.7203738833777606e-05
0.17416898906230927,0.502659261226654,5.862837497261353e-05
0.17417147755622864,0.5025710463523865,5.918494935031049e-05
0.17400531470775604,0.5026308298110962,5.950508784735575e-05
0.172901451587677,0.5027192831039429,5.966390381217934e-05
0.17178747057914734,0.5027759075164795,5.9904261433985084e-05
0.17138008773326874,0.5029650926589966,6.104848580434918e-05
0.17103031277656555,0.50300532579422,6.0866826970595866e-05
0.17160187661647797,0.5030130743980408,6.025639231665991e-05
0.17224518954753876,0.5030596852302551,5.944332588114776e-05
0.17215102910995483,0.5032021403312683,5.846468047820963e-05
0.17134343087673187,0.5029594898223877,5.811559458379634e-05
0.17038734257221222,0.5029658675193787,5.898442032048479e-05
0.17000789940357208,0.5029220581054688,6.0371421568561345e-05
0.17058877646923065,0.5028442740440369,6.257907079998404e-05
0.1716078668832779,0.5028167963027954,6.400876736734062e-05
0.1719965785741806,0.5026846528053284,6.396575190592557e-05
0.17219431698322296,0.502759575843811,6.438827404053882e-05
0.17171154916286469,0.5023830533027649,6.58915305393748e-05
0.17108586430549622,0.5022673606872559,6.648249109275639e-05
0.1711684912443161,0.5020742416381836,6.719155499013141e-05
0.17136289179325104,0.5021132826805115,6.669572758255526e-05
0.17107714712619781,0.5021371841430664,6.562765338458121e-05
0.17045773565769196,0.502190351486206,6.401877908501774e-05
0.16979078948497772,0.5026330351829529,6.42726372461766e-05
0.16884107887744904,0.5032013058662415,6.455661059590057e-05
0.1680384874343872,0.5034849643707275,6.481074524344876e-05
0.16731946170330048,0.5036405920982361,6.633657903876156e-05
0.16688185930252075,0.5037530064582825,6.645973189733922e-05
0.16668739914894104,0.503825306892395,6.743631092831492e-05
0.1660177856683731,0.5039951801300049,6.883123569423333e-05
0.16548703610897064,0.504215657711029,7.109278521966189e-05
0.16623486578464508,0.504157543182373,7.297316187759861e-05
0.16655567288398743,0.5042988061904907,7.52262567402795e-05
0.16727080941200256,0.5041345953941345,7.249983900692314e-05
0.16835816204547882,0.5039948225021362,7.143481343518943e-05
0.16891852021217346,0.5039423704147339,6.958949234103784e-05
0.16928203403949738,0.5040796995162964,6.749350723112002e-05
0.16945625841617584,0.5042704343795776,6.65104525978677e-05
0.169728621840477,0.5042797327041626,6.565958028659225e-05
0.170298770070076,0.5042940974235535,6.564029172295704e-05
0.17120268940925598,0.5043349266052246,6.443206802941859e-05
0.17099952697753906,0.5047173500061035,6.414221570594236e-05
0.170803964138031,0.5053611397743225,6.354836659738794e-05
0.17053011059761047,0.5059289336204529,6.356109224725515e-05
0.1699131578207016,0.5060815215110779,6.332338671199977e-05
0.1697121113538742,0.5061507821083069,6.28903362667188e-05
0.16939038038253784,0.5061896443367004,6.239768117666245e-05
0.16905690729618073,0.5061340928077698,6.1409329646267e-05
0.16847236454486847,0.5060768723487854,6.060555824660696e-05
0.16813302040100098,0.5060493350028992,5.9052010328741744e-05
0.16770415008068085,0.5061225295066833,5.796582263428718e-05
0.16759976744651794,0.5061937570571899,5.611230881186202e-05
0.16766183078289032,0.5061565041542053,5.3905754612060264e-05
0.16752785444259644,0.5062706470489502,5.305352169671096e-05
0.16731296479701996,0.5064194202423096,5.215633791522123e-05
0.16719427704811096,0.506424605846405,5.17292573931627e-05
0.16738750040531158,0.506310224533081,5.121474896441214e-05
0.16748645901679993,0.5063308477401733,5.194408731767908e-05
0.16750352084636688,0.506321907043457,5.146905459696427e-05
0.16748173534870148,0.506331741809845,5.1095918024657294e-05
0.16749580204486847,0.506330668926239,5.059533577878028e-05
0.16746293008327484,0.5064096450805664,5.0121539970859885e-05
0.16747383773326874,0.5065062046051025,4.989025910617784e-05
0.16392312943935394,0.5067417621612549,4.8164016334339976e-05
0.1629709005355835,0.5069401860237122,4.7210007323883474e-05
0.16008254885673523,0.5071033835411072,4.623828863259405e-05
0.15728814899921417,0.5071102976799011,4.569953671307303e-05
0.15640421211719513,0.507087767124176,4.4963824620936066e-05
0.1565883457660675,0.5070800185203552,4.491770960157737e-05
0.15582244098186493,0.5070436596870422,4.4742515456164256e-05
0.1562982201576233,0.5071830153465271,4.5176879211794585e-05
0.15548068284988403,0.5073868036270142,4.4841486669611186e-05
0.15576733648777008,0.5073578953742981,4.546124910120852e-05
0.1550254076719284,0.5073451399803162,4.591393008013256e-05
0.15438096225261688,0.5072340965270996,4.630443436326459e-05
0.15446530282497406,0.5072675347328186,4.672530121752061e-05
0.15427133440971375,0.507279634475708,4.677942342823371e-05
0.15419922769069672,0.5072802305221558,4.685742169385776e-05
0.15430046617984772,0.5072765350341797,4.761072341352701e-05
0.15432916581630707,0.5072554349899292,4.794683991349302e-05
0.15440280735492706,0.5071811079978943,4.8291596613125876e-05
0.15473827719688416,0.5069750547409058,4.9139871407533064e-05
0.15490858256816864,0.5068037509918213,4.938929123454727e-05
0.1551899015903473,0.5066882371902466,4.9726768338587135e-05
0.15572209656238556,0.5065807104110718,5.022948607802391e-05
0.15641702711582184,0.5063320994377136,5.061077536083758e-05
0.15703678131103516,0.5061922669410706,5.143932139617391e-05
0.15762335062026978,0.5060750842094421,5.1326518587302417e-05
0.15767505764961243,0.5060155987739563,5.0956165068782866e-05
0.15750238299369812,0.5061100125312805,5.084525400889106e-05
0.1571521759033203,0.5061661601066589,4.9966627557296306e-05
0.15679775178432465,0.5062236189842224,4.9265334382653236e-05
0.15646666288375854,0.506389319896698,4.8633119149599224e-05
0.15304389595985413,0.50642329454422,4.681936843553558e-05
0.1354387253522873,0.5066298246383667,4.1453073208685964e-05
0.11309881508350372,0.5071618556976318,3.625792305683717e-05
0.09344208240509033,0.5077378153800964,3.234644827898592e-05
0.08706225454807281,0.5079001784324646,3.0471061108983122e-05
0.050600968301296234,0.5080326795578003,2.567296542110853e-05
0.05203302577137947,0.507814884185791,2.4339644369320013e-05
0.048931486904621124,0.5077534317970276,2.315649726369884e-05
0.04914805293083191,0.5076316595077515,2.20917663682485e-05
0.04587741941213608,0.5074988007545471,2.0868350475211628e-05
0.043488431721925735,0.5073820948600769,2.0074234271305613e-05
0.04012620076537132,0.5071268081665039,1.9454344510450028e-05
0.04045864939689636,0.506748378276825,1.8857677787309512e-05
0.04050178825855255,0.5058030486106873,1.828848326113075e-05
0.03952234238386154,0.5050994753837585,1.8033719243248925e-05
0.04740883409976959,0.5051995515823364,1.7044339983840473e-05
0.05221591517329216,0.5053245425224304,1.65576293511549e-05
0.05728408321738243,0.5056263208389282,1.659556983213406e-05
0.058215852826833725,0.5061578750610352,1.6847168808453716e-05
0.057982683181762695,0.5065375566482544,1.7616344848647714e-05
0.05856150761246681,0.5065552592277527,1.8468093912815675e-05
0.059550147503614426,0.506485641002655,1.9136745322612114e-05
0.06132795289158821,0.506638765335083,1.9921113562304527e-05
0.062464553862810135,0.5066472291946411,2.040348044829443e-05
0.0627601146697998,0.5068759918212891,2.126601611962542e-05
0.06300336867570877,0.5066768527030945,2.178589056711644e-05
0.07341890782117844,0.5066221356391907,2.3589011107105762e-05
0.07669907808303833,0.5065192580223083,2.4791066607576795e-05
0.07643187791109085,0.5063120722770691,2.4729932192713022e-05
0.07696198672056198,0.5059133768081665,2.4609338652226143e-05
0.07769634574651718,0.5055592060089111,2.445742575218901e-05
0.07786551862955093,0.5053571462631226,2.4176806618925184e-05
0.0768035426735878,0.5051026940345764,2.3754166250000708e-05
0.07839299738407135,0.5051049590110779,2.3986194719327614e-05
0.0785139873623848,0.5051915049552917,2.400425000814721e-05
0.07854525744915009,0.5053913593292236,2.4356688300031237e-05
0.07880593091249466,0.5055881142616272,2.4787143047433347e-05
0.07900093495845795,0.5057188272476196,2.498643152648583e-05
0.07949793338775635,0.5057783722877502,2.5681853003334254e-05
0.07975509762763977,0.5057410597801208,2.6088388040079735e-05
0.08026290684938431,0.5059945583343506,2.6390840503154323e-05
0.0804128646850586,0.50674968957901,2.683770981093403e-05
0.08074959367513657,0.5072245597839355,2.728077015490271e-05
0.0807989090681076,0.5071628093719482,2.7536083507584408e-05
0.080290786921978,0.5073776245117188,2.7346568458597176e-05
0.0797555148601532,0.5073823928833008,2.7028570912079886e-05
0.08018083870410919,0.5071480870246887,2.6608604457578622e-05
0.08068056404590607,0.5069582462310791,2.628030961204786e-05
0.08016137033700943,0.5074177980422974,2.580960062914528e-05
0.07941452413797379,0.5080969333648682,2.512621540518012e-05
0.07890383899211884,0.5080338716506958,2.4544062398490496e-05
0.07874706387519836,0.5076152682304382,2.4177683371817693e-05
0.07864709198474884,0.5071731805801392,2.3930422685225494e-05
0.07958639413118362,0.5073792338371277,2.3606720787938684e-05
0.07929019629955292,0.5090661644935608,2.3309683456318453e-05
0.07951534539461136,0.5087812542915344,2.324878914805595e-05
0.07958147674798965,0.5072223544120789,2.299994957866147e-05
0.07956209033727646,0.5067702531814575,2.2837337382952683e-05
0.07947690784931183,0.5068592429161072,2.263515125378035e-05
0.08025860786437988,0.5061956644058228,2.2502248611999676e-05
0.08197285979986191,0.5048596858978271,2.235668944194913e-05
0.08249042183160782,0.5052841305732727,2.2216609067982063e-05
0.08300448954105377,0.5058658719062805,2.1928966816631146e-05
0.08244924992322922,0.5059237480163574,2.1767718862975016e-05
0.08234944939613342,0.5060912370681763,2.1658841433236375e-05
0.0818406492471695,0.5070025324821472,2.1400226614787243e-05
0.08148300647735596,0.5076532959938049,2.1222598661552183e-05
0.08113989979028702,0.507367730140686,2.1048874259577133e-05
0.08116185665130615,0.5069263577461243,2.1475299945450388e-05
0.081473208963871,0.5066590309143066,2.1851685232832097e-05
0.08172310143709183,0.5065292716026306,2.220656824647449e-05
0.08203385025262833,0.5059986710548401,2.2570722649106756e-05
0.07840686291456223,0.5055109262466431,2.24969262490049e-05
0.07790093123912811,0.5049999356269836,2.2904647266841494e-05
0.07813598215579987,0.5049326419830322,2.3257282009581104e-05
0.07838865369558334,0.5047252178192139,2.356151344429236e-05
0.07885900884866714,0.5043919682502747,2.4158991436706856e-05
0.07919945567846298,0.5042737722396851,2.4450615455862135e-05
0.0791400596499443,0.5042740106582642,2.426015998935327e-05
0.07827829569578171,0.5041825175285339,2.433864756312687e-05
0.07840017974376678,0.5041857957839966,2.4530749215045944e-05
0.0783153623342514,0.5041611194610596,2.419936572550796e-05
0.07807137072086334,0.5041792392730713,2.3858872737037018e-05
0.07779108732938766,0.5041755437850952,2.3335329387919046e-05
0.06267521530389786,0.5042206048965454,2.1342264517443255e-05
0.028854839503765106,0.5040355324745178,2.1398165699793026e-05
0.012545274570584297,0.503341794013977,2.4729790311539546e-05
0.01153524313122034,0.5027561783790588,2.4244825908681378e-05
0.01070686150342226,0.5028814673423767,2.369140747759957e-05
0.009770266711711884,0.5033718943595886,2.3131531634135172e-05
0.008836694993078709,0.5033369064331055,2.2687427190248854e-05
0.008487185463309288,0.5032190084457397,2.2279282347881235e-05
0.007471455726772547,0.5033686757087708,2.251255136798136e-05
0.007376051042228937,0.5032489895820618,2.2225593056646176e-05
0.007338275201618671,0.503114640712738,2.2172096578287892e-05
0.007504334673285484,0.5030959844589233,2.2121281290310435e-05
0.00784969236701727,0.5030683875083923,2.2066729798098095e-05
0.00825804378837347,0.5029137134552002,2.1982881662552245e-05
0.008687341585755348,0.5030832290649414,2.1948151697870344e-05
0.009164100512862206,0.5031675696372986,2.1889101844863035e-05
0.00665167486295104,0.5028948783874512,2.4295142793562263e-05
0.0051408568397164345,0.5026760697364807,2.6530158720561303e-05
0.00017659588775131851,0.5018485188484192,9.066776692634448e-05
0.0001849222171586007,0.5018183588981628,8.884195267455652e-05
0.00018997247389052063,0.501867413520813,8.808904385659844e-05
0.00019362611055839807,0.5018697381019592,8.705506479600444e-05
0.00019749322382267565,0.50191330909729,8.631317905383185e-05
0.0002031333278864622,0.5018600225448608,8.489414176438004e-05
0.0002024612040258944,0.5018976926803589,8.420021913480014e-05
0.00019659966346807778,0.5018796324729919,8.421434904448688e-05
0.00018468998314347118,0.501914918422699,8.485820580972359e-05
0.00018348637968301773,0.5019082427024841,8.491486369166523e-05
0.0001799144083634019,0.5020256638526917,8.573502418585122e-05
0.00017684712656773627,0.5021961331367493,8.619063009973615e-05
0.00017966101586353034,0.5024056434631348,8.527076715836301e-05
0.00017772970022633672,0.5022680759429932,8.528085163561627e-05
0.00017193118401337415,0.5022420287132263,8.552410872653127e-05
0.0001671112113399431,0.5024048686027527,8.603854803368449e-05
0.00017290690448135138,0.5023444890975952,8.50776195875369e-05
0.00018587752128951252,0.5022707581520081,8.340245403815061e-05
0.00020211903029121459,0.5023882985115051,8.143385639414191e-05
0.0002115678071277216,0.5025779008865356,8.06190146249719e-05
0.00022695116058457643,0.5027239322662354,7.865728548495099e-05
0.0002422219840809703,0.5026224851608276,7.666881720069796e-05
0.00025423249462619424,0.5026200413703918,7.515584002248943e-05
0.00027064449386671185,0.5027598738670349,7.368817750830203e-05
0.000294219033094123,0.503393828868866,7.198475213954225e-05
0.00030899076955392957,0.503775954246521,7.087604171829298e-05
0.00031477661104872823,0.5030730366706848,6.982720515225083e-05
0.000312482618028298,0.5023916959762573,6.913705874467269e-05
0.0003020700823981315,0.5024074912071228,6.924263288965449e-05
0.0003099381283391267,0.5022304058074951,6.815113010816276e-05
0.0003079843590967357,0.5021867752075195,6.774266512366012e-05
0.00030606999644078314,0.5021908283233643,6.773600762244314e-05
0.0003153259458485991,0.5020391941070557,6.72080204822123e-05
0.0003247926651965827,0.5018045902252197,6.658654456259683e-05
0.0003292346082162112,0.5016738176345825,6.635290628764778e-05
0.023917121812701225,0.5027894377708435,1.7344375009997748e-05
0.02441713772714138,0.5027374029159546,1.7642236343817785e-05
0.04126831144094467,0.5029042959213257,1.6328627680195495e-05
0.04399379342794418,0.5028414130210876,1.669307857810054e-05
0.04577527195215225,0.5027123093605042,1.7036312783602625e-05
0.04588155448436737,0.5026752948760986,1.751316085574217e-05
0.045990366488695145,0.5026766061782837,1.8083454051520675e-05
0.04542795196175575,0.5026634931564331,1.851980596256908e-05
0.04458961263298988,0.5027115345001221,1.8813096176018007e-05
0.04440619423985481,0.50262451171875,1.8806584193953313e-05
0.04395027831196785,0.5025367140769958,1.8911960069090128e-05
0.04354080557823181,0.5025091767311096,1.8975950297317468e-05
0.042537588626146317,0.50240558385849,1.8962851754622534e-05
0.041078612208366394,0.502161979675293,1.883196091512218e-05
0.039722003042697906,0.5022169947624207,1.87045952770859e-05
0.03806406632065773,0.5024770498275757,1.855452501331456e-05
0.0365639328956604,0.5024268627166748,1.845305996539537e-05
0.03561680018901825,0.5024527907371521,1.8393588106846437e-05
0.034211356192827225,0.5026289820671082,1.8324342818232253e-05
0.03190651163458824,0.5026743412017822,1.8267566701979376e-05
0.029916541650891304,0.5028291940689087,1.8155078578274697e-05
0.027874113991856575,0.503072202205658,1.8117289073416032e-05
0.026675686240196228,0.5033368468284607,1.8114817066816613e-05
0.02722400799393654,0.5033251643180847,1.81958112079883e-05
0.027309847995638847,0.5033095479011536,1.8288936189492233e-05
0.027393965050578117,0.5033244490623474,1.8353024643147364e-05
0.027292054146528244,0.5033636689186096,1.844516009441577e-05
0.027885304763913155,0.5034974217414856,1.8533834008849226e-05
0.02874082885682583,0.5037239789962769,1.86259021575097e-05
0.030900759622454643,0.5037797093391418,1.8714570614974946e-05
0.03290160372853279,0.5037565231323242,1.8749906303128228e-05
0.036051664501428604,0.5037083625793457,1.8865810488932766e-05
0.03739040344953537,0.5036460161209106,1.8877130059991032e-05
0.038447942584753036,0.5035524368286133,1.8790611648000777e-05
0.040053464472293854,0.5036103129386902,1.8811049812939018e-05
0.041131895035505295,0.5036093592643738,1.8911743609351106e-05
0.041544102132320404,0.5035704374313354,1.8896778783528134e-05
0.044849373400211334,0.5035253763198853,1.860506017692387e-05
0.04522298276424408,0.5035644173622131,1.865635385911446e-05
0.05215464532375336,0.5036186575889587,1.842618985392619e-05
0.06285466253757477,0.5037375092506409,1.900314964586869e-05
0.07525321841239929,0.5036957263946533,2.0044908524141647e-05
0.08288846164941788,0.5036247372627258,2.1074503820273094e-05
0.09193890541791916,0.5035581588745117,2.274184225825593e-05
0.0996444895863533,0.503560483455658,2.406609019089956e-05
0.10546579211950302,0.5035787224769592,2.546895484556444e-05
0.11029555648565292,0.5036471486091614,2.6899229851551354e-05
0.11605695635080338,0.5036792755126953,2.845510607585311e-05
0.11959372460842133,0.503788411617279,2.966832835227251e-05
0.12139859795570374,0.503775954246521,3.098169690929353e-05
0.12107422202825546,0.5037330389022827,3.161733184242621e-05
0.12300245463848114,0.5036365389823914,3.249420115025714e-05
0.12262497842311859,0.5036962628364563,3.28453206748236e-05
0.12216700613498688,0.5037673711776733,3.2894156902329996e-05
0.1221214011311531,0.5037184953689575,3.333499626023695e-05
0.12191231548786163,0.5037120580673218,3.3216063457075506e-05
0.12175045162439346,0.5035520195960999,3.332622509333305e-05
0.12226805835962296,0.5035704374313354,3.406748146517202e-05
0.1228288933634758,0.5034950375556946,3.4934524592245e-05
0.12307098507881165,0.5032063722610474,3.509410089463927e-05
0.12336182594299316,0.5031026601791382,3.552828638930805e-05
0.12367106229066849,0.5031081438064575,3.5959241358796135e-05
0.12401097267866135,0.5029547810554504,3.642451702035032e-05
0.12425124645233154,0.5026983022689819,3.645381366368383e-05
0.12440421432256699,0.5026313066482544,3.6496665416052565e-05
0.12465717643499374,0.5026661157608032,3.710165765369311e-05
0.12506207823753357,0.5024784803390503,3.774589640670456e-05
0.12496966868638992,0.5024514198303223,3.769715112866834e-05
0.12497476488351822,0.5023883581161499,3.782802014029585e-05
0.12506341934204102,0.5023202896118164,3.808490509982221e-05
0.12525779008865356,0.502188503742218,3.8241945730987936e-05
0.12531910836696625,0.502196729183197,3.8317037251545116e-05
0.12495013326406479,0.5022655129432678,3.814837327809073e-05
0.12489341199398041,0.5022467970848083,3.834777817246504e-05
0.11916624754667282,0.5022692680358887,3.695441046147607e-05
0.11022692918777466,0.5022321343421936,3.519041638355702e-05
0.09880052506923676,0.5024791955947876,3.296116483397782e-05
0.09829199314117432,0.5026854276657104,3.2092255423776805e-05
0.08191213011741638,0.503035306930542,2.8664495403063484e-05
0.08151254802942276,0.5032861232757568,2.7273928935755976e-05
0.07347428798675537,0.5037695169448853,2.5398760044481605e-05
0.07048917561769485,0.5042842626571655,2.403526559646707e-05
0.07078038156032562,0.5042546391487122,2.3053706172504462e-05
0.06982976198196411,0.5041710138320923,2.1886700778850354e-05
0.07007869333028793,0.5042031407356262,2.129018321284093e-05
0.06999579817056656,0.5041765570640564,2.077157660096418e-05
0.06971187889575958,0.5040504336357117,2.0047909856657498e-05
0.07011561840772629,0.5039629340171814,2.041521656792611e-05
0.07052920758724213,0.5038604140281677,2.0759913240908645e-05
0.0709356814622879,0.5040332078933716,2.1129824745003134e-05
0.07105518877506256,0.5038292407989502,2.1212805222603492e-05
0.07146130502223969,0.5034589171409607,2.1667683540727012e-05
0.07086411118507385,0.503429651260376,2.210472484875936e-05
0.07118488103151321,0.5034857392311096,2.2605532649322413e-05
0.07138185948133469,0.5035218000411987,2.308039074705448e-05
0.07135246694087982,0.5036394000053406,2.3119051547837444e-05
0.0679839551448822,0.5038235783576965,2.304155168530997e-05
0.05667964741587639,0.5039771795272827,2.1271431251079775e-05
0.05187172442674637,0.5040415525436401,2.0490761016844772e-05
0.05171912908554077,0.5040602087974548,2.0219831640133634e-05
0.03200835734605789,0.5040187239646912,2.0754172510351054e-05
0.009468126110732555,0.5037803053855896,2.6702760806074366e-05
0.005237509496510029,0.5035613179206848,3.0149207304930314e-05
0.003493786556646228,0.5034626126289368,3.265860505052842e-05
0.0021198561880737543,0.503342866897583,3.666897464427166e-05
0.001636043656617403,0.5033782124519348,3.840025601675734e-05
0.00015633719158358872,0.5029367208480835,9.219640196533874e-05
0.00014713739801663905,0.5028396248817444,9.087602666113526e-05
0.00014250766253098845,0.5027338266372681,8.879316737875342e-05
0.00013657195086125284,0.5026761293411255,8.758138574194163e-05
0.00014099167310632765,0.5025338530540466,8.531712228432298e-05
0.00015700691437814385,0.5024978518486023,8.263266499852762e-05
0.00018206880486104637,0.502548336982727,7.972659659571946e-05
0.00021044557797722518,0.5025957226753235,7.713845843682066e-05
0.00023896672064438462,0.5026648640632629,7.480284693883732e-05
0.0002787505218293518,0.5030894875526428,7.376923895208165e-05
0.0003396514803171158,0.5031843185424805,7.156156789278612e-05
0.0004135693015996367,0.5031017065048218,6.941532046766952e-05
0.000506882497575134,0.5030419230461121,6.701212987536564e-05
0.0006036040722392499,0.5029815435409546,6.49808716843836e-05
0.0007033591973595321,0.5030368566513062,6.339287210721523e-05
0.0007205011206679046,0.5028711557388306,6.248795398278162e-05
0.0007112801540642977,0.5028117299079895,6.209826824488118e-05
0.0007033239817246795,0.502668559551239,6.156300514703616e-05
0.0007084635435603559,0.5025427341461182,6.107090302975848e-05
0.0006998918834142387,0.5023765563964844,6.034264151821844e-05
0.000683039368595928,0.5023277401924133,6.053728429833427e-05
0.000647928798571229,0.5021499395370483,6.120365287642926e-05
0.022037042304873466,0.5029670000076294,2.0816711185034364e-05
0.01920461468398571,0.5029920935630798,2.1177029339014553e-05
0.03433186933398247,0.5031920075416565,1.8824330254574306e-05
0.04856738820672035,0.503312885761261,1.8381961126578972e-05
0.05674482136964798,0.5033597350120544,1.8652404833119363e-05
0.06199461966753006,0.5034759044647217,1.9419625459704548e-05
0.0609387643635273,0.5035924911499023,1.9680188415804878e-05
0.06089256331324577,0.5036710500717163,2.0000856238766573e-05
0.061370592564344406,0.5035401582717896,2.042138839897234e-05
0.062266383320093155,0.5034164190292358,2.049353497568518e-05
0.06391605734825134,0.5033779740333557,2.0932789993821643e-05
0.06389756500720978,0.5034397840499878,2.1521878807106987e-05
0.0645078718662262,0.5034984946250916,2.161559314117767e-05
0.06523283571004868,0.5034637451171875,2.1594660211121663e-05
0.06627815216779709,0.5034193396568298,2.181551644753199e-05
0.06664033234119415,0.5033451914787292,2.203354779339861e-05
0.06670977175235748,0.5033368468284607,2.222777584393043e-05
0.06769866496324539,0.5033940672874451,2.2588508727494627e-05
0.06701284646987915,0.5039970874786377,2.2117124899523333e-05
0.0674523264169693,0.5046682953834534,2.2085258024162613e-05
0.06725792586803436,0.5047085285186768,2.2054233340895735e-05
0.0670233890414238,0.5045807361602783,2.2040650947019458e-05
0.06665395200252533,0.5045804977416992,2.166384001611732e-05
0.06637878715991974,0.5045056343078613,2.1362851839512587e-05
0.06590329855680466,0.5043832063674927,2.0892186512355693e-05
0.06533578783273697,0.5042411088943481,2.0272484107408673e-05
0.06475024670362473,0.5041753053665161,1.965188857866451e-05
0.06422902643680573,0.504004955291748,1.9052615243708715e-05
0.06400850415229797,0.5039489269256592,1.8767312212730758e-05
0.0636378675699234,0.5039538145065308,1.8259275748278014e-05
0.06316148489713669,0.5039684176445007,1.7662858226685785e-05
0.06273350119590759,0.5039079785346985,1.7064296116586775e-05
0.06258966028690338,0.5039559006690979,1.6771025912021287e-05
0.06243491917848587,0.5038968920707703,1.656955646467395e-05
0.06235272064805031,0.5037311911582947,1.6523621525266208e-05
0.06224488094449043,0.5036607980728149,1.649469959374983e-05
0.06226282939314842,0.5035982728004456,1.646223245188594e-05
0.062134288251399994,0.5036817789077759,1.6422309272456914e-05
0.062016911804676056,0.5037063360214233,1.6364527255063877e-05
0.06187742203474045,0.503739595413208,1.637818968447391e-05
0.06185467168688774,0.5038383603096008,1.643766518100165e-05
0.06197758764028549,0.5038255453109741,1.6567502825637348e-05
0.06204823777079582,0.5037355422973633,1.6667610907461494e-05
0.06213724613189697,0.503810465335846,1.676132160355337e-05
0.06225249171257019,0.5037966370582581,1.6856023648870178e-05
0.06296827644109726,0.5036963224411011,1.773048279574141e-05
0.06355426460504532,0.503830075263977,1.843146310420707e-05
0.06432562321424484,0.5038432478904724,1.9001736291102134e-05
0.06496602296829224,0.5038149356842041,1.985734525078442e-05
0.06576693058013916,0.5039842128753662,2.0503583073150367e-05
0.06675351411104202,0.5042573809623718,2.136637704097666e-05
0.07093352824449539,0.503909707069397,2.2283637008513324e-05
0.08145437389612198,0.5034840703010559,2.425298953312449e-05
0.09033156931400299,0.5035306215286255,2.631155621202197e-05
0.09698329120874405,0.5037697553634644,2.8204851332702674e-05
0.09990948438644409,0.5038762092590332,2.859749110939447e-05
0.10036562383174896,0.5036367177963257,2.8946034944965504e-05
0.10004863142967224,0.5035118460655212,2.9689075745409355e-05
0.09974782913923264,0.5034098029136658,2.977075746457558e-05
0.0993693545460701,0.5032925605773926,3.0192364647518843e-05
0.09892362356185913,0.5031107068061829,3.0433164283749647e-05
0.09907213598489761,0.5031489729881287,3.10938194161281e-05
0.09872773289680481,0.5030899047851562,3.101808761130087e-05
0.09815316647291183,0.503147304058075,3.029481194971595e-05
0.09786756336688995,0.5033966898918152,2.9929884476587176e-05
0.09781074523925781,0.5035058259963989,2.934851545433048e-05
0.09800545126199722,0.5031425952911377,2.878606755984947e-05
0.09757363796234131,0.5028814077377319,2.7848602258018218e-05
0.09708663076162338,0.5032289028167725,2.7090400180895813e-05
0.09635476768016815,0.5033498406410217,2.62352386926068e-05
0.09571439027786255,0.5028643012046814,2.5385972548974678e-05
0.09488221257925034,0.5027590394020081,2.432131441310048e-05
0.09416075795888901,0.5030719637870789,2.3587750547449104e-05
0.09384825825691223,0.5028771162033081,2.3288641386898234e-05
0.09698539972305298,0.5027161240577698,2.3213207896333188e-05
0.10582660138607025,0.5028310418128967,2.403929829597473e-05
0.11397700011730194,0.5029289126396179,2.504862641217187e-05
0.11398295313119888,0.5029537677764893,2.5489462132100016e-05
0.13354021310806274,0.502802312374115,2.9204202292021364e-05
0.13651679456233978,0.502804696559906,3.076705979765393e-05
0.1373579353094101,0.5028773546218872,3.177899634465575e-05
0.13733835518360138,0.5028408765792847,3.252207170589827e-05
0.1380470097064972,0.5030041933059692,3.32692579831928e-05
0.13780435919761658,0.5030220746994019,3.382701106602326e-05
0.13773922622203827,0.5030708312988281,3.455144906183705e-05
0.13768751919269562,0.5031255483627319,3.507773726596497e-05
0.13746407628059387,0.5032908916473389,3.548041422618553e-05
0.137675940990448,0.5033586025238037,3.6473560612648726e-05
0.1377716362476349,0.5033983588218689,3.742567423614673e-05
0.13779328763484955,0.5036046504974365,3.800421836785972e-05
0.1380356401205063,0.5036402940750122,3.869577631121501e-05
0.13842962682247162,0.5036261677742004,4.0184109820984304e-05
0.1390547901391983,0.5035622715950012,4.206225275993347e-05
0.13954272866249084,0.5035784244537354,4.3746258597821e-05
0.13987953960895538,0.5035567283630371,4.4925123802386224e-05
0.14042074978351593,0.5034940242767334,4.6140812628436834e-05
0.14103013277053833,0.5034180283546448,4.7045297833392397e-05
0.14142093062400818,0.5032719969749451,4.700063436757773e-05
0.14192146062850952,0.5030337572097778,4.695905590779148e-05
0.14249011874198914,0.5028884410858154,4.676555545302108e-05
0.14267638325691223,0.5028573870658875,4.6391640353249386e-05
0.14279581606388092,0.5027956366539001,4.552068639895879e-05
0.14263911545276642,0.5029036998748779,4.42347300122492e-05
0.14251454174518585,0.5030776858329773,4.295039252610877e-05
0.1420908272266388,0.5031694769859314,4.1593048081267625e-05
0.1414681077003479,0.5032088756561279,4.041053034598008e-05
0.1407904326915741,0.5031217932701111,3.946249125874601e-05
0.14007322490215302,0.5031651854515076,3.826314059551805e-05
0.13917480409145355,0.5033038258552551,3.691876190714538e-05
0.1383124589920044,0.5033321976661682,3.6002507840748876e-05
0.13765479624271393,0.50340735912323,3.527077933540568e-05
0.13695773482322693,0.5035097599029541,3.444830872467719e-05
0.1364913135766983,0.5035877823829651,3.39035177603364e-05
0.13626332581043243,0.5036181211471558,3.384094816283323e-05
0.13635414838790894,0.5034177303314209,3.385321542737074e-05
0.13665738701820374,0.5031552910804749,3.410590215935372e-05
0.13696546852588654,0.5030425190925598,3.4323762520216405e-05
0.13736362755298615,0.5030304789543152,3.480865416349843e-05
0.1256430298089981,0.5029832124710083,3.284221747890115e-05
0.12607908248901367,0.5029654502868652,3.309793464723043e-05
0.11323274672031403,0.5029398202896118,3.148455289192498e-05
0.10690661519765854,0.5029149651527405,3.082767580053769e-05
0.09557893127202988,0.5029252767562866,2.9598331821034662e-05
0.08463604748249054,0.5029239058494568,2.8027645385009237e-05
0.0853085145354271,0.5029510855674744,2.779498026939109e-05
0.08468745648860931,0.5029173493385315,2.708706961129792e-05
0.08429117500782013,0.503201961517334,2.6707039069151506e-05
0.08457046747207642,0.5032573938369751,2.611900526972022e-05
0.08476673066616058,0.5033846497535706,2.5486351660219952e-05
0.08486292511224747,0.5034151673316956,2.4988645236589946e-05
0.08488848060369492,0.5034492611885071,2.4543924155295826e-05
0.08476284891366959,0.5034986734390259,2.438546289340593e-05
0.08446203917264938,0.5035207867622375,2.412010871921666e-05
0.08424244076013565,0.5035367012023926,2.3889744625193998e-05
0.08404935151338577,0.503853976726532,2.3628344933968037e-05
0.08406201004981995,0.5040523409843445,2.3478904040530324e-05
0.08391593396663666,0.503902792930603,2.3108514142222703e-05
0.0841238796710968,0.5037512183189392,2.3148568288888782e-05
0.08423072844743729,0.5036545991897583,2.3115942894946784e-05
0.0845959410071373,0.503490149974823,2.3262560716830194e-05
0.08472546190023422,0.5033931732177734,2.3171340217231773e-05
0.08488877862691879,0.5033404231071472,2.2994794562691823e-05
0.08473706990480423,0.5033464431762695,2.2662774426862597e-05
0.0847068652510643,0.503325879573822,2.2340747818816453e-05
0.08489059656858444,0.5032986998558044,2.2356391127686948e-05
0.08460167050361633,0.5033643841743469,2.2166515918797813e-05
0.0840756744146347,0.5034708976745605,2.1911177100264467e-05
0.08348045498132706,0.5035266876220703,2.1602361812256277e-05
0.08296903967857361,0.5036237835884094,2.1332374672056176e-05
0.08251869678497314,0.5036346316337585,2.1108717191964388e-05
0.08229044824838638,0.5036307573318481,2.1073237803648226e-05
0.08194641768932343,0.5034421682357788,2.0855437469435856e-05
0.08196716010570526,0.5032221674919128,2.091303758788854e-05
0.08210031688213348,0.5032856464385986,2.172988752136007e-05
0.08252709358930588,0.5032351613044739,2.21236223296728e-05
0.08350406587123871,0.5031160712242126,2.2930829800316133e-05
0.08453551679849625,0.5030508041381836,2.380732257734053e-05
0.08028358966112137,0.5034067630767822,2.411640525679104e-05
0.0763964131474495,0.5033941864967346,2.4450291675748304e-05
0.0741390809416771,0.5031318664550781,2.472259984642733e-05
0.07441731542348862,0.5030888915061951,2.5022316549438983e-05
0.07488402724266052,0.5029467940330505,2.54389760812046e-05
0.07511953264474869,0.5028872489929199,2.5721019483171403e-05
0.0742788314819336,0.5028364658355713,2.5370969524374232e-05
0.07333125919103622,0.502899706363678,2.528208824514877e-05
0.07280176877975464,0.5030496716499329,2.473512176948134e-05
0.07252144813537598,0.5031036138534546,2.459509596519638e-05
0.0711127445101738,0.5033696889877319,2.444681740598753e-05
0.06857454776763916,0.5034745931625366,2.3458896976080723e-05
0.0672687217593193,0.5037040710449219,2.271838820888661e-05
0.06734194606542587,0.5037500858306885,2.2673628336633556e-05
0.06638982892036438,0.5039613246917725,2.2544303647009656e-05
0.0664789229631424,0.5040572881698608,2.2668005840387195e-05
0.06615199148654938,0.5042060613632202,2.2061301933717914e-05
0.06579220294952393,0.5043533444404602,2.160104486392811e-05
0.0659831091761589,0.5043181777000427,2.1572859623120166e-05
0.06596605479717255,0.504315972328186,2.1434296286315657e-05
0.06585367769002914,0.5042949914932251,2.1083005776745267e-05
0.0659639835357666,0.5042997002601624,2.1236244720057584e-05
0.06618005782365799,0.5042333602905273,2.1536086933338083e-05
0.06619084626436234,0.5053437352180481,2.1653740986948833e-05
0.06598986685276031,0.5071988105773926,2.146958649973385e-05
0.06403083354234695,0.506735622882843,2.0932151528541e-05
0.06425250321626663,0.5065069198608398,2.0940238755429164e-05
0.058500390499830246,0.5061086416244507,2.0233545001246966e-05
0.04484061151742935,0.5061060786247253,1.9726356185856275e-05
0.015598131343722343,0.5060960054397583,2.3730255634291098e-05
0.00022970637655816972,0.5049530863761902,9.331787441624328e-05
0.00021526997443288565,0.5047352313995361,9.187930845655501e-05
0.00019475648878142238,0.5044823288917542,9.159770706901327e-05
0.00016782115562818944,0.5045359134674072,9.244598913937807e-05
0.00015503114263992757,0.5046786665916443,9.211792348651215e-05
0.000142359480378218,0.5047988295555115,9.197669714922085e-05
0.00013183213013689965,0.5043338537216187,9.143712668446824e-05
0.00012513664842117578,0.504259467124939,9.071333624888211e-05
0.00011758662003558129,0.5042765736579895,9.089327795663849e-05
0.00011163062299601734,0.5042779445648193,9.180022607324645e-05
0.00012505994527600706,0.5042916536331177,8.948943286668509e-05
0.00015244165842887014,0.5043598413467407,8.579464338254184e-05
0.00018285884289070964,0.5043310523033142,8.147557673510164e-05
0.00023136654635891318,0.5042158961296082,7.679459667997435e-05
0.00028213413315825164,0.5042442679405212,7.264620944624767e-05
0.00033422664273530245,0.5049764513969421,6.933189433766529e-05
0.00041470828000456095,0.5054011344909668,6.574090366484597e-05
0.00046545793884433806,0.5052826404571533,6.488507642643526e-05
0.0005348881240934134,0.5048307180404663,6.303071131696925e-05
0.0006279255030676723,0.504643440246582,6.131505506346002e-05
0.0006380779086612165,0.5045511722564697,6.091014438425191e-05
0.0006047978531569242,0.5042225122451782,6.114590360084549e-05
0.00057505740551278,0.5038508772850037,6.201186624821275e-05
0.0005086990422569215,0.5033743977546692,6.36268305242993e-05
0.0004703419981524348,0.5023109912872314,6.495410343632102e-05
0.00043196449405513704,0.501641571521759,6.661442603217438e-05
0.00039680112968198955,0.502122700214386,6.830922939116135e-05
0.0004030554264318198,0.5021324157714844,6.734287308063358e-05
0.0003996494924649596,0.5021153688430786,6.718347867717966e-05
0.00038040749495849013,0.5025098323822021,6.782656419090927e-05
0.0003764237917494029,0.5026613473892212,6.776591908419505e-05
0.0003851205692626536,0.5027510523796082,6.741529068676755e-05
0.0004011527926195413,0.5027999877929688,6.677037163171917e-05
0.00044077300117351115,0.5029771327972412,6.525079515995458e-05
0.00047301335143856704,0.5030257701873779,6.417458644136786e-05
0.0005219048471190035,0.5034580230712891,6.256952474359423e-05
0.0005567167536355555,0.5037086606025696,6.173325527925044e-05
0.0005915702204219997,0.5038253664970398,6.0738449974451214e-05
0.0006087390356697142,0.5038167238235474,6.043760367901996e-05
0.0006312010809779167,0.503840446472168,5.969714038656093e-05
0.0006449496722780168,0.5039852261543274,5.925701043452136e-05
0.00016972701996564865,0.49201029539108276,0.9999085664749146
0.00016440509352833033,0.4922713041305542,0.9999110698699951
0.00015678236377425492,0.4925234317779541,0.9999139308929443
0.00014933946658857167,0.4928147494792938,0.9999169111251831
0.00014199547877069563,0.49265170097351074,0.999920129776001
0.00013588038564193994,0.4927254915237427,0.9999226331710815
0.00013083252997603267,0.4928382635116577,0.9999246597290039
0.00012937952124048024,0.4930668771266937,0.999924898147583
0.00012574477295856923,0.493337482213974,0.9999257326126099
0.00012359442189335823,0.4938910901546478,0.9999254941940308
0.00011906286090379581,0.49390366673469543,0.9999270439147949
0.00011555746459634975,0.49336034059524536,0.9999284744262695
0.0001122658941312693,0.49350106716156006,0.9999291896820068
0.00010799610026879236,0.4936143755912781,0.9999303817749023
0.00010442163329571486,0.49376916885375977,0.9999313354492188
0.00010188017768086866,0.4940434694290161,0.999931812286377
9.867018525255844e-05,0.49357038736343384,0.9999332427978516
9.465098264627159e-05,0.4933234453201294,0.9999351501464844
9.262581443181261e-05,0.4934743642807007,0.9999357461929321
9.116053843172267e-05,0.49345147609710693,0.9999363422393799
8.963316940935329e-05,0.49339911341667175,0.9999366998672485
8.963872824097052e-05,0.4933294653892517,0.9999371767044067
9.077408321900293e-05,0.4933021068572998,0.9999369382858276
9.165536903310567e-05,0.4932829439640045,0.9999366998672485
9.324199345428497e-05,0.4933306872844696,0.9999363422393799
9.317168587585911e-05,0.4933149814605713,0.9999369382858276
9.328913438366726e-05,0.4937208294868469,0.9999372959136963
9.306380525231361e-05,0.4942789673805237,0.9999374151229858
9.330648026661947e-05,0.49438825249671936,0.9999372959136963
9.30980677367188e-05,0.494205117225647,0.9999386072158813
9.61016776273027e-05,0.49344602227211,0.9999383687973022
9.614577720640227e-05,0.4935275912284851,0.9999388456344604
9.406916797161102e-05,0.4935212731361389,0.999940037727356
9.284955740440637e-05,0.49349740147590637,0.9999407529830933
9.512465476291254e-05,0.49350616335868835,0.9999407529830933
9.347542800242081e-05,0.4933895468711853,0.9999417066574097
9.215965837938711e-05,0.4933454990386963,0.9999423027038574
9.224926179740578e-05,0.4932456910610199,0.9999423027038574
9.175384184345603e-05,0.4931006133556366,0.9999433755874634
9.232353477273136e-05,0.49273404479026794,0.9999432563781738
8.983194857137278e-05,0.4928843677043915,0.9999450445175171
8.947800233727321e-05,0.4928857684135437,0.9999454021453857
9.071878594113514e-05,0.49277567863464355,0.9999454021453857
9.21484170248732e-05,0.49273207783699036,0.9999452829360962
8.905094000510871e-05,0.49266576766967773,0.9999464750289917
9.002274600788951e-05,0.4925622045993805,0.9999463558197021
9.053591929841787e-05,0.4925515949726105,0.9999465942382812
9.078993025468662e-05,0.4925794303417206,0.9999465942382812
9.173477155854926e-05,0.4926515221595764,0.999946117401123
9.208296978613362e-05,0.49266430735588074,0.9999459981918335
9.307853906648234e-05,0.492867112159729,0.9999452829360962
9.340253745904192e-05,0.4932025671005249,0.9999446868896484
9.267256245948374e-05,0.49342256784439087,0.9999450445175171
9.257345664082095e-05,0.4936782717704773,0.9999454021453857
9.256357589038089e-05,0.49377167224884033,0.9999455213546753
9.249756840290502e-05,0.4943831264972687,0.9999455213546753
9.237328777089715e-05,0.4954243302345276,0.9999450445175171
9.15715063456446e-05,0.4966008961200714,0.9999449253082275
9.156993473879993e-05,0.49702730774879456,0.9999443292617798
9.147139644483104e-05,0.49694544076919556,0.9999442100524902
9.311156463809311e-05,0.4971683919429779,0.9999425411224365
9.292493632528931e-05,0.49775078892707825,0.9999426603317261
9.310783207183704e-05,0.4986124634742737,0.999942421913147
9.220132778864354e-05,0.49985045194625854,0.9999421834945679
9.176197636406869e-05,0.5011694431304932,0.9999415874481201
9.107772348215804e-05,0.5023264288902283,0.9999411106109619
9.059931471711025e-05,0.5026944279670715,0.9999412298202515
8.925668225856498e-05,0.5025082230567932,0.9999428987503052
8.561852155253291e-05,0.5026146173477173,0.9999456405639648
8.388485730392858e-05,0.5032703876495361,0.9999462366104126
8.381385123357177e-05,0.5048410892486572,0.9999450445175171
8.424222323810682e-05,0.50560462474823,0.9999433755874634
8.411739690927789e-05,0.5051213502883911,0.9999425411224365
8.501630509272218e-05,0.504473090171814,0.9999418258666992
8.566825272282586e-05,0.504197359085083,0.9999405145645142
8.664865890750661e-05,0.5041249394416809,0.9999390840530396
8.781671931501478e-05,0.504021167755127,0.999937891960144
9.056727139977738e-05,0.504096269607544,0.9999347925186157
9.392924403073266e-05,0.5040685534477234,0.9999321699142456
9.60175966611132e-05,0.5041398406028748,0.9999308586120605
9.609627886675298e-05,0.5040868520736694,0.999932050704956
9.552306437399238e-05,0.5038870573043823,0.9999334812164307
9.463157039135695e-05,0.5039311647415161,0.9999346733093262
9.263050014851615e-05,0.5042462348937988,0.9999357461929321
9.114601562032476e-05,0.5050672888755798,0.9999366998672485
9.071714885067195e-05,0.505674421787262,0.9999366998672485
9.058402065420523e-05,0.5056433081626892,0.9999369382858276
8.95254488568753e-05,0.5056344866752625,0.9999377727508545
8.771428110776469e-05,0.50568026304245,0.9999387264251709
8.683808846399188e-05,0.5058111548423767,0.9999390840530396
8.494450594298542e-05,0.5059497952461243,0.9999399185180664
8.577803237130865e-05,0.5059863328933716,0.9999395608901978
8.677749428898096e-05,0.5060252547264099,0.9999390840530396
8.848954894347116e-05,0.5061541199684143,0.9999381303787231
8.982363215181977e-05,0.5070128440856934,0.9999364614486694
8.995083771878853e-05,0.508064329624176,0.9999356269836426
8.991121285362169e-05,0.5081962943077087,0.999935507774353
9.014438546728343e-05,0.5076731443405151,0.9999356269836426
9.022384620038792e-05,0.5072632431983948,0.9999362230300903
8.970619819592685e-05,0.5069997310638428,0.9999366998672485
8.980076381703839e-05,0.506799578666687,0.9999368190765381
8.941615669755265e-05,0.5065261721611023,0.9999368190765381
8.992185030365363e-05,0.5063877701759338,0.9999363422393799
8.976137905847281e-05,0.5064958333969116,0.999936580657959
8.885957504389808e-05,0.5065415501594543,0.9999374151229858
8.803102537058294e-05,0.5066165924072266,0.9999377727508545
8.769754640525207e-05,0.5064736604690552,0.999937891960144
8.680132305016741e-05,0.5065203905105591,0.9999387264251709
8.765256643528119e-05,0.5064736008644104,0.9999380111694336
8.747546962695196e-05,0.5063672065734863,0.9999383687973022
8.670073293615133e-05,0.5063250064849854,0.9999387264251709
8.645948400953785e-05,0.5061384439468384,0.9999388456344604
8.623881149105728e-05,0.5060158371925354,0.9999388456344604
8.484436693834141e-05,0.5051425695419312,0.9999393224716187
8.419436198892072e-05,0.504040539264679,0.9999394416809082
8.50631040520966e-05,0.5030341744422913,0.99993896484375
8.654139674035832e-05,0.502885639667511,0.999937891960144
8.773242734605446e-05,0.5026686787605286,0.9999368190765381
9.048827632796019e-05,0.5028297305107117,0.9999356269836426
9.307978325523436e-05,0.5024774074554443,0.999934196472168
9.6133939223364e-05,0.5020104050636292,0.9999337196350098
9.852643415797502e-05,0.5018618702888489,0.9999325275421143
0.00010093302262248471,0.5011370182037354,0.9999316930770874
0.00010631221812218428,0.500432550907135,0.9999297857284546
0.00011274770076852292,0.5000733733177185,0.9999274015426636
0.00011667954822769389,0.500123918056488,0.9999257326126099
0.00011817101039923728,0.49992406368255615,0.9999246597290039
0.00012126497313147411,0.4990621507167816,0.999923825263977
0.0001223954459419474,0.4979005753993988,0.9999229907989502
0.00012461152800824493,0.4969560503959656,0.9999219179153442
0.0001264512975467369,0.49665123224258423,0.9999194145202637
0.00012729514855891466,0.4968497157096863,0.9999178647994995
0.00012776514631696045,0.4970635175704956,0.999916672706604
0.00012656771286856383,0.49709808826446533,0.9999169111251831
0.0001258316042367369,0.49704283475875854,0.9999169111251831
0.00012641875946428627,0.49704331159591675,0.9999158382415771
0.00012773566413670778,0.4964450001716614,0.9999154806137085
0.00012847311154473573,0.49600857496261597,0.9999144077301025
0.00012858121772296727,0.4957711100578308,0.9999138116836548
0.00012882838200312108,0.4952712953090668,0.9999133348464966
0.0001296545669902116,0.4944683313369751,0.9999129772186279
0.0001299532304983586,0.49365469813346863,0.9999130964279175
0.00013047111860942096,0.4931690990924835,0.9999127388000488
0.00013101243530400097,0.4930703639984131,0.9999117851257324
0.00013046515232417732,0.4931923449039459,0.999910831451416
0.00013039710756856948,0.4930141866207123,0.9999105930328369
0.00012922812311444432,0.4930444657802582,0.9999113082885742
0.00012817185779567808,0.4931110441684723,0.9999122619628906
0.00012656638864427805,0.4931742548942566,0.999913215637207
0.00012464731116779149,0.4933192729949951,0.9999141693115234
0.0001229452172992751,0.49338820576667786,0.9999152421951294
0.00012165308726252988,0.4933168292045593,0.9999158382415771
0.00012104455527151003,0.4932454228401184,0.9999159574508667
0.00012132188567193225,0.4932856261730194,0.9999154806137085
0.0001218008401338011,0.49212920665740967,0.9999163150787354
0.00012114836135879159,0.49239382147789,0.9999158382415771
0.00012142617197241634,0.4925712049007416,0.9999148845672607
0.00012230852735228837,0.4927046597003937,0.9999140501022339
0.00012410234194248915,0.4927200973033905,0.9999127388000488
0.00012676906771957874,0.4926346242427826,0.9999121427536011
0.0001274467067560181,0.4925691485404968,0.9999125003814697
0.00012904217874165624,0.4924603998661041,0.9999128580093384
0.00013109453720971942,0.49236732721328735,0.9999127388000488
0.0001315411936957389,0.4922899007797241,0.9999136924743652
0.00013188456068746746,0.49211302399635315,0.9999150037765503
0.00013280553685035557,0.49189913272857666,0.9999164342880249
0.00013355951523408294,0.49168670177459717,0.99991774559021
0.00013137909991201013,0.49147969484329224,0.9999204874038696
0.0001290472282562405,0.4921661615371704,0.9999223947525024
0.00012617415632121265,0.4931155741214752,0.999923586845398
0.00012586568482220173,0.4932316243648529,0.999923825263977
0.00012461676669772714,0.4929560720920563,0.9999247789382935
0.00012389069888740778,0.49304670095443726,0.9999254941940308
0.0001242520083906129,0.49330419301986694,0.9999257326126099
0.0001241483842022717,0.4933796226978302,0.999925971031189
0.00012334987695794553,0.493327260017395,0.9999265670776367
0.00012235355097800493,0.4933049976825714,0.9999271631240845
0.00012400794366840273,0.4933299422264099,0.9999262094497681
0.00012692472955677658,0.49320128560066223,0.999924898147583
0.00012960820458829403,0.4931246340274811,0.999923586845398
0.00012965654605068266,0.49309656023979187,0.9999239444732666
0.00012982900079805404,0.49268484115600586,0.999924898147583
0.00012951037206221372,0.4924065172672272,0.9999253749847412
0.00012959314335603267,0.49226585030555725,0.9999253749847412
0.00013045109517406672,0.49224990606307983,0.999924898147583
0.00013136857887730002,0.4921606779098511,0.9999245405197144
0.0001318436989095062,0.4920845031738281,0.9999245405197144
0.00013156664499547333,0.4919646382331848,0.9999247789382935
0.00012997690646443516,0.4919547736644745,0.9999254941940308
0.00012674863683059812,0.4918426275253296,0.9999270439147949
0.00012611618149094284,0.4918527603149414,0.9999274015426636
0.00012586748925969005,0.49198848009109497,0.9999271631240845
0.0001258550037164241,0.49203094840049744,0.9999269247055054
0.0001256449322681874,0.4920738935470581,0.9999269247055054
0.00012427096953615546,0.49207937717437744,0.9999274015426636
0.00012268534919712692,0.49208152294158936,0.9999281167984009
0.00012207281542941928,0.49211928248405457,0.99992835521698
0.00012162316124886274,0.49208590388298035,0.9999285936355591
0.00012106556096114218,0.4919234812259674,0.9999288320541382
0.00012177541793789715,0.49165859818458557,0.9999285936355591
0.0001212028946611099,0.4913311004638672,0.9999290704727173
0.00012086854258086532,0.49121636152267456,0.9999291896820068
0.00012144225183874369,0.4908905029296875,0.9999291896820068
0.00012064217298757285,0.4907236099243164,0.9999294281005859
0.00012083315959898755,0.490738183259964,0.9999290704727173
0.00012137383600929752,0.4905637204647064,0.9999287128448486
0.00012083719047950581,0.4903598725795746,0.9999288320541382
0.00012011276703560725,0.49023446440696716,0.9999289512634277
0.00011869704758282751,0.490131139755249,0.9999295473098755
0.00011709619138855487,0.49005988240242004,0.9999300241470337
0.0001151741889771074,0.4899629056453705,0.9999308586120605
0.0001128233052440919,0.48992079496383667,0.9999319314956665
0.00010909845150308684,0.48991185426712036,0.9999336004257202
0.00010738284618128091,0.489973783493042,0.9999343156814575
0.00010554042091825977,0.49006882309913635,0.9999350309371948
0.00010419206228107214,0.49008920788764954,0.9999356269836426
0.0001035120221786201,0.49012356996536255,0.9999358654022217
0.00010238866525469348,0.49009618163108826,0.9999364614486694
0.00010245009616483003,0.4900737404823303,0.999936580657959
0.00010369063966209069,0.4900611937046051,0.9999361038208008
0.0001051834478857927,0.4900639057159424,0.999935507774353
0.0001079117864719592,0.4901169240474701,0.9999343156814575
0.0001111895326175727,0.4901374280452728,0.9999327659606934
0.00011341408389853314,0.49020835757255554,0.9999316930770874
0.00011594245006563142,0.4902445077896118,0.9999305009841919
0.00011665095371427014,0.49023500084877014,0.9999300241470337
0.00011707218800438568,0.49060681462287903,0.9999299049377441
0.00011846626148326322,0.49093589186668396,0.9999294281005859
0.00011917963274754584,0.4914625883102417,0.9999293088912964
0.00011927683954127133,0.4919334053993225,0.9999295473098755
0.00011910306056961417,0.49228861927986145,0.999929666519165
0.00011909806198673323,0.49343082308769226,0.9999289512634277
0.0001174971621367149,0.49370554089546204,0.9999297857284546
0.00011650211672531441,0.4938102662563324,0.9999305009841919
0.00011477423686301336,0.49392426013946533,0.9999315738677979
0.00011501472181407735,0.4943045973777771,0.9999316930770874
0.00011619280849117786,0.49462753534317017,0.9999310970306396
0.00011812650336651132,0.49478408694267273,0.9999297857284546
0.00012169171532150358,0.4945194125175476,0.9999282360076904
0.00012435477401595563,0.49432313442230225,0.9999264478683472
0.0001255802490049973,0.494625449180603,0.9999256134033203
0.00012626683746930212,0.49471551179885864,0.9999244213104248
0.0001275107788387686,0.49461761116981506,0.9999232292175293
0.00012760954268742353,0.49470624327659607,0.9999233484268188
0.00012844738375861198,0.4948630630970001,0.9999232292175293
0.00012856318789999932,0.4955413341522217,0.999922513961792
0.00012786143634002656,0.4954821467399597,0.9999227523803711
0.0001249772176379338,0.4955156445503235,0.9999241828918457
0.00012101430911570787,0.495567262172699,0.9999260902404785
0.00011744732910301536,0.49533259868621826,0.9999284744262695
0.00011575972894206643,0.4951413869857788,0.9999295473098755
0.00011405047553125769,0.495113730430603,0.9999314546585083
0.00011272254778305069,0.49516090750694275,0.9999327659606934
0.00011084906873293221,0.4950571060180664,0.9999334812164307
0.00011141356662847102,0.4949045181274414,0.9999328851699829
0.00011624689068412408,0.494759738445282,0.9999301433563232
0.00012282580428291112,0.4944639205932617,0.9999269247055054
0.00012889178469777107,0.493903785943985,0.9999247789382935
0.00013183867849875242,0.4932592213153839,0.999923825263977
0.00013339660654310137,0.49288737773895264,0.9999232292175293
0.00013523704546969384,0.4924251437187195,0.9999227523803711
0.00013264051813166589,0.49161243438720703,0.9999237060546875
0.00013027891691308469,0.490727961063385,0.9999247789382935
0.0001282870362047106,0.48977524042129517,0.999925971031189
0.0001239211851498112,0.48937055468559265,0.9999278783798218
0.00011603601888054982,0.4891126751899719,0.999931812286377
0.0001074092579074204,0.4886947572231293,0.9999358654022217
9.930394298862666e-05,0.48822513222694397,0.9999393224716187
9.408863115822896e-05,0.4879661798477173,0.999941349029541
8.946426532929763e-05,0.48764336109161377,0.9999432563781738
8.603002061136067e-05,0.4874778091907501,0.9999444484710693
8.379563223570585e-05,0.4874611496925354,0.9999454021453857
8.084743603831157e-05,0.48748767375946045,0.9999468326568604
7.817772711860016e-05,0.48730766773223877,0.9999479055404663
7.710212958045304e-05,0.4872647225856781,0.999948263168335
7.54710563342087e-05,0.48692587018013,0.9999490976333618
7.338453724514693e-05,0.48680827021598816,0.9999501705169678
7.123855903046206e-05,0.4867526888847351,0.9999511241912842
6.952933472348377e-05,0.4867579936981201,0.9999518394470215
6.873815436847508e-05,0.48659759759902954,0.9999521970748901
6.693452451145276e-05,0.4862572252750397,0.9999531507492065
6.547044904436916e-05,0.4859127998352051,0.9999537467956543
6.412069342331961e-05,0.4854751229286194,0.9999544620513916
6.32547089480795e-05,0.4851788282394409,0.9999547004699707
6.074575139791705e-05,0.4847243130207062,0.9999558925628662
5.9172758483327925e-05,0.48439738154411316,0.999956488609314
5.8420591813046485e-05,0.4840701222419739,0.9999567270278931
5.8446174080017954e-05,0.4838465452194214,0.999956488609314
5.8748926676344126e-05,0.48353996872901917,0.9999563694000244
5.909803803660907e-05,0.48328256607055664,0.9999561309814453
5.989695273456164e-05,0.483309805393219,0.9999557733535767
6.171324639581144e-05,0.48354867100715637,0.9999548196792603
6.38119745417498e-05,0.48379039764404297,0.9999537467956543
6.637239130213857e-05,0.4839949309825897,0.9999526739120483
6.887607742100954e-05,0.48439738154411316,0.9999516010284424
7.115858170436695e-05,0.4846862256526947,0.999950647354126
7.301200093934312e-05,0.48498713970184326,0.9999499320983887
7.467420073226094e-05,0.48531973361968994,0.9999493360519409
7.500834908569232e-05,0.48560023307800293,0.9999493360519409
7.417760934913531e-05,0.4858040511608124,0.9999496936798096
7.278503471752629e-05,0.4859045147895813,0.9999502897262573
7.089591235853732e-05,0.48596930503845215,0.9999510049819946
6.967024091864005e-05,0.48608681559562683,0.9999516010284424
6.631969154113904e-05,0.4860672056674957,0.9999527931213379
6.297502113739029e-05,0.48588404059410095,0.999954104423523
6.0502014093799517e-05,0.48584502935409546,0.9999550580978394
5.761686043115333e-05,0.48566943407058716,0.9999561309814453
5.508874892257154e-05,0.48550552129745483,0.9999569654464722
5.2410865464480594e-05,0.48528987169265747,0.9999581575393677
5.06310498167295e-05,0.48504865169525146,0.999958872795105
4.8999769205693156e-05,0.4847583770751953,0.9999594688415527
4.731362423626706e-05,0.48450830578804016,0.99996018409729
4.601496402756311e-05,0.484269380569458,0.9999605417251587
4.5366577978711575e-05,0.4841606020927429,0.9999607801437378
4.528233694145456e-05,0.4840037524700165,0.9999607801437378
4.49773324362468e-05,0.48381584882736206,0.9999608993530273
4.4324413465801626e-05,0.483716756105423,0.9999613761901855
4.401289334055036e-05,0.48359414935112,0.9999614953994751
4.395375435706228e-05,0.4835083484649658,0.9999614953994751
4.3754353100666776e-05,0.4834713041782379,0.9999616146087646
4.3499898310983554e-05,0.4834338426589966,0.9999617338180542
4.3786993046524e-05,0.48344600200653076,0.9999614953994751
4.3165142415091395e-05,0.48345646262168884,0.9999618530273438
4.349400842329487e-05,0.48345258831977844,0.9999616146087646
4.330953743192367e-05,0.483509361743927,0.9999617338180542
4.268241536919959e-05,0.48347708582878113,0.9999620914459229
4.29004940087907e-05,0.4834871292114258,0.9999619722366333
4.284905662643723e-05,0.48346439003944397,0.9999619722366333
4.311038719606586e-05,0.48347631096839905,0.9999617338180542
4.352073301561177e-05,0.48347631096839905,0.9999614953994751
4.423105565365404e-05,0.48360419273376465,0.9999611377716064
4.450798951438628e-05,0.48361045122146606,0.9999611377716064
4.4974032789468765e-05,0.48374319076538086,0.9999608993530273
4.477435504668392e-05,0.48379841446876526,0.9999610185623169
4.568472286337055e-05,0.4839240312576294,0.9999607801437378
4.786355566466227e-05,0.48422178626060486,0.9999598264694214
4.976254058419727e-05,0.484525203704834,0.9999591112136841
5.240037353360094e-05,0.4848833382129669,0.9999581575393677
5.489712202688679e-05,0.48513224720954895,0.9999574422836304
5.8091103710466996e-05,0.48563632369041443,0.999956488609314
6.133599526947364e-05,0.48611360788345337,0.9999552965164185
0.0003140137705486268,0.48624318838119507,0.9998750686645508
0.00033023362630046904,0.48682257533073425,0.9998700618743896
0.0005819787620566785,0.4872983992099762,0.9998071789741516
0.0006916841957718134,0.48787903785705566,0.9997798800468445
0.0007687118486501276,0.4883546233177185,0.9997590184211731
0.0009213704033754766,0.4887215495109558,0.9997199177742004
0.0011895823990926147,0.4889715313911438,0.9996541738510132
0.0012121795443817973,0.4894426167011261,0.9996405839920044
0.002640879014506936,0.48934313654899597,0.9993023872375488
0.002664840780198574,0.4895332157611847,0.9992812275886536
0.0037885119672864676,0.489456444978714,0.9989873766899109
0.0041976748034358025,0.4893830120563507,0.9988516569137573
0.004378545563668013,0.4893617033958435,0.9987770915031433
0.004425685852766037,0.4894697070121765,0.9987375140190125
0.004491185303777456,0.489408016204834,0.9986913800239563
0.004562861751765013,0.48941993713378906,0.9986485838890076
0.0046534487046301365,0.4895007610321045,0.9985945820808411
0.004789033904671669,0.4896042048931122,0.9985384941101074
0.004916520789265633,0.48959094285964966,0.998482882976532
0.004989048931747675,0.4895996153354645,0.9984562397003174
0.003747682785615325,0.48989853262901306,0.9988288283348083
0.0001603091659490019,0.490866094827652,0.9998800754547119
0.00016651743499096483,0.49092113971710205,0.9998798370361328
0.0001708898926153779,0.4910472333431244,0.9998809099197388
0.00017148061306215823,0.4915347695350647,0.9998841285705566
0.00016724193119443953,0.4917351305484772,0.9998893737792969
0.0001555553317302838,0.49130359292030334,0.9998985528945923
0.00014389443094842136,0.49112364649772644,0.9999068975448608
0.00013496637984644622,0.4908938407897949,0.9999145269393921
0.00012937854626215994,0.4906179904937744,0.9999200105667114
0.00011956277012359351,0.4903355836868286,0.9999239444732666
0.00011572551738936454,0.4902362525463104,0.9999257326126099
0.00010734874376794323,0.4898670017719269,0.9999300241470337
0.00010157150973100215,0.4897652566432953,0.9999333620071411
9.799048712011427e-05,0.4898906350135803,0.9999353885650635
9.67110026977025e-05,0.490252822637558,0.9999362230300903
9.955424320651218e-05,0.49093446135520935,0.9999350309371948
0.00010349525109631941,0.4912903606891632,0.9999338388442993
0.00010754608229035512,0.49153515696525574,0.9999321699142456
0.00011047097359551117,0.49176597595214844,0.9999309778213501
0.00011778288171626627,0.4920923709869385,0.9999277591705322
0.00012118406448280439,0.49235543608665466,0.9999263286590576
0.00012599538604263216,0.49260661005973816,0.9999245405197144
0.0001264457532670349,0.4925740957260132,0.9999241828918457
0.00012741063255816698,0.4925280809402466,0.9999233484268188
0.00013097382907290012,0.4926336407661438,0.9999213218688965
0.0001354406849713996,0.49280908703804016,0.9999185800552368
0.00012994145799893886,0.4927561581134796,0.9999196529388428
0.00011801346408901736,0.4925672709941864,0.9999243021011353
0.00010850415856111795,0.4925079345703125,0.9999279975891113
9.971433610189706e-05,0.49233126640319824,0.9999316930770874
9.182175563182682e-05,0.4922974109649658,0.9999351501464844
8.46474285935983e-05,0.49252042174339294,0.9999382495880127
8.032487676246092e-05,0.4927269220352173,0.9999401569366455
7.44691860745661e-05,0.4926723539829254,0.9999431371688843
6.687474524369463e-05,0.4924331605434418,0.999947190284729
5.928498285356909e-05,0.49230504035949707,0.9999517202377319
5.622645403491333e-05,0.4924696683883667,0.9999536275863647
5.5306561989709735e-05,0.49258288741111755,0.9999542236328125
5.490539479069412e-05,0.49267837405204773,0.9999548196792603
5.509830953087658e-05,0.492883563041687,0.9999549388885498
5.519807382370345e-05,0.4931075870990753,0.999955415725708
5.4624269978376105e-05,0.4930308759212494,0.9999557733535767
5.427963697002269e-05,0.49313390254974365,0.9999561309814453
5.3955900511937216e-05,0.4932990074157715,0.9999566078186035
5.3873278375249356e-05,0.4933856427669525,0.9999568462371826
5.3972988098394126e-05,0.49341827630996704,0.9999568462371826
5.363516538636759e-05,0.49332505464553833,0.9999570846557617
5.426141797215678e-05,0.49336278438568115,0.9999569654464722
5.406008494901471e-05,0.4933454990386963,0.9999570846557617
5.329006307874806e-05,0.49339041113853455,0.9999576807022095
5.267678352538496e-05,0.4933907687664032,0.999957799911499
5.2135153964627534e-05,0.4934179186820984,0.9999582767486572
5.182312088436447e-05,0.49341607093811035,0.9999585151672363
5.1758859626716e-05,0.49332669377326965,0.9999583959579468
5.197793143452145e-05,0.4933542013168335,0.9999581575393677
5.145359318703413e-05,0.49335426092147827,0.9999585151672363
5.132333899382502e-05,0.4933311641216278,0.9999587535858154
5.090419654152356e-05,0.49329444766044617,0.9999589920043945
5.0925656978506595e-05,0.49330848455429077,0.9999589920043945
5.107326069264673e-05,0.4932600259780884,0.999958872795105
5.1307830290170386e-05,0.49322623014450073,0.9999587535858154
5.1810020522680134e-05,0.4932393729686737,0.9999583959579468
5.15379651915282e-05,0.4932444393634796,0.9999585151672363
5.157951090950519e-05,0.493227481842041,0.9999585151672363
5.1381761295488104e-05,0.49321600794792175,0.9999586343765259
5.186667476664297e-05,0.4931860864162445,0.9999582767486572
5.1635466661537066e-05,0.4931573271751404,0.9999583959579468
5.140367284184322e-05,0.49312612414360046,0.9999585151672363
5.068148311693221e-05,0.49303385615348816,0.9999587535858154
5.045353464083746e-05,0.4929656982421875,0.9999589920043945
5.067471647635102e-05,0.4929809868335724,0.999958872795105
5.0426646339474246e-05,0.49299827218055725,0.9999592304229736
5.054161374573596e-05,0.49298134446144104,0.9999592304229736
5.0401842599967495e-05,0.49300944805145264,0.9999593496322632
5.0667033065110445e-05,0.4930129945278168,0.9999592304229736
5.084296935820021e-05,0.49305620789527893,0.9999592304229736
5.117135515320115e-05,0.4931045472621918,0.9999589920043945
5.1485596486600116e-05,0.49326398968696594,0.9999591112136841
5.221107858233154e-05,0.49345752596855164,0.9999591112136841
5.247292574495077e-05,0.4935636520385742,0.9999591112136841
5.262737613520585e-05,0.4937427341938019,0.9999593496322632
5.266427615424618e-05,0.49379852414131165,0.9999594688415527
5.264925857773051e-05,0.49373483657836914,0.9999593496322632
5.279446122585796e-05,0.4937051832675934,0.9999593496322632
5.288022293825634e-05,0.49378132820129395,0.9999592304229736
5.269271059660241e-05,0.49378544092178345,0.9999593496322632
5.2871444495394826e-05,0.4937749207019806,0.9999592304229736
5.280855839373544e-05,0.49366235733032227,0.9999589920043945
5.3068550187163055e-05,0.4935377538204193,0.9999585151672363
5.3334442782215774e-05,0.4934733510017395,0.9999581575393677
5.315181260812096e-05,0.49322813749313354,0.999957799911499
5.3251354984240606e-05,0.4930444061756134,0.9999573230743408
5.3836603910895064e-05,0.49302440881729126,0.9999568462371826
5.4123123845783994e-05,0.4929077625274658,0.999956488609314
5.430852615972981e-05,0.49267813563346863,0.9999561309814453
5.490335024660453e-05,0.49251845479011536,0.9999555349349976
5.7666773500386626e-05,0.4924314320087433,0.9999542236328125
6.009020944475196e-05,0.49244746565818787,0.9999531507492065
6.260020018089563e-05,0.4923180937767029,0.9999516010284424
0.00034641422098502517,0.49215519428253174,0.9998573064804077
0.00037146720569580793,0.49208807945251465,0.9998476505279541
0.0008788396371528506,0.49194854497909546,0.9997192025184631
0.001769407419487834,0.4917907118797302,0.9995052814483643
0.0038305961061269045,0.4915499687194824,0.9989987015724182
0.004540291149169207,0.4917350113391876,0.9987697005271912
0.0047835237346589565,0.4919296205043793,0.9986489415168762
0.004891545511782169,0.49229857325553894,0.9985528588294983
0.004980752244591713,0.4926232397556305,0.9984540939331055
0.0034139174968004227,0.4931357502937317,0.9988901019096375
0.0024299288634210825,0.49341490864753723,0.9991581439971924
0.0007929874700494111,0.49410438537597656,0.9996365308761597
0.0004491640720516443,0.4946569502353668,0.999754011631012
0.00046315774670802057,0.49503666162490845,0.9997546076774597
0.0004730207729153335,0.49527081847190857,0.9997583031654358
0.0004704834136646241,0.4953768849372864,0.9997664093971252
0.00046042812755331397,0.49555888772010803,0.9997772574424744
0.00045702894567511976,0.49568137526512146,0.9997851252555847
0.0004654594522435218,0.4957229495048523,0.9997865557670593
0.0004419325268827379,0.4961377680301666,0.9997954964637756
0.00044670116039924324,0.4962770640850067,0.9997935891151428
0.0004580798849929124,0.4963134825229645,0.9997891783714294
0.0004806544748134911,0.4964216351509094,0.9997807145118713
0.0004842255439143628,0.496703565120697,0.9997789263725281
0.00017472266335971653,0.49687668681144714,0.9998819828033447
0.00018161159823648632,0.49727869033813477,0.9998799562454224
0.00018586280930321664,0.4975990355014801,0.9998793601989746
0.00018605432705953717,0.49811825156211853,0.9998799562454224
0.0001821000623749569,0.4992140531539917,0.9998825788497925
0.00016884744400158525,0.5000045895576477,0.9998897314071655
0.00016177732322830707,0.5009501576423645,0.9998935461044312
0.00015385361621156335,0.5017263889312744,0.999897837638855
0.00014251229004003108,0.5022051930427551,0.999903678894043
0.0001336274144705385,0.502605140209198,0.999907374382019
0.00012642309593502432,0.5027849674224854,0.9999116659164429
0.00012467856868170202,0.502480149269104,0.9999122619628906
0.00012512184912338853,0.5024794936180115,0.9999114274978638
0.0001198340833070688,0.502552330493927,0.9999146461486816
0.00011937980889342725,0.5024428367614746,0.9999152421951294
0.00011775054008467123,0.5024998784065247,0.9999161958694458
0.00011461937538115308,0.5026987791061401,0.99991774559021
0.00011299632024019957,0.5031315088272095,0.9999184608459473
0.00010884540824918076,0.5035845637321472,0.9999210834503174
0.00010262815339956433,0.5039166212081909,0.9999245405197144
9.847185719991103e-05,0.5041959881782532,0.999925971031189
9.062739263754338e-05,0.5044586658477783,0.9999299049377441
8.191932283807546e-05,0.5049105882644653,0.9999347925186157
7.764421025058255e-05,0.5046448707580566,0.9999368190765381
7.452871795976534e-05,0.504396378993988,0.9999380111694336
7.389830716419965e-05,0.504405677318573,0.9999386072158813
7.27878141333349e-05,0.5042795538902283,0.9999395608901978
7.089537393767387e-05,0.5041154623031616,0.9999407529830933
7.091389852575958e-05,0.5039878487586975,0.9999405145645142
7.024985097814351e-05,0.5039729475975037,0.9999408721923828
6.751320324838161e-05,0.5041514039039612,0.9999432563781738
6.719193333992735e-05,0.5045428276062012,0.9999440908432007
6.69560395181179e-05,0.5043354034423828,0.9999446868896484
6.719475641148165e-05,0.504616916179657,0.9999451637268066
6.498744187410921e-05,0.5049422383308411,0.999947190284729
6.279331864789128e-05,0.5047605037689209,0.9999485015869141
6.162690988276154e-05,0.5044745206832886,0.9999492168426514
6.042994209565222e-05,0.5040975213050842,0.999950647354126
5.960578710073605e-05,0.5036535859107971,0.999951958656311
5.996324398438446e-05,0.5039879083633423,0.9999517202377319
6.08395530434791e-05,0.5044650435447693,0.9999508857727051
6.148438842501491e-05,0.5045344233512878,0.9999505281448364
6.339680112432688e-05,0.5046759247779846,0.9999496936798096
6.444061000365764e-05,0.5046579837799072,0.9999492168426514
6.576291343662888e-05,0.504596471786499,0.9999485015869141
6.545383803313598e-05,0.5046524405479431,0.9999489784240723
6.53280658298172e-05,0.5047109723091125,0.9999492168426514
6.598251638934016e-05,0.5047286748886108,0.9999488592147827
6.644636596320197e-05,0.5046831369400024,0.9999485015869141
6.759643292753026e-05,0.5047038793563843,0.9999479055404663
6.792611384298652e-05,0.504791796207428,0.9999476671218872
6.833673251094297e-05,0.5048102140426636,0.9999475479125977
6.826860044384375e-05,0.5049667358398438,0.9999476671218872
6.790875340811908e-05,0.5049289464950562,0.9999476671218872
6.767551531083882e-05,0.5049455165863037,0.9999479055404663
6.820684211561456e-05,0.5049070715904236,0.9999475479125977
6.892470264574513e-05,0.5048413872718811,0.9999473094940186
6.937825673958287e-05,0.5046916007995605,0.9999470710754395
6.854008825030178e-05,0.5044711232185364,0.9999473094940186
6.751307955710217e-05,0.5042473077774048,0.9999477863311768
6.732778274454176e-05,0.5039522051811218,0.9999476671218872
6.686817505396903e-05,0.5036877393722534,0.9999477863311768
6.687921268166974e-05,0.5034772157669067,0.9999475479125977
6.75285336910747e-05,0.50346839427948,0.9999473094940186
6.81137025821954e-05,0.5034072399139404,0.9999468326568604
6.786680751247332e-05,0.5035048127174377,0.999947190284729
6.710107845719904e-05,0.5036513209342957,0.9999476671218872
6.623032822972164e-05,0.5038009881973267,0.9999480247497559
6.722077523590997e-05,0.5038948059082031,0.999947190284729
6.78546421113424e-05,0.504056990146637,0.9999468326568604
6.776663212804124e-05,0.5043647289276123,0.999947190284729
6.808408943470567e-05,0.5046597123146057,0.999947190284729
6.779474642826244e-05,0.5047708749771118,0.9999474287033081
6.732071778969839e-05,0.5047663450241089,0.9999476671218872
6.65848347125575e-05,0.5047431588172913,0.9999480247497559
6.65241532260552e-05,0.5047203898429871,0.9999480247497559
6.669438880635425e-05,0.5046607851982117,0.9999477863311768
6.760352698620409e-05,0.5047048330307007,0.9999474287033081
6.748043961124495e-05,0.50486820936203,0.9999480247497559
6.734325870638713e-05,0.5049634575843811,0.9999483823776245
6.762680277461186e-05,0.5049582719802856,0.9999481439590454
6.773852510377765e-05,0.5048232078552246,0.9999480247497559
6.744827987859026e-05,0.5047940015792847,0.9999479055404663
6.770429899916053e-05,0.5047937035560608,0.9999476671218872
6.851950456621125e-05,0.5048068761825562,0.9999473094940186
6.849918281659484e-05,0.5047832131385803,0.9999473094940186
6.871967343613505e-05,0.5047484636306763,0.9999470710754395
6.82563622831367e-05,0.5046669244766235,0.9999470710754395
6.769668107153848e-05,0.504547119140625,0.999947190284729
6.739285890944302e-05,0.5044171810150146,0.999947190284729
6.703430699417368e-05,0.5043254494667053,0.999947190284729
6.652669253526255e-05,0.5044090151786804,0.9999475479125977
6.637271144427359e-05,0.5044898390769958,0.9999477863311768
6.511231185868382e-05,0.5045296549797058,0.9999486207962036
6.365450099110603e-05,0.5046055912971497,0.9999494552612305
6.277176726143807e-05,0.5045128464698792,0.9999500513076782
6.232459418242797e-05,0.5043862462043762,0.9999504089355469
6.180223863339052e-05,0.5042111277580261,0.9999508857727051
6.121661135694012e-05,0.5041311383247375,0.9999511241912842
6.116234726505354e-05,0.5039620399475098,0.9999510049819946
6.231229053810239e-05,0.5038177371025085,0.9999502897262573
0.001041228766553104,0.5036361217498779,0.999687671661377
0.002642587758600712,0.5030894875526428,0.9993035793304443
0.0027339099906384945,0.5028599500656128,0.999249279499054
0.0054079159162938595,0.5025855302810669,0.9985074400901794
0.00868129450827837,0.5015955567359924,0.9972962737083435
0.009034736081957817,0.5013665556907654,0.9969792366027832
0.009280825033783913,0.5011645555496216,0.9966834187507629
0.009434555657207966,0.501163899898529,0.9964035749435425
0.00960167683660984,0.5013745427131653,0.9961025714874268
0.009752687066793442,0.501418948173523,0.9958940744400024
0.010029020719230175,0.5018015503883362,0.9956412315368652
0.010190578177571297,0.5025390982627869,0.9954202771186829
0.010368704795837402,0.5033121705055237,0.9952387809753418
0.010486171580851078,0.5037602186203003,0.9950962662696838
0.010638132691383362,0.5046618580818176,0.9949166774749756
0.01069478690624237,0.5063661932945251,0.9947517514228821
0.010741164907813072,0.5086614489555359,0.9945555925369263
0.010802141390740871,0.5113020539283752,0.994330644607544
0.010797557421028614,0.5136165618896484,0.9941596984863281
0.010797607712447643,0.5144928693771362,0.9940764904022217
0.0108000123873353,0.5147658586502075,0.99406498670578
0.010814545676112175,0.5169053077697754,0.9939445853233337
0.009089211001992226,0.5224617123603821,0.9947803020477295
0.004738223738968372,0.5308164954185486,0.9972941279411316
0.0036297680344432592,0.5380598902702332,0.9978018403053284
0.0036467285826802254,0.5457940101623535,0.9976504445075989
0.0034532230347394943,0.5529921650886536,0.9976404905319214
0.0032637754920870066,0.557873010635376,0.9976660013198853
0.003272027475759387,0.5606293082237244,0.9976658821105957
0.003269373904913664,0.5636250972747803,0.9976759552955627
0.00321829947642982,0.5679102540016174,0.9976323843002319
0.005431454628705978,0.5699056386947632,0.9958309531211853
0.005824270658195019,0.5734947323799133,0.9952889680862427
0.006422446575015783,0.5764263272285461,0.9944970011711121
0.006313562858849764,0.5797786712646484,0.9942873120307922
0.00642577325925231,0.5827463269233704,0.993831992149353
0.00706293573603034,0.586079478263855,0.9926882982254028
0.006974691990762949,0.5910261869430542,0.9921146035194397
0.006890874356031418,0.5962331891059875,0.9913221597671509
0.00677794823423028,0.6004617810249329,0.9906817674636841
0.006747446954250336,0.6020310521125793,0.9904710054397583
0.003636109409853816,0.6063116788864136,0.9946455955505371
0.003662225790321827,0.6076483726501465,0.994572103023529
0.00206122943200171,0.6123262643814087,0.9965167045593262
0.001996926497668028,0.6145528554916382,0.9965512752532959
0.0020272356923669577,0.6148455142974854,0.9965914487838745
0.0020391461439430714,0.6145443916320801,0.9966474175453186
0.002038565929979086,0.6150436997413635,0.9967063069343567
0.002034953562542796,0.6154317855834961,0.9967971444129944
0.002025626366958022,0.6139134764671326,0.9969549179077148
0.0007721717120148242,0.6148662567138672,0.9985436201095581
0.0003492991963867098,0.6133562326431274,0.9992249011993408
0.00035426896647550166,0.6083388328552246,0.9993138313293457
0.00013706457684747875,0.6039451956748962,0.9996757507324219
0.00013848960225004703,0.5984407067298889,0.9997135996818542
0.00013459856563713402,0.5936336517333984,0.9997476935386658
0.00013454235158860683,0.5883218050003052,0.9997747540473938
0.000135461101308465,0.5820439457893372,0.9998032450675964
0.00013607239816337824,0.5741917490959167,0.9998279809951782
0.00013762156595475972,0.5663679242134094,0.9998475313186646
0.001324053038842976,0.5578360557556152,0.9994385838508606
0.0012993253767490387,0.5494946837425232,0.9994897842407227
0.0020120132248848677,0.5444992184638977,0.9992885589599609
0.002169243758544326,0.5423227548599243,0.9992409944534302
0.0021387587767094374,0.5349146723747253,0.9992740750312805
0.0021522759925574064,0.5252110958099365,0.9993076324462891
0.0021226711105555296,0.5208619236946106,0.9993195533752441
0.0021369459573179483,0.5187604427337646,0.9992940425872803
0.0011226594215258956,0.5155835747718811,0.9995716214179993
0.0008475124486722052,0.5136647820472717,0.999652624130249
0.0008734900038689375,0.5135406851768494,0.9996422529220581
0.0006288286531344056,0.5127830505371094,0.9997157454490662
0.0005690624820999801,0.5116278529167175,0.9997335076332092
0.0005653492407873273,0.5107224583625793,0.9997366070747375
0.0005613615503534675,0.5080940127372742,0.9997455477714539
0.0005504069849848747,0.5059919953346252,0.9997552037239075
0.0005550211062654853,0.5040750503540039,0.9997602105140686
0.0006944027845747769,0.5023045539855957,0.9997240900993347
0.0009821613784879446,0.5012790560722351,0.9996470212936401
0.0009856842225417495,0.4999549984931946,0.9996466636657715
0.001079342095181346,0.4980758726596832,0.9996281862258911
0.001635974389500916,0.4965619742870331,0.999496579170227
0.0018409044714644551,0.49635788798332214,0.9994513392448425
0.0018421586137264967,0.4962421953678131,0.9994494318962097
0.0018983479822054505,0.4959449768066406,0.999438464641571
0.0018758587539196014,0.49511775374412537,0.9994502663612366
0.0018589081009849906,0.4946800470352173,0.9994598031044006
0.001831980887800455,0.49430611729621887,0.9994747042655945
0.001770318252965808,0.49391987919807434,0.999497652053833
0.0017197545384988189,0.4935359060764313,0.9995198249816895
0.0014227870851755142,0.4935148358345032,0.9995933175086975
0.0010514480527490377,0.49357789754867554,0.9996803998947144
0.0006055745179764926,0.49325865507125854,0.9997894167900085
0.0006039099534973502,0.4931008517742157,0.9997935891151428
0.0004761540039908141,0.4931472837924957,0.999826967716217
0.0004849611723329872,0.4932534694671631,0.9998282194137573
0.00048407440772280097,0.49317970871925354,0.9998328685760498
0.00047121034003794193,0.4932717978954315,0.9998395442962646
0.0009433729574084282,0.4935227632522583,0.9997413754463196
0.0017173697706311941,0.49280115962028503,0.9995844960212708
0.004697117023169994,0.4919716715812683,0.9989628791809082
0.005185175221413374,0.4913772642612457,0.9988151788711548
0.00506706815212965,0.49053168296813965,0.9987887740135193
0.007286421488970518,0.48977237939834595,0.9981637597084045
0.011553830467164516,0.4872816503047943,0.9965320825576782
0.01178706530481577,0.48649826645851135,0.9962239265441895
0.0117676742374897,0.4859403669834137,0.9959706664085388
0.012119428254663944,0.4855588674545288,0.9955292344093323
0.01243515219539404,0.48519960045814514,0.9951164722442627
0.01264892052859068,0.4851497709751129,0.9948580265045166
0.012769156135618687,0.4849710464477539,0.9946308135986328
0.012851080857217312,0.48503294587135315,0.9944280385971069
0.012910297140479088,0.4854748845100403,0.9943081736564636
0.012996307574212551,0.485734760761261,0.994192898273468
0.013104264624416828,0.4863142669200897,0.9941509366035461
0.013139894232153893,0.4865533411502838,0.9941033720970154
0.013152606785297394,0.48625755310058594,0.9940317273139954
0.013175365515053272,0.485507607460022,0.9940552711486816
0.013243792578577995,0.4846682548522949,0.9940802454948425
0.01331171952188015,0.4844447374343872,0.9940176010131836
0.01344957947731018,0.4844226837158203,0.9939078092575073
0.01342700980603695,0.484356552362442,0.993948221206665
0.013398483395576477,0.48441362380981445,0.9940119385719299
0.013341212645173073,0.4844163656234741,0.9941059350967407
0.011827562935650349,0.48501095175743103,0.9950036406517029
0.011737114749848843,0.48534107208251953,0.9951243996620178
0.01132715493440628,0.4859240651130676,0.9954200983047485
0.011267593130469322,0.4867178797721863,0.9955149292945862
0.011218174360692501,0.487155020236969,0.9956279993057251
0.011133693158626556,0.4876311719417572,0.9957593083381653
0.01102383341640234,0.4883868098258972,0.995880126953125
0.010911854915320873,0.48884645104408264,0.995973527431488
0.010532500222325325,0.489315003156662,0.9961865544319153
0.010406561195850372,0.4896422028541565,0.9962843656539917
0.01045086421072483,0.49015966057777405,0.996283233165741
0.01029750145971775,0.4906517267227173,0.9963731169700623
0.01017811894416809,0.4910845458507538,0.9964818954467773
0.00994131714105606,0.49133870005607605,0.9966123700141907
0.009977417066693306,0.49128827452659607,0.9966096878051758
0.009933702647686005,0.491496741771698,0.9966667294502258
0.010000386275351048,0.4913043975830078,0.996674656867981
0.01006610132753849,0.4916084408760071,0.9966720342636108
0.010178248398005962,0.4919181764125824,0.9966416358947754
0.010300529189407825,0.49213069677352905,0.9965860843658447
0.010383476503193378,0.4922856092453003,0.9965613484382629
0.01038984302431345,0.49256670475006104,0.9965618252754211
0.010386819019913673,0.492660790681839,0.9965656399726868
0.01038336381316185,0.49292898178100586,0.9965894222259521
0.010372590273618698,0.49320968985557556,0.9966268539428711
0.010918422602117062,0.4931291341781616,0.9964004755020142
0.01120062731206417,0.49295997619628906,0.99628084897995
0.012004353106021881,0.4924481511116028,0.995902955532074
0.01193938311189413,0.49203649163246155,0.9959041476249695
0.011870183050632477,0.4912473261356354,0.995863676071167
0.011792920529842377,0.4902626574039459,0.9958184361457825
0.0117897754535079,0.48992645740509033,0.9957764744758606
0.01178667601197958,0.4890664219856262,0.9957230091094971
0.011820230633020401,0.488656222820282,0.9956595301628113
0.011814383789896965,0.4884260594844818,0.9956260919570923
0.011784370988607407,0.4882209300994873,0.9956088662147522
0.011765716597437859,0.48817843198776245,0.995610773563385
0.011716462671756744,0.48805099725723267,0.9955726861953735
0.011645648628473282,0.48805129528045654,0.9955517649650574
0.011580772697925568,0.4881543219089508,0.9955779314041138
0.011571672745049,0.488809198141098,0.9955692887306213
0.011440536007285118,0.4887393116950989,0.9955980181694031
0.011250250972807407,0.48955994844436646,0.9956656098365784
0.011084290221333504,0.4901251792907715,0.9956715106964111
0.010971895419061184,0.49033018946647644,0.9956808090209961
0.010846243239939213,0.49047479033470154,0.9957035183906555
0.010785904712975025,0.4903799295425415,0.9957115650177002
0.010740703903138638,0.4903776943683624,0.9957500696182251
0.010777757503092289,0.4902171790599823,0.9957364797592163
0.010764888487756252,0.48997172713279724,0.9957499504089355
0.01070710364729166,0.49003276228904724,0.9957776069641113
0.010683516971766949,0.490029901266098,0.9957921504974365
0.010758385062217712,0.4897368848323822,0.9957316517829895
0.010750009678304195,0.4896770119667053,0.9957155585289001
0.010702366940677166,0.4895715117454529,0.9956947565078735
0.010689187794923782,0.48950061202049255,0.9956652522087097
0.01061697956174612,0.4895564913749695,0.9956564903259277
0.01062555331736803,0.48961618542671204,0.9956176280975342
0.010583203285932541,0.4896489977836609,0.9956154823303223
0.010481329634785652,0.48978549242019653,0.9956855773925781
0.01054754201322794,0.4896354079246521,0.99562668800354
0.01069734524935484,0.4895816743373871,0.9955095052719116
0.010120016522705555,0.48989126086235046,0.9957685470581055
0.010175621137022972,0.4893375635147095,0.9956871867179871
0.010312523692846298,0.48890581727027893,0.9955775737762451
0.010439995676279068,0.48850101232528687,0.9955042004585266
0.010439966805279255,0.4884437918663025,0.9955137372016907
0.010325905866920948,0.48812082409858704,0.9955834746360779
0.010219997726380825,0.4881089925765991,0.9956660270690918
0.010392118245363235,0.4880117177963257,0.9955695271492004
0.010177796706557274,0.48831629753112793,0.9957274198532104
0.0096838204190135,0.4888458251953125,0.9960045218467712
0.008905931375920773,0.48939064145088196,0.9963878393173218
0.00901327095925808,0.49001798033714294,0.996416449546814
0.008373886346817017,0.4905551075935364,0.9967643022537231
0.007233431097120047,0.49077069759368896,0.9972795844078064
0.006079648155719042,0.49124330282211304,0.9978017210960388
0.005988833960145712,0.49139586091041565,0.9978983402252197
0.005991650745272636,0.49145373702049255,0.9979283809661865
0.005344771314412355,0.4916505217552185,0.9982056617736816
0.00481294235214591,0.4913765788078308,0.9984084963798523
0.004587516188621521,0.4909437298774719,0.998491644859314
0.004484725650399923,0.4912744164466858,0.9986047148704529
0.00440948735922575,0.4912377595901489,0.9986631870269775
0.004351834766566753,0.49124541878700256,0.9987112283706665
0.004379545338451862,0.49150267243385315,0.998737633228302
0.004338977392762899,0.4912175238132477,0.998740017414093
0.004341071005910635,0.49086201190948486,0.9987177848815918
0.004190593026578426,0.490350604057312,0.9987508058547974
0.004169129766523838,0.4902949929237366,0.9987492561340332
0.0038949467707425356,0.4905460476875305,0.998794674873352
0.003842178964987397,0.4905954897403717,0.9988031387329102
0.0037071332335472107,0.4901232123374939,0.9988045692443848
0.0030603150371462107,0.4902222156524658,0.9989728927612305
0.0028900576289743185,0.4896152913570404,0.9990265369415283
0.00277518923394382,0.48920103907585144,0.9990531802177429
0.0027345509734004736,0.4887239336967468,0.9990699887275696
0.002768585691228509,0.48882097005844116,0.9990812540054321
0.0028495925944298506,0.4889550805091858,0.9990835189819336
0.002928816946223378,0.48852309584617615,0.9990806579589844
0.0028861728496849537,0.48840078711509705,0.9991301894187927
0.0029270672239363194,0.4888678193092346,0.9991544485092163
0.0027201639022678137,0.489148885011673,0.999221920967102
0.0022564202081412077,0.48935309052467346,0.9993458390235901
0.0017505517462268472,0.48965391516685486,0.9994754195213318
0.001224807114340365,0.4896942675113678,0.9996111989021301
0.0012374187353998423,0.48955899477005005,0.9996137022972107
0.00047962929238565266,0.4894668459892273,0.9998037219047546
0.0002634298871271312,0.489424467086792,0.9998689889907837
0.00010002841736422852,0.489722341299057,0.9999290704727173
9.468085772823542e-05,0.4897734224796295,0.9999330043792725
8.794619498075917e-05,0.48910555243492126,0.9999366998672485
8.224988414440304e-05,0.4883623421192169,0.9999399185180664
7.751297380309552e-05,0.48787587881088257,0.9999421834945679
7.284607272595167e-05,0.4871719479560852,0.9999431371688843
7.060937059577554e-05,0.48648321628570557,0.9999432563781738
7.095198088791221e-05,0.48635807633399963,0.999942421913147
7.252245268318802e-05,0.4864708483219147,0.9999408721923828
7.527734851464629e-05,0.48652762174606323,0.9999390840530396
7.075084431562573e-05,0.48634010553359985,0.9999399185180664
7.419125904561952e-05,0.4870437681674957,0.9999368190765381
7.900307537056506e-05,0.4880986511707306,0.999934196472168
8.566392352804542e-05,0.48856639862060547,0.9999319314956665
9.05593260540627e-05,0.488430380821228,0.9999303817749023
9.704245894681662e-05,0.4885272979736328,0.9999282360076904
9.908137144520879e-05,0.4888841211795807,0.999927282333374
0.0013076103059574962,0.4879896938800812,0.999595582485199
0.0013806235510855913,0.4884909987449646,0.9995743632316589
0.0015007848851382732,0.48861318826675415,0.9995405673980713
0.0015674678143113852,0.489431768655777,0.9995360374450684
0.0018400747794657946,0.489890456199646,0.9994812607765198
0.002052909228950739,0.4901263117790222,0.9994284510612488
0.002204729011282325,0.4905514419078827,0.9993835687637329
0.0021963908802717924,0.4915370047092438,0.9993864297866821
0.0024724372196942568,0.49170249700546265,0.9993234872817993
0.0025925005320459604,0.4920167326927185,0.9993125200271606
0.0026202916633337736,0.4918880760669708,0.999315619468689
0.002608292270451784,0.49170199036598206,0.9993158578872681
0.002300828229635954,0.49235478043556213,0.9994020462036133
0.0021705033723264933,0.4933919310569763,0.9994370341300964
0.0018184346845373511,0.49428969621658325,0.9995166063308716
0.0016567931743338704,0.49488550424575806,0.9995594620704651
0.0016459556063637137,0.495146244764328,0.9995638728141785
0.0013567687710747123,0.4955228865146637,0.9996287822723389
0.0011629709042608738,0.49627232551574707,0.9996764659881592
0.000815932173281908,0.49655067920684814,0.9997532963752747
0.00011966188321821392,0.4981040954589844,0.9999330043792725
0.0001159300736617297,0.4990057349205017,0.9999372959136963
0.00011180810543010011,0.49934929609298706,0.9999409914016724
0.00010860964539460838,0.49850979447364807,0.9999432563781738
0.00010573100007604808,0.49836426973342896,0.9999463558197021
0.00010843620839295909,0.4980911314487457,0.9999473094940186
0.00010786744678625837,0.4977741837501526,0.9999494552612305
0.00010521564399823546,0.49645617604255676,0.9999501705169678
0.0001027769103529863,0.4961715638637543,0.9999521970748901
0.00010407608351670206,0.49657583236694336,0.9999532699584961
0.00010429365647723898,0.4957895874977112,0.9999525547027588
0.00010108712740475312,0.49512362480163574,0.999953031539917
9.226456313626841e-05,0.4937841296195984,0.9999538660049438
8.901765977498144e-05,0.4932817220687866,0.9999544620513916
8.776916365604848e-05,0.4928200840950012,0.9999547004699707
8.088922913884744e-05,0.4921991527080536,0.9999556541442871
8.203361358027905e-05,0.49231675267219543,0.9999552965164185
8.859280205797404e-05,0.493436723947525,0.999954104423523
9.401060378877446e-05,0.49449795484542847,0.9999537467956543
0.00010144848783966154,0.49573907256126404,0.9999535083770752
0.0001089450015570037,0.4967328608036041,0.999951958656311
0.0001177056401502341,0.4990882873535156,0.9999508857727051
0.00012832888751290739,0.5021329522132874,0.9999487400054932
0.0001295045658480376,0.5030712485313416,0.9999483823776245
0.00012556744331959635,0.5016996264457703,0.9999476671218872
0.00012632861034944654,0.5013596415519714,0.9999474287033081
0.00012441063881851733,0.5016497373580933,0.9999483823776245
0.00012247273116372526,0.5012094974517822,0.9999488592147827
0.00011943458230234683,0.5004060864448547,0.9999479055404663
0.00011390711006242782,0.49958598613739014,0.9999468326568604
0.0001075796244549565,0.49893084168434143,0.9999476671218872
0.00010482437937753275,0.4982374608516693,0.9999475479125977
0.00010377610306022689,0.49670252203941345,0.9999462366104126
0.00010314962128177285,0.49601027369499207,0.999944806098938
0.00010209286119788885,0.4958516061306,0.9999440908432007
0.00010143474355572835,0.4954826831817627,0.9999427795410156
9.752671758178622e-05,0.49467188119888306,0.9999403953552246
9.453461825614795e-05,0.49576976895332336,0.9999377727508545
9.217741171596572e-05,0.4976400136947632,0.9999339580535889
8.892332698451355e-05,0.49945783615112305,0.9999299049377441
8.61019070725888e-05,0.5020037889480591,0.9999277591705322
8.326704846695065e-05,0.5046831369400024,0.9999247789382935
8.09979101177305e-05,0.5073370933532715,0.9999215602874756
8.003906259546056e-05,0.5108954310417175,0.9999179840087891
8.458231604890898e-05,0.515834629535675,0.9999091625213623
8.983296720543876e-05,0.522808313369751,0.9998992681503296
9.783465065993369e-05,0.5308416485786438,0.9998852014541626
0.00010059450869448483,0.5397161245346069,0.9998759031295776
0.00010313968959962949,0.5497175455093384,0.9998588562011719
0.00010733748058555648,0.5607547760009766,0.9998400211334229
0.00011013534822268412,0.5695779919624329,0.9998210072517395
0.00011307306704111397,0.5747864246368408,0.9998049139976501
0.00011017190263373777,0.5813538432121277,0.9997960925102234
0.0001085010590031743,0.5902743339538574,0.9997761845588684
9.858347766567022e-05,0.6008790731430054,0.9997559189796448
8.503520075464621e-05,0.6088925004005432,0.9997281432151794
7.356867718044668e-05,0.6160921454429626,0.99970942735672
6.457736162701622e-05,0.6225095391273499,0.9996895790100098
5.211114330450073e-05,0.6309070587158203,0.9996693134307861
4.235940286889672e-05,0.641975998878479,0.9996182918548584
3.4122982469853014e-05,0.6529207229614258,0.9995614886283875
2.843014954123646e-05,0.6620966196060181,0.9995163679122925
2.6751315090223216e-05,0.6704760789871216,0.9994377493858337
2.457591654092539e-05,0.6743996739387512,0.9994196891784668
2.1830168407177553e-05,0.6713853478431702,0.999483585357666
2.0837605916312896e-05,0.6688217520713806,0.99953293800354
1.928013989527244e-05,0.6670764684677124,0.9995751976966858
1.8777103832690045e-05,0.6655378341674805,0.999589741230011
2.0703724658233114e-05,0.664107620716095,0.9995872378349304
2.204948032158427e-05,0.6623739004135132,0.9995995163917542
2.489540565875359e-05,0.661257803440094,0.9995885491371155
2.933791074610781e-05,0.6610389947891235,0.9995436072349548
3.260100493207574e-05,0.6612445712089539,0.9995167255401611
3.744866626220755e-05,0.660645604133606,0.9994961023330688
4.23737037635874e-05,0.6592721939086914,0.9994831085205078
4.746438571601175e-05,0.6587111353874207,0.9994623064994812
0.00023183756275102496,0.6571551561355591,0.9986011385917664
0.000986170838586986,0.6504873633384705,0.9966624975204468
0.001709956326521933,0.6439433693885803,0.9954931735992432
0.0022109076380729675,0.6390628218650818,0.994638979434967
0.003261375240981579,0.6323310136795044,0.9929179549217224
0.004038723651319742,0.6244240403175354,0.9921402335166931
0.004140655510127544,0.6168271899223328,0.9925258159637451
0.004147346597164869,0.6104485988616943,0.9927735924720764
0.004284799098968506,0.6036803126335144,0.9928696751594543
0.004381438251584768,0.5966742634773254,0.9931944608688354
0.004356245510280132,0.5897800922393799,0.9937376976013184
0.004334098193794489,0.5829190015792847,0.9942527413368225
0.004270768258720636,0.5759102702140808,0.994763970375061
0.004246493801474571,0.5693500638008118,0.9951932430267334
0.004221735522150993,0.5619426369667053,0.9956467747688293
0.004229976329952478,0.5563258528709412,0.9959065914154053
0.003787403693422675,0.5554803013801575,0.9963198900222778
0.003784051863476634,0.5564297437667847,0.9962694644927979
0.003767389105632901,0.5608181357383728,0.996037483215332
0.0037219864316284657,0.5640403032302856,0.9958070516586304
0.003443032968789339,0.5650945901870728,0.9959679841995239
0.0031754919327795506,0.5655418634414673,0.9962533712387085
0.003178864251822233,0.5676529407501221,0.9961605072021484
0.003180005354806781,0.5708865523338318,0.9959750771522522
0.0031609986908733845,0.5735700130462646,0.9958504438400269
0.003062980016693473,0.5740622878074646,0.9959660768508911
0.001799366669729352,0.5741479396820068,0.9975053668022156
0.0017683112528175116,0.5710160136222839,0.9976736903190613
0.0009888596832752228,0.5705457925796509,0.9985263347625732
0.0009491053642705083,0.5711013674736023,0.9985666871070862
0.0009404437150806189,0.5675463676452637,0.9986592531204224
0.0009031446534208953,0.5603001713752747,0.9988142251968384
0.0008515557856298983,0.5530297160148621,0.9989319443702698
0.000815091363620013,0.547491192817688,0.9990161657333374
0.0007653276552446187,0.5394293665885925,0.9991292357444763
0.0007396367727778852,0.532166063785553,0.9992094039916992
0.0007378366426564753,0.5262822508811951,0.9992496371269226
0.0008618474239483476,0.5216625332832336,0.9991995692253113
0.000861818203702569,0.5181594491004944,0.9992293119430542
0.0008485661819577217,0.5130079388618469,0.9992595314979553
0.0008387123234570026,0.5066046118736267,0.9993095397949219
0.000875805621035397,0.5056243538856506,0.9992876648902893
0.0008866256684996188,0.5044662952423096,0.999292254447937
0.0008790557039901614,0.4993584156036377,0.9993322491645813
0.0008890569442883134,0.49521756172180176,0.999350368976593
0.0009247551788575947,0.49382224678993225,0.9993405938148499
0.0009422895964235067,0.49116218090057373,0.9993419051170349
0.0009424053714610636,0.48626285791397095,0.9993701577186584
0.0009474641992710531,0.48109349608421326,0.9993933439254761
0.0009660089272074401,0.47568532824516296,0.9994219541549683
0.0009944717166945338,0.46794915199279785,0.9994601607322693
0.0010202232515439391,0.45837289094924927,0.9995054006576538
0.001052409177646041,0.4494227170944214,0.9995299577713013
0.000924150925129652,0.4404326379299164,0.9995967745780945
0.0009345110738649964,0.4326950013637543,0.9996154308319092
8.454272028757259e-05,0.4313226640224457,0.9999122619628906
8.498939860146493e-05,0.43079522252082825,0.9999138116836548
8.5507555922959e-05,0.4260215163230896,0.9999175071716309
8.789915591478348e-05,0.41763314604759216,0.9999227523803711
8.99865262908861e-05,0.4091176986694336,0.9999291896820068
8.889127639122307e-05,0.4019445776939392,0.9999351501464844
8.692358824191615e-05,0.39560404419898987,0.9999406337738037
8.696454460732639e-05,0.389419823884964,0.999945878982544
8.311901183333248e-05,0.3834282159805298,0.9999511241912842
8.178553980542347e-05,0.3781985938549042,0.9999539852142334
7.923016528366134e-05,0.37516510486602783,0.999956488609314
7.930794527055696e-05,0.3753794729709625,0.9999576807022095
7.928079867269844e-05,0.3770279586315155,0.9999586343765259
7.779963198117912e-05,0.3808392584323883,0.9999582767486572
7.606373401358724e-05,0.3860221803188324,0.9999568462371826
7.889082917245105e-05,0.39552801847457886,0.9999539852142334
8.261761104222387e-05,0.4090459644794464,0.9999494552612305
8.447316940873861e-05,0.4206923842430115,0.9999452829360962
9.031440276885405e-05,0.4287254214286804,0.9999412298202515
9.612111171009019e-05,0.43650227785110474,0.9999374151229858
0.0001060081267496571,0.44999098777770996,0.9999299049377441
0.00011275178985670209,0.466776579618454,0.9999202489852905
0.00011871833703480661,0.4827105700969696,0.9999065399169922
0.0001223189028678462,0.4925902485847473,0.9998966455459595
0.00012592751591000706,0.49678152799606323,0.9998924732208252
0.00012651739234570414,0.49767744541168213,0.9998931884765625
0.00012299188529141247,0.49811825156211853,0.9998949766159058
0.000121881123050116,0.500208854675293,0.999893307685852
0.00012053752288920805,0.5042682886123657,0.9998891353607178
0.00011902960250154138,0.5097667574882507,0.9998818635940552
0.00011874436313519254,0.5157439708709717,0.9998724460601807
0.00011846072447951883,0.5237317681312561,0.9998583793640137
0.00011717527377186343,0.5321527123451233,0.999843955039978
0.0007548083667643368,0.539117693901062,0.9994891881942749
0.003874091664329171,0.5438709855079651,0.997951328754425
0.00468243146315217,0.5514699816703796,0.9970580339431763
0.004627778194844723,0.5621740818023682,0.996502161026001
0.004763574805110693,0.5732051134109497,0.9956308603286743
0.004761956632137299,0.5852608680725098,0.9945521950721741
0.004345881752669811,0.6010373830795288,0.9934747815132141
0.002534105908125639,0.621700644493103,0.9940804839134216
0.0023283737245947123,0.6369252800941467,0.9926282167434692
0.002310384064912796,0.6511958837509155,0.9906320571899414
0.0022977085318416357,0.6668719053268433,0.9880131483078003
0.002287660725414753,0.6790539026260376,0.985484778881073
0.002264212118461728,0.6886945366859436,0.9833674430847168
0.002234802581369877,0.6962114572525024,0.9818145632743835
0.0021631193812936544,0.7024194002151489,0.9806244969367981
0.0021481753792613745,0.7070462107658386,0.979857861995697
0.002137975301593542,0.7086042165756226,0.979889988899231
0.002110663801431656,0.7094330787658691,0.9800620675086975
0.0020918308291584253,0.7099940776824951,0.9800513982772827
0.002075822791084647,0.7102305293083191,0.9799365997314453
0.0020602645818144083,0.7102508544921875,0.9800372123718262
0.0020948208402842283,0.709923267364502,0.9797415733337402
0.002140738070011139,0.7095035910606384,0.9795992374420166
0.0021966081112623215,0.7084923982620239,0.97917640209198
0.002271830104291439,0.7079951167106628,0.9789745807647705
0.002280957531183958,0.7074469923973083,0.9788233637809753
0.0022699113469570875,0.7071071863174438,0.978766143321991
0.0022807579953223467,0.7073071002960205,0.9788743853569031
0.002280495362356305,0.7065836787223816,0.9788230061531067
0.0022205684799700975,0.7067216634750366,0.9789921641349792
0.0021479036659002304,0.7063303589820862,0.9785792231559753
0.00014125245797913522,0.5076457858085632,0.0002579572319518775
0.00014485589053947479,0.5067899823188782,0.0002195571578340605
0.00014542692224495113,0.5060442090034485,0.00018754546181298792
0.0001494348980486393,0.5049934387207031,0.00015903332678135484
0.0001531017041997984,0.5040491223335266,0.0001356114080408588
0.00015910946240182966,0.5030534863471985,0.00011497907689772546
0.0001649461773922667,0.5014876127243042,9.646793478168547e-05
0.00017575680976733565,0.5007221698760986,8.10614219517447e-05
0.0001970132434507832,0.4995143413543701,6.722706166328862e-05
0.0001970132434507832,0.4995143413543701,6.722706166328862e-05
0.0001970132434507832,0.4995143413543701,6.722706166328862e-05
0.0001970132434507832,0.4995143413543701,6.722706166328862e-05
0.0001970132434507832,0.4995143413543701,6.722706166328862e-05
0.0001970132434507832,0.4995143413543701,6.722706166328862e-05
0.0001970132434507832,0.4995143413543701,6.722706166328862e-05
0.0001970132434507832,0.4995143413543701,6.722706166328862e-05
0.0001970132434507832,0.4995143413543701,6.722706166328862e-05
0.0001970132434507832,0.4995143413543701,6.722706166328862e-05
0.0001970132434507832,0.4995143413543701,6.722706166328862e-05
0.0001970132434507832,0.4995143413543701,6.722706166328862e-05
0.0001970132434507832,0.4995143413543701,6.722706166328862e-05
0.0001970132434507832,0.4995143413543701,6.722706166328862e-05
0.0001970132434507832,0.4995143413543701,6.722706166328862e-05
0.0001970132434507832,0.4995143413543701,6.722706166328862e-05
0.0001970132434507832,0.4995143413543701,6.722706166328862e-05
0.0001970132434507832,0.4995143413543701,6.722706166328862e-05
0.0001970132434507832,0.4995143413543701,6.722706166328862e-05
0.0001970132434507832,0.4995143413543701,6.722706166328862e-05
0.0001970132434507832,0.4995143413543701,6.722706166328862e-05
0.0001970132434507832,0.4995143413543701,6.722706166328862e-05
0.0001970132434507832,0.4995143413543701,6.722706166328862e-05
0.0001970132434507832,0.4995143413543701,6.722706166328862e-05
0.0001970132434507832,0.4995143413543701,6.722706166328862e-05
0.0001970132434507832,0.4995143413543701,6.722706166328862e-05
0.0001970132434507832,0.4995143413543701,6.722706166328862e-05
0.0001970132434507832,0.4995143413543701,6.722706166328862e-05
0.0001970132434507832,0.4995143413543701,6.722706166328862e-05
0.0001970132434507832,0.4995143413543701,6.722706166328862e-05
0.0001970132434507832,0.4995143413543701,6.722706166328862e-05
0.0001970132434507832,0.4995143413543701,6.722706166328862e-05
0.0001970132434507832,0.4995143413543701,6.722706166328862e-05
0.0001970132434507832,0.4995143413543701,6.722706166328862e-05
0.0001970132434507832,0.4995143413543701,6.722706166328862e-05
0.0001970132434507832,0.4995143413543701,6.722706166328862e-05
0.0001970132434507832,0.4995143413543701,6.722706166328862e-05
0.0001970132434507832,0.4995143413543701,6.722706166328862e-05
0.0001970132434507832,0.4995143413543701,6.722706166328862e-05
0.0001970132434507832,0.4995143413543701,6.722706166328862e-05
0.0001970132434507832,0.4995143413543701,6.722706166328862e-05
0.0001970132434507832,0.4995143413543701,6.722706166328862e-05
0.0001970132434507832,0.4995143413543701,6.722706166328862e-05
0.0001970132434507832,0.4995143413543701,6.722706166328862e-05
0.0001970132434507832,0.4995143413543701,6.722706166328862e-05
0.0001970132434507832,0.4995143413543701,6.722706166328862e-05
0.0001970132434507832,0.4995143413543701,6.722706166328862e-05
0.0001970132434507832,0.4995143413543701,6.722706166328862e-05
0.0001970132434507832,0.4995143413543701,6.722706166328862e-05
0.0001970132434507832,0.4995143413543701,6.722706166328862e-05
0.0001970132434507832,0.4995143413543701,6.722706166328862e-05
0.0001970132434507832,0.4995143413543701,6.722706166328862e-05
0.0001970132434507832,0.4995143413543701,6.722706166328862e-05
0.0001970132434507832,0.4995143413543701,6.722706166328862e-05
0.0001970132434507832,0.4995143413543701,6.722706166328862e-05
0.0001970132434507832,0.4995143413543701,6.722706166328862e-05
0.0001970132434507832,0.4995143413543701,6.722706166328862e-05
0.0001970132434507832,0.4995143413543701,6.722706166328862e-05
0.0001970132434507832,0.4995143413543701,6.722706166328862e-05
0.0001970132434507832,0.4995143413543701,6.722706166328862e-05
0.0001970132434507832,0.4995143413543701,6.722706166328862e-05
0.0001970132434507832,0.4995143413543701,6.722706166328862e-05
0.0001970132434507832,0.4995143413543701,6.722706166328862e-05
0.0001970132434507832,0.4995143413543701,6.722706166328862e-05
0.0001970132434507832,0.4995143413543701,6.722706166328862e-05
0.0001970132434507832,0.4995143413543701,6.722706166328862e-05
0.0001970132434507832,0.4995143413543701,6.722706166328862e-05
0.0001970132434507832,0.4995143413543701,6.722706166328862e-05
0.0001970132434507832,0.4995143413543701,6.722706166328862e-05
0.0001970132434507832,0.4995143413543701,6.722706166328862e-05
0.0001970132434507832,0.4995143413543701,6.722706166328862e-05
0.0001970132434507832,0.4995143413543701,6.722706166328862e-05
0.0001970132434507832,0.4995143413543701,6.722706166328862e-05
0.0001970132434507832,0.4995143413543701,6.722706166328862e-05
0.0001970132434507832,0.4995143413543701,6.722706166328862e-05
0.0001970132434507832,0.4995143413543701,6.722706166328862e-05
0.0001970132434507832,0.4995143413543701,6.722706166328862e-05
0.0001970132434507832,0.4995143413543701,6.722706166328862e-05
0.0001970132434507832,0.4995143413543701,6.722706166328862e-05
0.0001970132434507832,0.4995143413543701,6.722706166328862e-05
0.0001970132434507832,0.4995143413543701,6.722706166328862e-05
0.0001970132434507832,0.4995143413543701,6.722706166328862e-05
0.0001970132434507832,0.4995143413543701,6.722706166328862e-05
0.0001970132434507832,0.4995143413543701,6.722706166328862e-05
0.0001970132434507832,0.4995143413543701,6.722706166328862e-05
0.0001970132434507832,0.4995143413543701,6.722706166328862e-05
0.0001970132434507832,0.4995143413543701,6.722706166328862e-05
0.0001970132434507832,0.4995143413543701,6.722706166328862e-05
0.0001970132434507832,0.4995143413543701,6.722706166328862e-05
0.0001970132434507832,0.4995143413543701,6.722706166328862e-05
0.0001970132434507832,0.4995143413543701,6.722706166328862e-05
0.0001970132434507832,0.4995143413543701,6.722706166328862e-05
0.0001970132434507832,0.4995143413543701,6.722706166328862e-05
0.0001970132434507832,0.4995143413543701,6.722706166328862e-05
0.0001970132434507832,0.4995143413543701,6.722706166328862e-05
0.0001970132434507832,0.4995143413543701,6.722706166328862e-05
0.0001970132434507832,0.4995143413543701,6.722706166328862e-05
0.0001970132434507832,0.4995143413543701,6.722706166328862e-05
0.0001970132434507832,0.4995143413543701,6.722706166328862e-05
0.0001970132434507832,0.4995143413543701,6.722706166328862e-05
0.0001970132434507832,0.4995143413543701,6.722706166328862e-05
0.0001970132434507832,0.4995143413543701,6.722706166328862e-05
0.0001970132434507832,0.4995143413543701,6.722706166328862e-05
0.0001970132434507832,0.4995143413543701,6.722706166328862e-05
0.0001970132434507832,0.4995143413543701,6.722706166328862e-05
0.0001970132434507832,0.4995143413543701,6.722706166328862e-05
0.0001970132434507832,0.4995143413543701,6.722706166328862e-05
0.0001970132434507832,0.4995143413543701,6.722706166328862e-05
0.0001970132434507832,0.4995143413543701,6.722706166328862e-05
0.0001970132434507832,0.4995143413543701,6.722706166328862e-05
0.0001970132434507832,0.4995143413543701,6.722706166328862e-05
0.0001970132434507832,0.4995143413543701,6.722706166328862e-05
0.0001970132434507832,0.4995143413543701,6.722706166328862e-05
0.0001970132434507832,0.4995143413543701,6.722706166328862e-05
0.0001970132434507832,0.4995143413543701,6.722706166328862e-05
0.0001970132434507832,0.4995143413543701,6.722706166328862e-05
0.0001970132434507832,0.4995143413543701,6.722706166328862e-05
0.0001970132434507832,0.4995143413543701,6.722706166328862e-05
0.0001970132434507832,0.4995143413543701,6.722706166328862e-05
0.0001970132434507832,0.4995143413543701,6.722706166328862e-05
0.0001970132434507832,0.4995143413543701,6.722706166328862e-05
0.0001970132434507832,0.4995143413543701,6.722706166328862e-05
0.0001970132434507832,0.4995143413543701,6.722706166328862e-05
0.0001970132434507832,0.4995143413543701,6.722706166328862e-05
0.0001970132434507832,0.4995143413543701,6.722706166328862e-05
0.0001970132434507832,0.4995143413543701,6.722706166328862e-05
0.0001970132434507832,0.4995143413543701,6.722706166328862e-05
0.0001970132434507832,0.4995143413543701,6.722706166328862e-05
0.0001970132434507832,0.4995143413543701,6.722706166328862e-05
0.0001970132434507832,0.4995143413543701,6.722706166328862e-05
0.0001970132434507832,0.4995143413543701,6.722706166328862e-05
0.0001970132434507832,0.4995143413543701,6.722706166328862e-05
0.0001970132434507832,0.4995143413543701,6.722706166328862e-05
0.0001970132434507832,0.4995143413543701,6.722706166328862e-05
0.0001970132434507832,0.4995143413543701,6.722706166328862e-05
0.0001970132434507832,0.4995143413543701,6.722706166328862e-05
0.0001970132434507832,0.4995143413543701,6.722706166328862e-05
0.0001970132434507832,0.4995143413543701,6.722706166328862e-05
0.0001970132434507832,0.4995143413543701,6.722706166328862e-05
0.0001970132434507832,0.4995143413543701,6.722706166328862e-05
0.0001970132434507832,0.4995143413543701,6.722706166328862e-05
0.0001970132434507832,0.4995143413543701,6.722706166328862e-05
0.0001970132434507832,0.4995143413543701,6.722706166328862e-05
0.0001970132434507832,0.4995143413543701,6.722706166328862e-05
0.0001970132434507832,0.4995143413543701,6.722706166328862e-05
0.0001970132434507832,0.4995143413543701,6.722706166328862e-05
0.0001970132434507832,0.4995143413543701,6.722706166328862e-05
0.0001970132434507832,0.4995143413543701,6.722706166328862e-05
0.0001970132434507832,0.4995143413543701,6.722706166328862e-05
0.0001970132434507832,0.4995143413543701,6.722706166328862e-05
0.0001970132434507832,0.4995143413543701,6.722706166328862e-05
0.0001970132434507832,0.4995143413543701,6.722706166328862e-05
0.0001970132434507832,0.4995143413543701,6.722706166328862e-05
0.0001970132434507832,0.4995143413543701,6.722706166328862e-05
0.0001970132434507832,0.4995143413543701,6.722706166328862e-05
0.0001970132434507832,0.4995143413543701,6.722706166328862e-05
0.0001970132434507832,0.4995143413543701,6.722706166328862e-05
0.0001970132434507832,0.4995143413543701,6.722706166328862e-05
0.0001970132434507832,0.4995143413543701,6.722706166328862e-05
0.0001970132434507832,0.4995143413543701,6.722706166328862e-05
0.0001970132434507832,0.4995143413543701,6.722706166328862e-05
0.0001970132434507832,0.4995143413543701,6.722706166328862e-05
0.0001970132434507832,0.4995143413543701,6.722706166328862e-05
0.0001970132434507832,0.4995143413543701,6.722706166328862e-05
0.0001970132434507832,0.4995143413543701,6.722706166328862e-05
0.0001970132434507832,0.4995143413543701,6.722706166328862e-05
0.0001970132434507832,0.4995143413543701,6.722706166328862e-05
0.0001970132434507832,0.4995143413543701,6.722706166328862e-05
0.0001970132434507832,0.4995143413543701,6.722706166328862e-05
0.0001970132434507832,0.4995143413543701,6.722706166328862e-05
0.0001970132434507832,0.4995143413543701,6.722706166328862e-05
0.0001970132434507832,0.4995143413543701,6.722706166328862e-05
0.0001970132434507832,0.4995143413543701,6.722706166328862e-05
0.0001970132434507832,0.4995143413543701,6.722706166328862e-05
0.0001970132434507832,0.4995143413543701,6.722706166328862e-05
0.0001970132434507832,0.4995143413543701,6.722706166328862e-05
0.0001970132434507832,0.4995143413543701,6.722706166328862e-05
0.0001970132434507832,0.4995143413543701,6.722706166328862e-05
0.0001970132434507832,0.4995143413543701,6.722706166328862e-05
0.0001970132434507832,0.4995143413543701,6.722706166328862e-05
0.0001970132434507832,0.4995143413543701,6.722706166328862e-05
0.0001970132434507832,0.4995143413543701,6.722706166328862e-05
0.0001970132434507832,0.4995143413543701,6.722706166328862e-05
0.0001970132434507832,0.4995143413543701,6.722706166328862e-05
0.0001970132434507832,0.4995143413543701,6.722706166328862e-05
0.0001970132434507832,0.4995143413543701,6.722706166328862e-05
0.0001970132434507832,0.4995143413543701,6.722706166328862e-05
0.0001970132434507832,0.4995143413543701,6.722706166328862e-05
0.0001970132434507832,0.4995143413543701,6.722706166328862e-05
0.0001970132434507832,0.4995143413543701,6.722706166328862e-05
0.0001970132434507832,0.4995143413543701,6.722706166328862e-05
0.0001970132434507832,0.4995143413543701,6.722706166328862e-05
0.0001970132434507832,0.4995143413543701,6.722706166328862e-05
0.0001970132434507832,0.4995143413543701,6.722706166328862e-05
0.0001970132434507832,0.4995143413543701,6.722706166328862e-05
0.0001970132434507832,0.4995143413543701,6.722706166328862e-05
0.0001970132434507832,0.4995143413543701,6.722706166328862e-05
0.0001970132434507832,0.4995143413543701,6.722706166328862e-05
0.0001970132434507832,0.4995143413543701,6.722706166328862e-05
0.0001970132434507832,0.4995143413543701,6.722706166328862e-05
0.0001970132434507832,0.4995143413543701,6.722706166328862e-05
0.0001970132434507832,0.4995143413543701,6.722706166328862e-05
0.0001970132434507832,0.4995143413543701,6.722706166328862e-05
0.0001970132434507832,0.4995143413543701,6.722706166328862e-05
0.0001970132434507832,0.4995143413543701,6.722706166328862e-05
0.0001970132434507832,0.4995143413543701,6.722706166328862e-05
0.0001970132434507832,0.4995143413543701,6.722706166328862e-05
0.0001970132434507832,0.4995143413543701,6.722706166328862e-05
0.0001970132434507832,0.4995143413543701,6.722706166328862e-05
0.0001970132434507832,0.4995143413543701,6.722706166328862e-05
0.0001970132434507832,0.4995143413543701,6.722706166328862e-05
0.0001970132434507832,0.4995143413543701,6.722706166328862e-05
0.0001970132434507832,0.4995143413543701,6.722706166328862e-05
0.0001970132434507832,0.4995143413543701,6.722706166328862e-05
0.0001970132434507832,0.4995143413543701,6.722706166328862e-05
0.0001970132434507832,0.4995143413543701,6.722706166328862e-05
0.0001970132434507832,0.4995143413543701,6.722706166328862e-05
0.0001970132434507832,0.4995143413543701,6.722706166328862e-05
0.0001970132434507832,0.4995143413543701,6.722706166328862e-05
0.0001970132434507832,0.4995143413543701,6.722706166328862e-05
0.0001970132434507832,0.4995143413543701,6.722706166328862e-05
0.0001970132434507832,0.4995143413543701,6.722706166328862e-05
0.0001970132434507832,0.4995143413543701,6.722706166328862e-05
0.0001970132434507832,0.4995143413543701,6.722706166328862e-05
0.0001970132434507832,0.4995143413543701,6.722706166328862e-05
0.0001970132434507832,0.4995143413543701,6.722706166328862e-05
0.0001970132434507832,0.4995143413543701,6.722706166328862e-05
0.0001970132434507832,0.4995143413543701,6.722706166328862e-05
0.0001970132434507832,0.4995143413543701,6.722706166328862e-05
0.0001970132434507832,0.4995143413543701,6.722706166328862e-05
0.0001970132434507832,0.4995143413543701,6.722706166328862e-05
0.0001970132434507832,0.4995143413543701,6.722706166328862e-05
0.0001970132434507832,0.4995143413543701,6.722706166328862e-05
0.0001970132434507832,0.4995143413543701,6.722706166328862e-05
0.0001970132434507832,0.4995143413543701,6.722706166328862e-05
0.0001970132434507832,0.4995143413543701,6.722706166328862e-05
0.0001970132434507832,0.4995143413543701,6.722706166328862e-05
0.0001970132434507832,0.4995143413543701,6.722706166328862e-05
0.0001970132434507832,0.4995143413543701,6.722706166328862e-05
0.0001970132434507832,0.4995143413543701,6.722706166328862e-05
0.0001970132434507832,0.4995143413543701,6.722706166328862e-05
0.0001970132434507832,0.4995143413543701,6.722706166328862e-05
0.0001970132434507832,0.4995143413543701,6.722706166328862e-05
0.0001970132434507832,0.4995143413543701,6.722706166328862e-05
0.0001970132434507832,0.4995143413543701,6.722706166328862e-05
0.0001970132434507832,0.4995143413543701,6.722706166328862e-05
0.0001970132434507832,0.4995143413543701,6.722706166328862e-05
0.0001970132434507832,0.4995143413543701,6.722706166328862e-05
0.0001970132434507832,0.4995143413543701,6.722706166328862e-05
0.0001970132434507832,0.4995143413543701,6.722706166328862e-05
0.0001970132434507832,0.4995143413543701,6.722706166328862e-05
0.0001970132434507832,0.4995143413543701,6.722706166328862e-05
0.0001970132434507832,0.4995143413543701,6.722706166328862e-05
0.0001970132434507832,0.4995143413543701,6.722706166328862e-05
0.0001970132434507832,0.4995143413543701,6.722706166328862e-05
0.0001970132434507832,0.4995143413543701,6.722706166328862e-05
0.0001970132434507832,0.4995143413543701,6.722706166328862e-05
0.0001970132434507832,0.4995143413543701,6.722706166328862e-05
0.0001970132434507832,0.4995143413543701,6.722706166328862e-05
0.0001970132434507832,0.4995143413543701,6.722706166328862e-05
0.0001970132434507832,0.4995143413543701,6.722706166328862e-05
0.0001970132434507832,0.4995143413543701,6.722706166328862e-05
0.0001970132434507832,0.4995143413543701,6.722706166328862e-05
0.0001970132434507832,0.4995143413543701,6.722706166328862e-05
0.0001970132434507832,0.4995143413543701,6.722706166328862e-05
0.0001970132434507832,0.4995143413543701,6.722706166328862e-05
0.0001970132434507832,0.4995143413543701,6.722706166328862e-05
0.0001970132434507832,0.4995143413543701,6.722706166328862e-05
0.0001970132434507832,0.4995143413543701,6.722706166328862e-05
0.0001970132434507832,0.4995143413543701,6.722706166328862e-05
0.0001970132434507832,0.4995143413543701,6.722706166328862e-05
0.0001970132434507832,0.4995143413543701,6.722706166328862e-05
0.0001970132434507832,0.4995143413543701,6.722706166328862e-05
0.0001970132434507832,0.4995143413543701,6.722706166328862e-05
0.0001970132434507832,0.4995143413543701,6.722706166328862e-05
0.0001970132434507832,0.4995143413543701,6.722706166328862e-05
0.0001970132434507832,0.4995143413543701,6.722706166328862e-05
0.0001970132434507832,0.4995143413543701,6.722706166328862e-05
0.0001970132434507832,0.4995143413543701,6.722706166328862e-05
0.0001970132434507832,0.4995143413543701,6.722706166328862e-05
0.0001970132434507832,0.4995143413543701,6.722706166328862e-05
0.0001970132434507832,0.4995143413543701,6.722706166328862e-05
0.0001970132434507832,0.4995143413543701,6.722706166328862e-05
0.0001970132434507832,0.4995143413543701,6.722706166328862e-05
0.0001970132434507832,0.4995143413543701,6.722706166328862e-05
0.0001970132434507832,0.4995143413543701,6.722706166328862e-05
0.0001970132434507832,0.4995143413543701,6.722706166328862e-05
0.0001970132434507832,0.4995143413543701,6.722706166328862e-05
0.0001970132434507832,0.4995143413543701,6.722706166328862e-05
0.0001970132434507832,0.4995143413543701,6.722706166328862e-05
0.0001970132434507832,0.4995143413543701,6.722706166328862e-05
0.0001970132434507832,0.4995143413543701,6.722706166328862e-05
0.0001970132434507832,0.4995143413543701,6.722706166328862e-05
0.0001970132434507832,0.4995143413543701,6.722706166328862e-05
0.0001970132434507832,0.4995143413543701,6.722706166328862e-05
0.0001970132434507832,0.4995143413543701,6.722706166328862e-05
0.0001970132434507832,0.4995143413543701,6.722706166328862e-05
0.0001970132434507832,0.4995143413543701,6.722706166328862e-05
0.0001970132434507832,0.4995143413543701,6.722706166328862e-05
0.0001970132434507832,0.4995143413543701,6.722706166328862e-05
0.0001970132434507832,0.4995143413543701,6.722706166328862e-05
0.0001970132434507832,0.4995143413543701,6.722706166328862e-05
0.0001970132434507832,0.4995143413543701,6.722706166328862e-05
0.0001970132434507832,0.4995143413543701,6.722706166328862e-05
0.0001970132434507832,0.4995143413543701,6.722706166328862e-05
0.0001970132434507832,0.4995143413543701,6.722706166328862e-05
0.0001970132434507832,0.4995143413543701,6.722706166328862e-05
0.0001970132434507832,0.4995143413543701,6.722706166328862e-05
0.0001970132434507832,0.4995143413543701,6.722706166328862e-05
0.0001970132434507832,0.4995143413543701,6.722706166328862e-05
0.0001970132434507832,0.4995143413543701,6.722706166328862e-05
0.0001970132434507832,0.4995143413543701,6.722706166328862e-05
0.0001970132434507832,0.4995143413543701,6.722706166328862e-05
0.0001970132434507832,0.4995143413543701,6.722706166328862e-05
0.0001970132434507832,0.4995143413543701,6.722706166328862e-05
0.0001970132434507832,0.4995143413543701,6.722706166328862e-05
0.0001970132434507832,0.4995143413543701,6.722706166328862e-05
0.0001970132434507832,0.4995143413543701,6.722706166328862e-05
0.0001970132434507832,0.4995143413543701,6.722706166328862e-05
0.0001970132434507832,0.4995143413543701,6.722706166328862e-05
0.0001970132434507832,0.4995143413543701,6.722706166328862e-05
0.0001970132434507832,0.4995143413543701,6.722706166328862e-05
0.0001970132434507832,0.4995143413543701,6.722706166328862e-05
0.0001970132434507832,0.4995143413543701,6.722706166328862e-05
0.0001970132434507832,0.4995143413543701,6.722706166328862e-05
0.0001970132434507832,0.4995143413543701,6.722706166328862e-05
0.0001970132434507832,0.4995143413543701,6.722706166328862e-05
0.0001970132434507832,0.4995143413543701,6.722706166328862e-05
0.0001970132434507832,0.4995143413543701,6.722706166328862e-05
0.0001970132434507832,0.4995143413543701,6.722706166328862e-05
0.0001970132434507832,0.4995143413543701,6.722706166328862e-05
0.0001970132434507832,0.4995143413543701,6.722706166328862e-05
0.0001970132434507832,0.4995143413543701,6.722706166328862e-05
0.0001970132434507832,0.4995143413543701,6.722706166328862e-05
0.0001970132434507832,0.4995143413543701,6.722706166328862e-05
0.0001970132434507832,0.4995143413543701,6.722706166328862e-05
0.0001970132434507832,0.4995143413543701,6.722706166328862e-05
0.0001970132434507832,0.4995143413543701,6.722706166328862e-05
0.0001970132434507832,0.4995143413543701,6.722706166328862e-05
0.0001970132434507832,0.4995143413543701,6.722706166328862e-05
0.0001970132434507832,0.4995143413543701,6.722706166328862e-05
0.0001970132434507832,0.4995143413543701,6.722706166328862e-05
0.0001970132434507832,0.4995143413543701,6.722706166328862e-05
0.0001970132434507832,0.4995143413543701,6.722706166328862e-05
0.0001970132434507832,0.4995143413543701,6.722706166328862e-05
0.0001970132434507832,0.4995143413543701,6.722706166328862e-05
0.0001970132434507832,0.4995143413543701,6.722706166328862e-05
0.0001970132434507832,0.4995143413543701,6.722706166328862e-05
0.0001970132434507832,0.4995143413543701,6.722706166328862e-05
0.0001970132434507832,0.4995143413543701,6.722706166328862e-05
0.0001970132434507832,0.4995143413543701,6.722706166328862e-05
0.0001970132434507832,0.4995143413543701,6.722706166328862e-05
0.0001970132434507832,0.4995143413543701,6.722706166328862e-05
0.0001970132434507832,0.4995143413543701,6.722706166328862e-05
0.0001970132434507832,0.4995143413543701,6.722706166328862e-05
0.0001970132434507832,0.4995143413543701,6.722706166328862e-05
0.0001970132434507832,0.4995143413543701,6.722706166328862e-05
0.0001970132434507832,0.4995143413543701,6.722706166328862e-05
0.0001970132434507832,0.4995143413543701,6.722706166328862e-05
0.0001970132434507832,0.4995143413543701,6.722706166328862e-05
0.0001970132434507832,0.4995143413543701,6.722706166328862e-05
0.0001970132434507832,0.4995143413543701,6.722706166328862e-05
0.0001970132434507832,0.4995143413543701,6.722706166328862e-05
0.0001970132434507832,0.4995143413543701,6.722706166328862e-05
0.0001970132434507832,0.4995143413543701,6.722706166328862e-05
0.0001970132434507832,0.4995143413543701,6.722706166328862e-05
0.0001970132434507832,0.4995143413543701,6.722706166328862e-05
0.0001970132434507832,0.4995143413543701,6.722706166328862e-05
0.0001970132434507832,0.4995143413543701,6.722706166328862e-05
0.0001970132434507832,0.4995143413543701,6.722706166328862e-05
0.0001970132434507832,0.4995143413543701,6.722706166328862e-05
0.0001970132434507832,0.4995143413543701,6.722706166328862e-05
0.0001970132434507832,0.4995143413543701,6.722706166328862e-05
0.0001970132434507832,0.4995143413543701,6.722706166328862e-05
0.0001970132434507832,0.4995143413543701,6.722706166328862e-05
0.0001970132434507832,0.4995143413543701,6.722706166328862e-05
0.0001970132434507832,0.4995143413543701,6.722706166328862e-05
0.0001970132434507832,0.4995143413543701,6.722706166328862e-05
0.0001970132434507832,0.4995143413543701,6.722706166328862e-05
0.0001970132434507832,0.4995143413543701,6.722706166328862e-05
0.0001970132434507832,0.4995143413543701,6.722706166328862e-05
0.0001970132434507832,0.4995143413543701,6.722706166328862e-05
0.0001970132434507832,0.4995143413543701,6.722706166328862e-05
0.0001970132434507832,0.4995143413543701,6.722706166328862e-05
0.0001970132434507832,0.4995143413543701,6.722706166328862e-05
0.0001970132434507832,0.4995143413543701,6.722706166328862e-05
0.0001970132434507832,0.4995143413543701,6.722706166328862e-05
0.0001970132434507832,0.4995143413543701,6.722706166328862e-05
0.0001970132434507832,0.4995143413543701,6.722706166328862e-05
0.0001970132434507832,0.4995143413543701,6.722706166328862e-05
0.0001970132434507832,0.4995143413543701,6.722706166328862e-05
0.0001970132434507832,0.4995143413543701,6.722706166328862e-05
0.0001970132434507832,0.4995143413543701,6.722706166328862e-05
0.0001970132434507832,0.4995143413543701,6.722706166328862e-05
0.0001970132434507832,0.4995143413543701,6.722706166328862e-05
0.0001970132434507832,0.4995143413543701,6.722706166328862e-05
0.0001970132434507832,0.4995143413543701,6.722706166328862e-05
0.0001970132434507832,0.4995143413543701,6.722706166328862e-05
0.0001970132434507832,0.4995143413543701,6.722706166328862e-05
0.0001970132434507832,0.4995143413543701,6.722706166328862e-05
0.0001970132434507832,0.4995143413543701,6.722706166328862e-05
0.0001970132434507832,0.4995143413543701,6.722706166328862e-05
0.0001970132434507832,0.4995143413543701,6.722706166328862e-05
0.0001970132434507832,0.4995143413543701,6.722706166328862e-05
0.0001970132434507832,0.4995143413543701,6.722706166328862e-05
0.0001970132434507832,0.4995143413543701,6.722706166328862e-05
0.0001970132434507832,0.4995143413543701,6.722706166328862e-05
0.0001970132434507832,0.4995143413543701,6.722706166328862e-05
0.0001970132434507832,0.4995143413543701,6.722706166328862e-05
0.0001970132434507832,0.4995143413543701,6.722706166328862e-05
0.0001970132434507832,0.4995143413543701,6.722706166328862e-05
0.0001970132434507832,0.4995143413543701,6.722706166328862e-05
0.0001970132434507832,0.4995143413543701,6.722706166328862e-05
0.0001970132434507832,0.4995143413543701,6.722706166328862e-05
0.0001970132434507832,0.4995143413543701,6.722706166328862e-05
0.0001970132434507832,0.4995143413543701,6.722706166328862e-05
0.0001970132434507832,0.4995143413543701,6.722706166328862e-05
0.0001970132434507832,0.4995143413543701,6.722706166328862e-05
0.0001970132434507832,0.4995143413543701,6.722706166328862e-05
0.0001970132434507832,0.4995143413543701,6.722706166328862e-05
0.0001970132434507832,0.4995143413543701,6.722706166328862e-05
0.0001970132434507832,0.4995143413543701,6.722706166328862e-05
0.0001970132434507832,0.4995143413543701,6.722706166328862e-05
0.0001970132434507832,0.4995143413543701,6.722706166328862e-05
0.0001970132434507832,0.4995143413543701,6.722706166328862e-05
0.0001970132434507832,0.4995143413543701,6.722706166328862e-05
0.0001970132434507832,0.4995143413543701,6.722706166328862e-05
0.0001970132434507832,0.4995143413543701,6.722706166328862e-05
0.0001970132434507832,0.4995143413543701,6.722706166328862e-05
0.0001970132434507832,0.4995143413543701,6.722706166328862e-05
0.0001970132434507832,0.4995143413543701,6.722706166328862e-05
0.0001970132434507832,0.4995143413543701,6.722706166328862e-05
0.0001970132434507832,0.4995143413543701,6.722706166328862e-05
0.0001970132434507832,0.4995143413543701,6.722706166328862e-05
0.0001970132434507832,0.4995143413543701,6.722706166328862e-05
0.0001970132434507832,0.4995143413543701,6.722706166328862e-05
0.0001970132434507832,0.4995143413543701,6.722706166328862e-05
0.0001970132434507832,0.4995143413543701,6.722706166328862e-05
0.0001970132434507832,0.4995143413543701,6.722706166328862e-05
0.0001970132434507832,0.4995143413543701,6.722706166328862e-05
0.0001970132434507832,0.4995143413543701,6.722706166328862e-05
0.0001970132434507832,0.4995143413543701,6.722706166328862e-05
0.0001970132434507832,0.4995143413543701,6.722706166328862e-05
0.0001970132434507832,0.4995143413543701,6.722706166328862e-05
0.0001970132434507832,0.4995143413543701,6.722706166328862e-05
0.0001970132434507832,0.4995143413543701,6.722706166328862e-05
0.0001970132434507832,0.4995143413543701,6.722706166328862e-05
0.0001970132434507832,0.4995143413543701,6.722706166328862e-05
0.0001970132434507832,0.4995143413543701,6.722706166328862e-05
0.0001970132434507832,0.4995143413543701,6.722706166328862e-05
0.0001970132434507832,0.4995143413543701,6.722706166328862e-05
0.0001970132434507832,0.4995143413543701,6.722706166328862e-05
0.0001970132434507832,0.4995143413543701,6.722706166328862e-05
0.0001970132434507832,0.4995143413543701,6.722706166328862e-05
0.0001970132434507832,0.4995143413543701,6.722706166328862e-05
0.0001970132434507832,0.4995143413543701,6.722706166328862e-05
0.0001970132434507832,0.4995143413543701,6.722706166328862e-05
0.0001970132434507832,0.4995143413543701,6.722706166328862e-05
0.0001970132434507832,0.4995143413543701,6.722706166328862e-05
0.0001970132434507832,0.4995143413543701,6.722706166328862e-05
0.0001970132434507832,0.4995143413543701,6.722706166328862e-05
0.0001970132434507832,0.4995143413543701,6.722706166328862e-05
0.0001970132434507832,0.4995143413543701,6.722706166328862e-05
0.0001970132434507832,0.4995143413543701,6.722706166328862e-05
0.0001970132434507832,0.4995143413543701,6.722706166328862e-05
0.0001970132434507832,0.4995143413543701,6.722706166328862e-05
0.0001970132434507832,0.4995143413543701,6.722706166328862e-05
0.0001970132434507832,0.4995143413543701,6.722706166328862e-05
0.0001970132434507832,0.4995143413543701,6.722706166328862e-05
0.0001970132434507832,0.4995143413543701,6.722706166328862e-05
0.0001970132434507832,0.4995143413543701,6.722706166328862e-05
0.0001970132434507832,0.4995143413543701,6.722706166328862e-05
0.0001970132434507832,0.4995143413543701,6.722706166328862e-05
0.0001970132434507832,0.4995143413543701,6.722706166328862e-05
0.0001970132434507832,0.4995143413543701,6.722706166328862e-05
0.0001970132434507832,0.4995143413543701,6.722706166328862e-05
0.0001970132434507832,0.4995143413543701,6.722706166328862e-05
0.0001970132434507832,0.4995143413543701,6.722706166328862e-05
0.0001970132434507832,0.4995143413543701,6.722706166328862e-05
0.0001970132434507832,0.4995143413543701,6.722706166328862e-05
0.0001970132434507832,0.4995143413543701,6.722706166328862e-05
0.0001970132434507832,0.4995143413543701,6.722706166328862e-05
0.0001970132434507832,0.4995143413543701,6.722706166328862e-05
0.0001970132434507832,0.4995143413543701,6.722706166328862e-05
0.0001970132434507832,0.4995143413543701,6.722706166328862e-05
0.0001970132434507832,0.4995143413543701,6.722706166328862e-05
0.0001970132434507832,0.4995143413543701,6.722706166328862e-05
0.0001970132434507832,0.4995143413543701,6.722706166328862e-05
0.0001970132434507832,0.4995143413543701,6.722706166328862e-05
0.0001970132434507832,0.4995143413543701,6.722706166328862e-05
0.0001970132434507832,0.4995143413543701,6.722706166328862e-05
0.0001970132434507832,0.4995143413543701,6.722706166328862e-05
0.0001970132434507832,0.4995143413543701,6.722706166328862e-05
0.0001970132434507832,0.4995143413543701,6.722706166328862e-05
0.0001970132434507832,0.4995143413543701,6.722706166328862e-05
0.0001970132434507832,0.4995143413543701,6.722706166328862e-05
0.0001970132434507832,0.4995143413543701,6.722706166328862e-05
0.0001970132434507832,0.4995143413543701,6.722706166328862e-05
0.0001970132434507832,0.4995143413543701,6.722706166328862e-05
0.0001970132434507832,0.4995143413543701,6.722706166328862e-05
0.0001970132434507832,0.4995143413543701,6.722706166328862e-05
0.0001970132434507832,0.4995143413543701,6.722706166328862e-05
0.0001970132434507832,0.4995143413543701,6.722706166328862e-05
0.0001970132434507832,0.4995143413543701,6.722706166328862e-05
0.0001970132434507832,0.4995143413543701,6.722706166328862e-05
0.0001970132434507832,0.4995143413543701,6.722706166328862e-05
0.0001970132434507832,0.4995143413543701,6.722706166328862e-05
0.0001970132434507832,0.4995143413543701,6.722706166328862e-05
0.0001970132434507832,0.4995143413543701,6.722706166328862e-05
0.0001970132434507832,0.4995143413543701,6.722706166328862e-05
0.0001970132434507832,0.4995143413543701,6.722706166328862e-05
0.0001970132434507832,0.4995143413543701,6.722706166328862e-05
0.0001970132434507832,0.4995143413543701,6.722706166328862e-05
0.0001970132434507832,0.4995143413543701,6.722706166328862e-05
0.0001970132434507832,0.4995143413543701,6.722706166328862e-05
0.0001970132434507832,0.4995143413543701,6.722706166328862e-05
0.0001970132434507832,0.4995143413543701,6.722706166328862e-05
0.0001970132434507832,0.4995143413543701,6.722706166328862e-05
0.0001970132434507832,0.4995143413543701,6.722706166328862e-05
0.0001970132434507832,0.4995143413543701,6.722706166328862e-05
0.0001970132434507832,0.4995143413543701,6.722706166328862e-05
0.0001970132434507832,0.4995143413543701,6.722706166328862e-05
0.0001970132434507832,0.4995143413543701,6.722706166328862e-05
0.0001970132434507832,0.4995143413543701,6.722706166328862e-05
0.0001970132434507832,0.4995143413543701,6.722706166328862e-05
0.0001970132434507832,0.4995143413543701,6.722706166328862e-05
0.0001970132434507832,0.4995143413543701,6.722706166328862e-05
0.0001970132434507832,0.4995143413543701,6.722706166328862e-05
0.0001970132434507832,0.4995143413543701,6.722706166328862e-05
0.0001970132434507832,0.4995143413543701,6.722706166328862e-05
0.0001970132434507832,0.4995143413543701,6.722706166328862e-05
0.0001970132434507832,0.4995143413543701,6.722706166328862e-05
0.0001970132434507832,0.4995143413543701,6.722706166328862e-05
0.0001970132434507832,0.4995143413543701,6.722706166328862e-05
0.0001970132434507832,0.4995143413543701,6.722706166328862e-05
0.0001970132434507832,0.4995143413543701,6.722706166328862e-05
0.0001970132434507832,0.4995143413543701,6.722706166328862e-05
0.0001970132434507832,0.4995143413543701,6.722706166328862e-05
0.0001970132434507832,0.4995143413543701,6.722706166328862e-05
0.0001970132434507832,0.4995143413543701,6.722706166328862e-05
0.0001970132434507832,0.4995143413543701,6.722706166328862e-05
0.0001970132434507832,0.4995143413543701,6.722706166328862e-05
0.0001970132434507832,0.4995143413543701,6.722706166328862e-05
0.0001970132434507832,0.4995143413543701,6.722706166328862e-05
0.0001970132434507832,0.4995143413543701,6.722706166328862e-05
0.0001970132434507832,0.4995143413543701,6.722706166328862e-05
0.0001970132434507832,0.4995143413543701,6.722706166328862e-05
0.0001970132434507832,0.4995143413543701,6.722706166328862e-05
0.0001970132434507832,0.4995143413543701,6.722706166328862e-05
0.0001970132434507832,0.4995143413543701,6.722706166328862e-05
0.0001970132434507832,0.4995143413543701,6.722706166328862e-05
0.0001970132434507832,0.4995143413543701,6.722706166328862e-05
0.0001970132434507832,0.4995143413543701,6.722706166328862e-05
0.0001970132434507832,0.4995143413543701,6.722706166328862e-05
0.0001970132434507832,0.4995143413543701,6.722706166328862e-05
0.0001970132434507832,0.4995143413543701,6.722706166328862e-05
0.0001970132434507832,0.4995143413543701,6.722706166328862e-05
0.0001970132434507832,0.4995143413543701,6.722706166328862e-05
0.0001970132434507832,0.4995143413543701,6.722706166328862e-05
0.0001970132434507832,0.4995143413543701,6.722706166328862e-05
0.0001970132434507832,0.4995143413543701,6.722706166328862e-05
0.0001970132434507832,0.4995143413543701,6.722706166328862e-05
0.0001970132434507832,0.4995143413543701,6.722706166328862e-05
0.0001970132434507832,0.4995143413543701,6.722706166328862e-05
0.0001970132434507832,0.4995143413543701,6.722706166328862e-05
0.0001970132434507832,0.4995143413543701,6.722706166328862e-05
0.0001970132434507832,0.4995143413543701,6.722706166328862e-05
0.0001970132434507832,0.4995143413543701,6.722706166328862e-05
0.0001970132434507832,0.4995143413543701,6.722706166328862e-05
0.0001970132434507832,0.4995143413543701,6.722706166328862e-05
0.0001970132434507832,0.4995143413543701,6.722706166328862e-05
0.0001970132434507832,0.4995143413543701,6.722706166328862e-05
0.0001970132434507832,0.4995143413543701,6.722706166328862e-05
0.0001970132434507832,0.4995143413543701,6.722706166328862e-05
0.0001970132434507832,0.4995143413543701,6.722706166328862e-05
0.0001970132434507832,0.4995143413543701,6.722706166328862e-05
0.0001970132434507832,0.4995143413543701,6.722706166328862e-05
0.0001970132434507832,0.4995143413543701,6.722706166328862e-05
0.0001970132434507832,0.4995143413543701,6.722706166328862e-05
0.0001970132434507832,0.4995143413543701,6.722706166328862e-05
0.0001970132434507832,0.4995143413543701,6.722706166328862e-05
0.0001970132434507832,0.4995143413543701,6.722706166328862e-05
0.0001970132434507832,0.4995143413543701,6.722706166328862e-05
0.0001970132434507832,0.4995143413543701,6.722706166328862e-05
0.0001970132434507832,0.4995143413543701,6.722706166328862e-05
0.0001970132434507832,0.4995143413543701,6.722706166328862e-05
0.0001970132434507832,0.4995143413543701,6.722706166328862e-05
0.0001970132434507832,0.4995143413543701,6.722706166328862e-05
0.0001970132434507832,0.4995143413543701,6.722706166328862e-05
0.0001970132434507832,0.4995143413543701,6.722706166328862e-05
0.0001970132434507832,0.4995143413543701,6.722706166328862e-05
0.0001970132434507832,0.4995143413543701,6.722706166328862e-05
0.0001970132434507832,0.4995143413543701,6.722706166328862e-05
0.0001970132434507832,0.4995143413543701,6.722706166328862e-05
0.0001970132434507832,0.4995143413543701,6.722706166328862e-05
0.0001970132434507832,0.4995143413543701,6.722706166328862e-05
0.0001970132434507832,0.4995143413543701,6.722706166328862e-05
0.0001970132434507832,0.4995143413543701,6.722706166328862e-05
0.0001970132434507832,0.4995143413543701,6.722706166328862e-05
0.0001970132434507832,0.4995143413543701,6.722706166328862e-05
0.0001970132434507832,0.4995143413543701,6.722706166328862e-05
0.0001970132434507832,0.4995143413543701,6.722706166328862e-05
0.0001970132434507832,0.4995143413543701,6.722706166328862e-05
0.0001970132434507832,0.4995143413543701,6.722706166328862e-05
0.0001970132434507832,0.4995143413543701,6.722706166328862e-05
0.0001970132434507832,0.4995143413543701,6.722706166328862e-05
0.0001970132434507832,0.4995143413543701,6.722706166328862e-05
0.0001970132434507832,0.4995143413543701,6.722706166328862e-05
0.0001970132434507832,0.4995143413543701,6.722706166328862e-05
0.0001970132434507832,0.4995143413543701,6.722706166328862e-05
0.0001970132434507832,0.4995143413543701,6.722706166328862e-05
0.0001970132434507832,0.4995143413543701,6.722706166328862e-05
0.0001970132434507832,0.4995143413543701,6.722706166328862e-05
0.0001970132434507832,0.4995143413543701,6.722706166328862e-05
0.0001970132434507832,0.4995143413543701,6.722706166328862e-05
0.0001970132434507832,0.4995143413543701,6.722706166328862e-05
0.0001970132434507832,0.4995143413543701,6.722706166328862e-05
0.0001970132434507832,0.4995143413543701,6.722706166328862e-05
0.0001970132434507832,0.4995143413543701,6.722706166328862e-05
0.0001970132434507832,0.4995143413543701,6.722706166328862e-05
0.0001970132434507832,0.4995143413543701,6.722706166328862e-05
0.0001970132434507832,0.4995143413543701,6.722706166328862e-05
0.0001970132434507832,0.4995143413543701,6.722706166328862e-05
0.0001970132434507832,0.4995143413543701,6.722706166328862e-05
0.0001970132434507832,0.4995143413543701,6.722706166328862e-05
0.0001970132434507832,0.4995143413543701,6.722706166328862e-05
0.0001970132434507832,0.4995143413543701,6.722706166328862e-05
0.0001970132434507832,0.4995143413543701,6.722706166328862e-05
0.0001970132434507832,0.4995143413543701,6.722706166328862e-05
0.0001970132434507832,0.4995143413543701,6.722706166328862e-05
0.0001970132434507832,0.4995143413543701,6.722706166328862e-05
0.0001970132434507832,0.4995143413543701,6.722706166328862e-05
0.0001970132434507832,0.4995143413543701,6.722706166328862e-05
0.0001970132434507832,0.4995143413543701,6.722706166328862e-05
0.0001970132434507832,0.4995143413543701,6.722706166328862e-05
0.0001970132434507832,0.4995143413543701,6.722706166328862e-05
0.0001970132434507832,0.4995143413543701,6.722706166328862e-05
0.0001970132434507832,0.4995143413543701,6.722706166328862e-05
0.0001970132434507832,0.4995143413543701,6.722706166328862e-05
0.0001970132434507832,0.4995143413543701,6.722706166328862e-05
0.0001970132434507832,0.4995143413543701,6.722706166328862e-05
0.0001970132434507832,0.4995143413543701,6.722706166328862e-05
0.0001970132434507832,0.4995143413543701,6.722706166328862e-05
0.0001970132434507832,0.4995143413543701,6.722706166328862e-05
0.0001970132434507832,0.4995143413543701,6.722706166328862e-05
0.0001970132434507832,0.4995143413543701,6.722706166328862e-05
0.0001970132434507832,0.4995143413543701,6.722706166328862e-05
0.0001970132434507832,0.4995143413543701,6.722706166328862e-05
0.0001970132434507832,0.4995143413543701,6.722706166328862e-05
0.0001970132434507832,0.4995143413543701,6.722706166328862e-05
0.0001970132434507832,0.4995143413543701,6.722706166328862e-05
0.0001970132434507832,0.4995143413543701,6.722706166328862e-05
0.0001970132434507832,0.4995143413543701,6.722706166328862e-05
0.0001970132434507832,0.4995143413543701,6.722706166328862e-05
0.0001970132434507832,0.4995143413543701,6.722706166328862e-05
0.0001970132434507832,0.4995143413543701,6.722706166328862e-05
0.0001970132434507832,0.4995143413543701,6.722706166328862e-05
0.0001970132434507832,0.4995143413543701,6.722706166328862e-05
0.0001970132434507832,0.4995143413543701,6.722706166328862e-05
0.0001970132434507832,0.4995143413543701,6.722706166328862e-05
0.0001970132434507832,0.4995143413543701,6.722706166328862e-05
0.0001970132434507832,0.4995143413543701,6.722706166328862e-05
0.0001970132434507832,0.4995143413543701,6.722706166328862e-05
0.0001970132434507832,0.4995143413543701,6.722706166328862e-05
0.0001970132434507832,0.4995143413543701,6.722706166328862e-05
0.0001970132434507832,0.4995143413543701,6.722706166328862e-05
0.0001970132434507832,0.4995143413543701,6.722706166328862e-05
0.0001970132434507832,0.4995143413543701,6.722706166328862e-05
0.0001970132434507832,0.4995143413543701,6.722706166328862e-05
0.0001970132434507832,0.4995143413543701,6.722706166328862e-05
0.0001970132434507832,0.4995143413543701,6.722706166328862e-05
0.0001970132434507832,0.4995143413543701,6.722706166328862e-05
0.0001970132434507832,0.4995143413543701,6.722706166328862e-05
0.0001970132434507832,0.4995143413543701,6.722706166328862e-05
0.0001970132434507832,0.4995143413543701,6.722706166328862e-05
0.0001970132434507832,0.4995143413543701,6.722706166328862e-05
0.0001970132434507832,0.4995143413543701,6.722706166328862e-05
0.0001970132434507832,0.4995143413543701,6.722706166328862e-05
0.0001970132434507832,0.4995143413543701,6.722706166328862e-05
0.0001970132434507832,0.4995143413543701,6.722706166328862e-05
0.0001970132434507832,0.4995143413543701,6.722706166328862e-05
0.0001970132434507832,0.4995143413543701,6.722706166328862e-05
0.0001970132434507832,0.4995143413543701,6.722706166328862e-05
0.0001970132434507832,0.4995143413543701,6.722706166328862e-05
0.0001970132434507832,0.4995143413543701,6.722706166328862e-05
0.0001970132434507832,0.4995143413543701,6.722706166328862e-05
0.0001970132434507832,0.4995143413543701,6.722706166328862e-05
0.0001970132434507832,0.4995143413543701,6.722706166328862e-05
0.0001970132434507832,0.4995143413543701,6.722706166328862e-05
0.0001970132434507832,0.4995143413543701,6.722706166328862e-05
0.0001970132434507832,0.4995143413543701,6.722706166328862e-05
0.0001970132434507832,0.4995143413543701,6.722706166328862e-05
0.0001970132434507832,0.4995143413543701,6.722706166328862e-05
0.0001970132434507832,0.4995143413543701,6.722706166328862e-05
0.0001970132434507832,0.4995143413543701,6.722706166328862e-05
0.0001970132434507832,0.4995143413543701,6.722706166328862e-05
0.0001970132434507832,0.4995143413543701,6.722706166328862e-05
0.0001970132434507832,0.4995143413543701,6.722706166328862e-05
0.0001970132434507832,0.4995143413543701,6.722706166328862e-05
0.0001970132434507832,0.4995143413543701,6.722706166328862e-05
0.0001970132434507832,0.4995143413543701,6.722706166328862e-05
0.0001970132434507832,0.4995143413543701,6.722706166328862e-05
0.0001970132434507832,0.4995143413543701,6.722706166328862e-05
0.0001970132434507832,0.4995143413543701,6.722706166328862e-05
0.0001970132434507832,0.4995143413543701,6.722706166328862e-05
0.0001970132434507832,0.4995143413543701,6.722706166328862e-05
0.0001970132434507832,0.4995143413543701,6.722706166328862e-05
0.0001970132434507832,0.4995143413543701,6.722706166328862e-05
0.0001970132434507832,0.4995143413543701,6.722706166328862e-05
0.0001970132434507832,0.4995143413543701,6.722706166328862e-05
0.0001970132434507832,0.4995143413543701,6.722706166328862e-05
0.0001970132434507832,0.4995143413543701,6.722706166328862e-05
0.0001970132434507832,0.4995143413543701,6.722706166328862e-05
0.0001970132434507832,0.4995143413543701,6.722706166328862e-05
0.0001970132434507832,0.4995143413543701,6.722706166328862e-05
0.0001970132434507832,0.4995143413543701,6.722706166328862e-05
0.0001970132434507832,0.4995143413543701,6.722706166328862e-05
0.0001970132434507832,0.4995143413543701,6.722706166328862e-05
0.0001970132434507832,0.4995143413543701,6.722706166328862e-05
0.0001970132434507832,0.4995143413543701,6.722706166328862e-05
0.0001970132434507832,0.4995143413543701,6.722706166328862e-05
0.0001970132434507832,0.4995143413543701,6.722706166328862e-05
0.0001970132434507832,0.4995143413543701,6.722706166328862e-05
0.0001970132434507832,0.4995143413543701,6.722706166328862e-05
0.0001970132434507832,0.4995143413543701,6.722706166328862e-05
0.0001970132434507832,0.4995143413543701,6.722706166328862e-05
0.0001970132434507832,0.4995143413543701,6.722706166328862e-05
0.0001970132434507832,0.4995143413543701,6.722706166328862e-05
0.0001970132434507832,0.4995143413543701,6.722706166328862e-05
0.0001970132434507832,0.4995143413543701,6.722706166328862e-05
0.0001970132434507832,0.4995143413543701,6.722706166328862e-05
0.0001970132434507832,0.4995143413543701,6.722706166328862e-05
0.0001970132434507832,0.4995143413543701,6.722706166328862e-05
0.0001970132434507832,0.4995143413543701,6.722706166328862e-05
0.0001970132434507832,0.4995143413543701,6.722706166328862e-05
0.0001970132434507832,0.4995143413543701,6.722706166328862e-05
0.0001970132434507832,0.4995143413543701,6.722706166328862e-05
0.0001970132434507832,0.4995143413543701,6.722706166328862e-05
0.0001970132434507832,0.4995143413543701,6.722706166328862e-05
0.0001970132434507832,0.4995143413543701,6.722706166328862e-05
0.0001970132434507832,0.4995143413543701,6.722706166328862e-05
0.0001970132434507832,0.4995143413543701,6.722706166328862e-05
0.0001970132434507832,0.4995143413543701,6.722706166328862e-05
0.0001970132434507832,0.4995143413543701,6.722706166328862e-05
0.0001970132434507832,0.4995143413543701,6.722706166328862e-05
0.0001970132434507832,0.4995143413543701,6.722706166328862e-05
0.0001970132434507832,0.4995143413543701,6.722706166328862e-05
0.0001970132434507832,0.4995143413543701,6.722706166328862e-05
0.0001970132434507832,0.4995143413543701,6.722706166328862e-05
0.0001970132434507832,0.4995143413543701,6.722706166328862e-05
0.0001970132434507832,0.4995143413543701,6.722706166328862e-05
0.0001970132434507832,0.4995143413543701,6.722706166328862e-05
0.0001970132434507832,0.4995143413543701,6.722706166328862e-05
0.0001970132434507832,0.4995143413543701,6.722706166328862e-05
0.0001970132434507832,0.4995143413543701,6.722706166328862e-05
0.0001970132434507832,0.4995143413543701,6.722706166328862e-05
0.0001970132434507832,0.4995143413543701,6.722706166328862e-05
0.0001970132434507832,0.4995143413543701,6.722706166328862e-05
0.0001970132434507832,0.4995143413543701,6.722706166328862e-05
0.0001970132434507832,0.4995143413543701,6.722706166328862e-05
0.0001970132434507832,0.4995143413543701,6.722706166328862e-05
0.0001970132434507832,0.4995143413543701,6.722706166328862e-05
0.0001970132434507832,0.4995143413543701,6.722706166328862e-05
0.0001970132434507832,0.4995143413543701,6.722706166328862e-05
0.0001970132434507832,0.4995143413543701,6.722706166328862e-05
0.0001970132434507832,0.4995143413543701,6.722706166328862e-05
0.0001970132434507832,0.4995143413543701,6.722706166328862e-05
0.0001970132434507832,0.4995143413543701,6.722706166328862e-05
0.0001970132434507832,0.4995143413543701,6.722706166328862e-05
0.0001970132434507832,0.4995143413543701,6.722706166328862e-05
0.0001970132434507832,0.4995143413543701,6.722706166328862e-05
0.0001970132434507832,0.4995143413543701,6.722706166328862e-05
0.0001970132434507832,0.4995143413543701,6.722706166328862e-05
0.0001970132434507832,0.4995143413543701,6.722706166328862e-05
0.0001970132434507832,0.4995143413543701,6.722706166328862e-05
0.0001970132434507832,0.4995143413543701,6.722706166328862e-05
0.0001970132434507832,0.4995143413543701,6.722706166328862e-05
0.0001970132434507832,0.4995143413543701,6.722706166328862e-05
0.0001970132434507832,0.4995143413543701,6.722706166328862e-05
0.0001970132434507832,0.4995143413543701,6.722706166328862e-05
0.0001970132434507832,0.4995143413543701,6.722706166328862e-05
0.0001970132434507832,0.4995143413543701,6.722706166328862e-05
0.0001970132434507832,0.4995143413543701,6.722706166328862e-05
0.0001970132434507832,0.4995143413543701,6.722706166328862e-05
0.0001970132434507832,0.4995143413543701,6.722706166328862e-05
0.0001970132434507832,0.4995143413543701,6.722706166328862e-05
0.0001970132434507832,0.4995143413543701,6.722706166328862e-05
0.0001970132434507832,0.4995143413543701,6.722706166328862e-05
0.0001970132434507832,0.4995143413543701,6.722706166328862e-05
0.0001970132434507832,0.4995143413543701,6.722706166328862e-05
0.0001970132434507832,0.4995143413543701,6.722706166328862e-05
0.0001970132434507832,0.4995143413543701,6.722706166328862e-05
0.0001970132434507832,0.4995143413543701,6.722706166328862e-05
0.0001970132434507832,0.4995143413543701,6.722706166328862e-05
0.0001970132434507832,0.4995143413543701,6.722706166328862e-05
0.0001970132434507832,0.4995143413543701,6.722706166328862e-05
0.0001970132434507832,0.4995143413543701,6.722706166328862e-05
0.0001970132434507832,0.4995143413543701,6.722706166328862e-05
0.0001970132434507832,0.4995143413543701,6.722706166328862e-05
0.0001970132434507832,0.4995143413543701,6.722706166328862e-05
0.0001970132434507832,0.4995143413543701,6.722706166328862e-05
0.0001970132434507832,0.4995143413543701,6.722706166328862e-05
0.0001970132434507832,0.4995143413543701,6.722706166328862e-05
0.0001970132434507832,0.4995143413543701,6.722706166328862e-05
0.0001970132434507832,0.4995143413543701,6.722706166328862e-05
0.0001970132434507832,0.4995143413543701,6.722706166328862e-05
0.0001970132434507832,0.4995143413543701,6.722706166328862e-05
0.0001970132434507832,0.4995143413543701,6.722706166328862e-05
0.0001970132434507832,0.4995143413543701,6.722706166328862e-05
0.0001970132434507832,0.4995143413543701,6.722706166328862e-05
0.0001970132434507832,0.4995143413543701,6.722706166328862e-05
0.0001970132434507832,0.4995143413543701,6.722706166328862e-05
0.0001970132434507832,0.4995143413543701,6.722706166328862e-05
0.0001970132434507832,0.4995143413543701,6.722706166328862e-05
0.0001970132434507832,0.4995143413543701,6.722706166328862e-05
0.0001970132434507832,0.4995143413543701,6.722706166328862e-05
0.0001970132434507832,0.4995143413543701,6.722706166328862e-05
0.0001970132434507832,0.4995143413543701,6.722706166328862e-05
0.0001970132434507832,0.4995143413543701,6.722706166328862e-05
0.0001970132434507832,0.4995143413543701,6.722706166328862e-05
0.0001970132434507832,0.4995143413543701,6.722706166328862e-05
0.0001970132434507832,0.4995143413543701,6.722706166328862e-05
0.0001970132434507832,0.4995143413543701,6.722706166328862e-05
0.0001970132434507832,0.4995143413543701,6.722706166328862e-05
0.0001970132434507832,0.4995143413543701,6.722706166328862e-05
0.0001970132434507832,0.4995143413543701,6.722706166328862e-05
0.0001970132434507832,0.4995143413543701,6.722706166328862e-05
0.0001970132434507832,0.4995143413543701,6.722706166328862e-05
0.0001970132434507832,0.4995143413543701,6.722706166328862e-05
0.0001970132434507832,0.4995143413543701,6.722706166328862e-05
0.0001970132434507832,0.4995143413543701,6.722706166328862e-05
0.0001970132434507832,0.4995143413543701,6.722706166328862e-05
0.0001970132434507832,0.4995143413543701,6.722706166328862e-05
0.0001970132434507832,0.4995143413543701,6.722706166328862e-05
0.0001970132434507832,0.4995143413543701,6.722706166328862e-05
0.0001970132434507832,0.4995143413543701,6.722706166328862e-05
0.0001970132434507832,0.4995143413543701,6.722706166328862e-05
0.0001970132434507832,0.4995143413543701,6.722706166328862e-05
0.0001970132434507832,0.4995143413543701,6.722706166328862e-05
0.0001970132434507832,0.4995143413543701,6.722706166328862e-05
0.0001970132434507832,0.4995143413543701,6.722706166328862e-05
0.0001970132434507832,0.4995143413543701,6.722706166328862e-05
0.0001970132434507832,0.4995143413543701,6.722706166328862e-05
0.0001970132434507832,0.4995143413543701,6.722706166328862e-05
0.0001970132434507832,0.4995143413543701,6.722706166328862e-05
0.0001970132434507832,0.4995143413543701,6.722706166328862e-05
0.0001970132434507832,0.4995143413543701,6.722706166328862e-05
0.0001970132434507832,0.4995143413543701,6.722706166328862e-05
0.0001970132434507832,0.4995143413543701,6.722706166328862e-05
0.0001970132434507832,0.4995143413543701,6.722706166328862e-05
0.0001970132434507832,0.4995143413543701,6.722706166328862e-05
0.0001970132434507832,0.4995143413543701,6.722706166328862e-05
0.0001970132434507832,0.4995143413543701,6.722706166328862e-05
0.0001970132434507832,0.4995143413543701,6.722706166328862e-05
0.0001970132434507832,0.4995143413543701,6.722706166328862e-05
0.0001970132434507832,0.4995143413543701,6.722706166328862e-05
0.0001970132434507832,0.4995143413543701,6.722706166328862e-05
0.0001970132434507832,0.4995143413543701,6.722706166328862e-05
0.0001970132434507832,0.4995143413543701,6.722706166328862e-05
0.0001970132434507832,0.4995143413543701,6.722706166328862e-05
0.0001970132434507832,0.4995143413543701,6.722706166328862e-05
0.0001970132434507832,0.4995143413543701,6.722706166328862e-05
0.0001970132434507832,0.4995143413543701,6.722706166328862e-05
0.0001970132434507832,0.4995143413543701,6.722706166328862e-05
0.0001970132434507832,0.4995143413543701,6.722706166328862e-05
0.0001970132434507832,0.4995143413543701,6.722706166328862e-05
0.0001970132434507832,0.4995143413543701,6.722706166328862e-05
0.0001970132434507832,0.4995143413543701,6.722706166328862e-05
0.0001970132434507832,0.4995143413543701,6.722706166328862e-05
0.0001970132434507832,0.4995143413543701,6.722706166328862e-05
0.0001970132434507832,0.4995143413543701,6.722706166328862e-05
0.0001970132434507832,0.4995143413543701,6.722706166328862e-05
0.0001970132434507832,0.4995143413543701,6.722706166328862e-05
0.0001970132434507832,0.4995143413543701,6.722706166328862e-05
0.0001970132434507832,0.4995143413543701,6.722706166328862e-05
0.0001970132434507832,0.4995143413543701,6.722706166328862e-05
0.0001970132434507832,0.4995143413543701,6.722706166328862e-05
0.0001970132434507832,0.4995143413543701,6.722706166328862e-05
0.0001970132434507832,0.4995143413543701,6.722706166328862e-05
0.0001970132434507832,0.4995143413543701,6.722706166328862e-05
0.0001970132434507832,0.4995143413543701,6.722706166328862e-05
0.0001970132434507832,0.4995143413543701,6.722706166328862e-05
0.0001970132434507832,0.4995143413543701,6.722706166328862e-05
0.0001970132434507832,0.4995143413543701,6.722706166328862e-05
0.0001970132434507832,0.4995143413543701,6.722706166328862e-05
0.0001970132434507832,0.4995143413543701,6.722706166328862e-05
0.0001970132434507832,0.4995143413543701,6.722706166328862e-05
0.0001970132434507832,0.4995143413543701,6.722706166328862e-05
0.0001970132434507832,0.4995143413543701,6.722706166328862e-05
0.0001970132434507832,0.4995143413543701,6.722706166328862e-05
0.0001970132434507832,0.4995143413543701,6.722706166328862e-05
0.0001970132434507832,0.4995143413543701,6.722706166328862e-05
0.0001970132434507832,0.4995143413543701,6.722706166328862e-05
0.0001970132434507832,0.4995143413543701,6.722706166328862e-05
0.0001970132434507832,0.4995143413543701,6.722706166328862e-05
0.0001970132434507832,0.4995143413543701,6.722706166328862e-05
0.0001970132434507832,0.4995143413543701,6.722706166328862e-05
0.0001970132434507832,0.4995143413543701,6.722706166328862e-05
0.0001970132434507832,0.4995143413543701,6.722706166328862e-05
0.0001970132434507832,0.4995143413543701,6.722706166328862e-05
0.0001970132434507832,0.4995143413543701,6.722706166328862e-05
0.0001970132434507832,0.4995143413543701,6.722706166328862e-05
0.0001970132434507832,0.4995143413543701,6.722706166328862e-05
0.0001970132434507832,0.4995143413543701,6.722706166328862e-05
0.0001970132434507832,0.4995143413543701,6.722706166328862e-05
0.0001970132434507832,0.4995143413543701,6.722706166328862e-05
0.0001970132434507832,0.4995143413543701,6.722706166328862e-05
0.0001970132434507832,0.4995143413543701,6.722706166328862e-05
0.0001970132434507832,0.4995143413543701,6.722706166328862e-05
0.0001970132434507832,0.4995143413543701,6.722706166328862e-05
0.0001970132434507832,0.4995143413543701,6.722706166328862e-05
0.0001970132434507832,0.4995143413543701,6.722706166328862e-05
0.0001970132434507832,0.4995143413543701,6.722706166328862e-05
0.0001970132434507832,0.4995143413543701,6.722706166328862e-05
0.0001970132434507832,0.4995143413543701,6.722706166328862e-05
0.0001970132434507832,0.4995143413543701,6.722706166328862e-05
0.0001970132434507832,0.4995143413543701,6.722706166328862e-05
0.0001970132434507832,0.4995143413543701,6.722706166328862e-05
0.0001970132434507832,0.4995143413543701,6.722706166328862e-05
0.0001970132434507832,0.4995143413543701,6.722706166328862e-05
0.0001970132434507832,0.4995143413543701,6.722706166328862e-05
0.0001970132434507832,0.4995143413543701,6.722706166328862e-05
0.0001970132434507832,0.4995143413543701,6.722706166328862e-05
0.0001970132434507832,0.4995143413543701,6.722706166328862e-05
0.0001970132434507832,0.4995143413543701,6.722706166328862e-05
0.0001970132434507832,0.4995143413543701,6.722706166328862e-05
0.0001970132434507832,0.4995143413543701,6.722706166328862e-05
0.0001970132434507832,0.4995143413543701,6.722706166328862e-05
0.0001970132434507832,0.4995143413543701,6.722706166328862e-05
0.0001970132434507832,0.4995143413543701,6.722706166328862e-05
0.0001970132434507832,0.4995143413543701,6.722706166328862e-05
0.0001970132434507832,0.4995143413543701,6.722706166328862e-05
0.0001970132434507832,0.4995143413543701,6.722706166328862e-05
0.0001970132434507832,0.4995143413543701,6.722706166328862e-05
0.0001970132434507832,0.4995143413543701,6.722706166328862e-05
0.0001970132434507832,0.4995143413543701,6.722706166328862e-05
0.0001970132434507832,0.4995143413543701,6.722706166328862e-05
0.0001970132434507832,0.4995143413543701,6.722706166328862e-05
0.0001970132434507832,0.4995143413543701,6.722706166328862e-05
0.0001970132434507832,0.4995143413543701,6.722706166328862e-05
0.0001970132434507832,0.4995143413543701,6.722706166328862e-05
0.0001970132434507832,0.4995143413543701,6.722706166328862e-05
0.0001970132434507832,0.4995143413543701,6.722706166328862e-05
0.0001970132434507832,0.4995143413543701,6.722706166328862e-05
0.0001970132434507832,0.4995143413543701,6.722706166328862e-05
0.0001970132434507832,0.4995143413543701,6.722706166328862e-05
0.0001970132434507832,0.4995143413543701,6.722706166328862e-05
0.0001970132434507832,0.4995143413543701,6.722706166328862e-05
0.0001970132434507832,0.4995143413543701,6.722706166328862e-05
0.0001970132434507832,0.4995143413543701,6.722706166328862e-05
0.0001970132434507832,0.4995143413543701,6.722706166328862e-05
0.0001970132434507832,0.4995143413543701,6.722706166328862e-05
0.0001970132434507832,0.4995143413543701,6.722706166328862e-05
0.0001970132434507832,0.4995143413543701,6.722706166328862e-05
0.0001970132434507832,0.4995143413543701,6.722706166328862e-05
0.0001970132434507832,0.4995143413543701,6.722706166328862e-05
0.0001970132434507832,0.4995143413543701,6.722706166328862e-05
0.0001970132434507832,0.4995143413543701,6.722706166328862e-05
0.0001970132434507832,0.4995143413543701,6.722706166328862e-05
0.0001970132434507832,0.4995143413543701,6.722706166328862e-05
0.0001970132434507832,0.4995143413543701,6.722706166328862e-05
0.0001970132434507832,0.4995143413543701,6.722706166328862e-05
0.0001970132434507832,0.4995143413543701,6.722706166328862e-05
0.0001970132434507832,0.4995143413543701,6.722706166328862e-05
0.0001970132434507832,0.4995143413543701,6.722706166328862e-05
0.0001970132434507832,0.4995143413543701,6.722706166328862e-05
0.0001970132434507832,0.4995143413543701,6.722706166328862e-05
0.0001970132434507832,0.4995143413543701,6.722706166328862e-05
0.0001970132434507832,0.4995143413543701,6.722706166328862e-05
0.0001970132434507832,0.4995143413543701,6.722706166328862e-05
0.0001970132434507832,0.4995143413543701,6.722706166328862e-05
0.0001970132434507832,0.4995143413543701,6.722706166328862e-05
0.0001970132434507832,0.4995143413543701,6.722706166328862e-05
0.0001970132434507832,0.4995143413543701,6.722706166328862e-05
0.0001970132434507832,0.4995143413543701,6.722706166328862e-05
0.0001970132434507832,0.4995143413543701,6.722706166328862e-05
0.0001970132434507832,0.4995143413543701,6.722706166328862e-05
0.0001970132434507832,0.4995143413543701,6.722706166328862e-05
0.0001970132434507832,0.4995143413543701,6.722706166328862e-05
0.0001970132434507832,0.4995143413543701,6.722706166328862e-05
0.0001970132434507832,0.4995143413543701,6.722706166328862e-05
0.0001970132434507832,0.4995143413543701,6.722706166328862e-05
0.0001970132434507832,0.4995143413543701,6.722706166328862e-05
0.0001970132434507832,0.4995143413543701,6.722706166328862e-05
0.0001970132434507832,0.4995143413543701,6.722706166328862e-05
0.0001970132434507832,0.4995143413543701,6.722706166328862e-05
0.0001970132434507832,0.4995143413543701,6.722706166328862e-05
0.0001970132434507832,0.4995143413543701,6.722706166328862e-05
0.0001970132434507832,0.4995143413543701,6.722706166328862e-05
0.0001970132434507832,0.4995143413543701,6.722706166328862e-05
0.0001970132434507832,0.4995143413543701,6.722706166328862e-05
0.0001970132434507832,0.4995143413543701,6.722706166328862e-05
0.0001970132434507832,0.4995143413543701,6.722706166328862e-05
0.0001970132434507832,0.4995143413543701,6.722706166328862e-05
0.0001970132434507832,0.4995143413543701,6.722706166328862e-05
0.0001970132434507832,0.4995143413543701,6.722706166328862e-05
0.0001970132434507832,0.4995143413543701,6.722706166328862e-05
0.0001970132434507832,0.4995143413543701,6.722706166328862e-05
0.0001970132434507832,0.4995143413543701,6.722706166328862e-05
0.0001970132434507832,0.4995143413543701,6.722706166328862e-05
0.0001970132434507832,0.4995143413543701,6.722706166328862e-05
0.0001970132434507832,0.4995143413543701,6.722706166328862e-05
0.0001970132434507832,0.4995143413543701,6.722706166328862e-05
0.0001970132434507832,0.4995143413543701,6.722706166328862e-05
0.0001970132434507832,0.4995143413543701,6.722706166328862e-05
0.0001970132434507832,0.4995143413543701,6.722706166328862e-05
0.0001970132434507832,0.4995143413543701,6.722706166328862e-05
0.0001970132434507832,0.4995143413543701,6.722706166328862e-05
0.0001970132434507832,0.4995143413543701,6.722706166328862e-05
0.0001970132434507832,0.4995143413543701,6.722706166328862e-05
0.0001970132434507832,0.4995143413543701,6.722706166328862e-05
0.0001970132434507832,0.4995143413543701,6.722706166328862e-05
0.0001970132434507832,0.4995143413543701,6.722706166328862e-05
0.0001970132434507832,0.4995143413543701,6.722706166328862e-05
0.0001970132434507832,0.4995143413543701,6.722706166328862e-05
0.0001970132434507832,0.4995143413543701,6.722706166328862e-05
0.0001970132434507832,0.4995143413543701,6.722706166328862e-05
0.0001970132434507832,0.4995143413543701,6.722706166328862e-05
0.0001970132434507832,0.4995143413543701,6.722706166328862e-05
0.0001970132434507832,0.4995143413543701,6.722706166328862e-05
0.0001970132434507832,0.4995143413543701,6.722706166328862e-05
0.0001970132434507832,0.4995143413543701,6.722706166328862e-05
0.0001970132434507832,0.4995143413543701,6.722706166328862e-05
0.0001970132434507832,0.4995143413543701,6.722706166328862e-05
0.0001970132434507832,0.4995143413543701,6.722706166328862e-05
0.0001970132434507832,0.4995143413543701,6.722706166328862e-05
0.0001970132434507832,0.4995143413543701,6.722706166328862e-05
0.0001970132434507832,0.4995143413543701,6.722706166328862e-05
0.0001970132434507832,0.4995143413543701,6.722706166328862e-05
0.0001970132434507832,0.4995143413543701,6.722706166328862e-05
0.0001970132434507832,0.4995143413543701,6.722706166328862e-05
0.0001970132434507832,0.4995143413543701,6.722706166328862e-05
0.0001970132434507832,0.4995143413543701,6.722706166328862e-05
0.0001970132434507832,0.4995143413543701,6.722706166328862e-05
0.0001970132434507832,0.4995143413543701,6.722706166328862e-05
0.0001970132434507832,0.4995143413543701,6.722706166328862e-05
0.0001970132434507832,0.4995143413543701,6.722706166328862e-05
0.0001970132434507832,0.4995143413543701,6.722706166328862e-05
0.0001970132434507832,0.4995143413543701,6.722706166328862e-05
0.0001970132434507832,0.4995143413543701,6.722706166328862e-05
0.0001970132434507832,0.4995143413543701,6.722706166328862e-05
0.0001970132434507832,0.4995143413543701,6.722706166328862e-05
0.0001970132434507832,0.4995143413543701,6.722706166328862e-05
0.0001970132434507832,0.4995143413543701,6.722706166328862e-05
0.0001970132434507832,0.4995143413543701,6.722706166328862e-05
0.0001970132434507832,0.4995143413543701,6.722706166328862e-05
0.0001970132434507832,0.4995143413543701,6.722706166328862e-05
0.0001970132434507832,0.4995143413543701,6.722706166328862e-05
0.0001970132434507832,0.4995143413543701,6.722706166328862e-05
0.0001970132434507832,0.4995143413543701,6.722706166328862e-05
0.0001970132434507832,0.4995143413543701,6.722706166328862e-05
0.0001970132434507832,0.4995143413543701,6.722706166328862e-05
0.0001970132434507832,0.4995143413543701,6.722706166328862e-05
0.0001970132434507832,0.4995143413543701,6.722706166328862e-05
0.0001970132434507832,0.4995143413543701,6.722706166328862e-05
0.0001970132434507832,0.4995143413543701,6.722706166328862e-05
0.0001970132434507832,0.4995143413543701,6.722706166328862e-05
0.0001970132434507832,0.4995143413543701,6.722706166328862e-05
0.0001970132434507832,0.4995143413543701,6.722706166328862e-05
0.0001970132434507832,0.4995143413543701,6.722706166328862e-05
0.0001970132434507832,0.4995143413543701,6.722706166328862e-05
0.0001970132434507832,0.4995143413543701,6.722706166328862e-05
0.0001970132434507832,0.4995143413543701,6.722706166328862e-05
0.0001970132434507832,0.4995143413543701,6.722706166328862e-05
0.0001970132434507832,0.4995143413543701,6.722706166328862e-05
0.0001970132434507832,0.4995143413543701,6.722706166328862e-05
0.0001970132434507832,0.4995143413543701,6.722706166328862e-05
0.0001970132434507832,0.4995143413543701,6.722706166328862e-05
0.0001970132434507832,0.4995143413543701,6.722706166328862e-05
0.0001970132434507832,0.4995143413543701,6.722706166328862e-05
0.0001970132434507832,0.4995143413543701,6.722706166328862e-05
0.0001970132434507832,0.4995143413543701,6.722706166328862e-05
0.0001970132434507832,0.4995143413543701,6.722706166328862e-05
0.0001970132434507832,0.4995143413543701,6.722706166328862e-05
0.0001970132434507832,0.4995143413543701,6.722706166328862e-05
0.0001970132434507832,0.4995143413543701,6.722706166328862e-05
0.0001970132434507832,0.4995143413543701,6.722706166328862e-05
0.0001970132434507832,0.4995143413543701,6.722706166328862e-05
0.0001970132434507832,0.4995143413543701,6.722706166328862e-05
0.0001970132434507832,0.4995143413543701,6.722706166328862e-05
0.0001970132434507832,0.4995143413543701,6.722706166328862e-05
0.0001970132434507832,0.4995143413543701,6.722706166328862e-05
0.0001970132434507832,0.4995143413543701,6.722706166328862e-05
0.0001970132434507832,0.4995143413543701,6.722706166328862e-05
0.0001970132434507832,0.4995143413543701,6.722706166328862e-05
0.0001970132434507832,0.4995143413543701,6.722706166328862e-05
0.0001970132434507832,0.4995143413543701,6.722706166328862e-05
0.0001970132434507832,0.4995143413543701,6.722706166328862e-05
0.0001970132434507832,0.4995143413543701,6.722706166328862e-05
0.0001970132434507832,0.4995143413543701,6.722706166328862e-05
0.0001970132434507832,0.4995143413543701,6.722706166328862e-05
0.0001970132434507832,0.4995143413543701,6.722706166328862e-05
0.0001970132434507832,0.4995143413543701,6.722706166328862e-05
0.0001970132434507832,0.4995143413543701,6.722706166328862e-05
0.0001970132434507832,0.4995143413543701,6.722706166328862e-05
0.0001970132434507832,0.4995143413543701,6.722706166328862e-05
0.0001970132434507832,0.4995143413543701,6.722706166328862e-05
0.0001970132434507832,0.4995143413543701,6.722706166328862e-05
0.0001970132434507832,0.4995143413543701,6.722706166328862e-05
0.0001970132434507832,0.4995143413543701,6.722706166328862e-05
0.0001970132434507832,0.4995143413543701,6.722706166328862e-05
0.0001970132434507832,0.4995143413543701,6.722706166328862e-05
0.0001970132434507832,0.4995143413543701,6.722706166328862e-05
0.0001970132434507832,0.4995143413543701,6.722706166328862e-05
0.0001970132434507832,0.4995143413543701,6.722706166328862e-05
0.0001970132434507832,0.4995143413543701,6.722706166328862e-05
0.0001970132434507832,0.4995143413543701,6.722706166328862e-05
0.0001970132434507832,0.4995143413543701,6.722706166328862e-05
0.0001970132434507832,0.4995143413543701,6.722706166328862e-05
0.0001970132434507832,0.4995143413543701,6.722706166328862e-05
0.0001970132434507832,0.4995143413543701,6.722706166328862e-05
0.0001970132434507832,0.4995143413543701,6.722706166328862e-05
0.0001970132434507832,0.4995143413543701,6.722706166328862e-05
0.0001970132434507832,0.4995143413543701,6.722706166328862e-05
0.0001970132434507832,0.4995143413543701,6.722706166328862e-05
0.0001970132434507832,0.4995143413543701,6.722706166328862e-05
0.0001970132434507832,0.4995143413543701,6.722706166328862e-05
0.0001970132434507832,0.4995143413543701,6.722706166328862e-05
0.0001970132434507832,0.4995143413543701,6.722706166328862e-05
