Accelerator,Steering Wheel,Brake
0.0,0.45469487500000005,0.0
0.0,0.45458500250000006,1.0
0.0,0.45458500250000006,1.0
0.0,0.45458500250000006,1.0
0.0,0.45469487500000005,1.0
0.0,0.45469487500000005,1.0
0.0,0.45458500250000006,1.0
0.0,0.45458500250000006,1.0
0.0,0.45469487500000005,1.0
0.0,0.45469487500000005,1.0
0.0,0.45469487500000005,1.0
0.0,0.45458500250000006,1.0
0.0,0.45458500250000006,1.0
0.0,0.45458500250000006,1.0
0.0,0.45469487500000005,1.0
0.0,0.45469487500000005,1.0
0.0,0.45458500250000006,1.0
0.0,0.45458500250000006,1.0
0.0,0.45458500250000006,1.0
0.0,0.45458500250000006,1.0
0.0,0.45458500250000006,1.0
0.0,0.45458500250000006,1.0
0.0,0.45469487500000005,1.0
0.0,0.45458500250000006,1.0
0.0,0.45458500250000006,1.0
0.0,0.45469487500000005,1.0
0.0,0.4558668775,1.0
0.0,0.4558668775,1.0
0.0,0.4560133775,1.0
0.0,0.45575700083333337,1.0
0.0,0.4559401258333333,1.0
0.0,0.45469487500000005,1.0
0.0,0.45769812583333336,1.0
0.0,0.45769812583333336,1.0
0.0,0.4578446258333333,1.0
0.0,0.4582841266666667,1.0
0.0,0.4623495008333333,1.0
0.0,0.4638511241666667,1.0
0.0,0.4638511241666667,1.0
0.0,0.46458362583333335,1.0
0.0,0.46311862666666664,1.0
0.0,0.45700225166666664,1.0
0.0,0.46059150083333333,0.0
0.0,0.467513625,0.0
0.0,0.467513625,0.0
0.036000000000000004,0.48227350083333337,0.0
0.067,0.495605,0.0
0.10099999999999999,0.49919425,0.0
0.10900001,0.49919425,0.0
0.10900001,0.49875475,0.0
0.10900001,0.49875475,0.0
0.0,0.494835875,0.0
0.0,0.48703474999999996,0.0
0.0,0.487694,0.0
0.0,0.48725450000000003,0.0
0.0,0.4869248758333333,0.0
0.0,0.4869248758333333,0.0
0.0,0.48626562583333327,0.0
0.0,0.48652200083333336,1.0
0.0,0.48703474999999996,1.0
0.0,0.487950375,1.0
0.0,0.48945200083333334,1.0
0.0,0.48945200083333334,1.0
0.0,0.49333425,1.0
0.0,0.502746875,0.0
0.0,0.5037357499999999,0.0
0.0,0.506995375,0.0
0.0,0.506995375,0.0
0.0,0.514906375,0.0
0.0,0.5174701241666667,0.0
0.0,0.511903125,0.0
0.0,0.516078375,0.0
0.0,0.5269926233333334,0.0
0.0,0.5269926233333334,0.0
0.0,0.536808125,0.0
0.0,0.5465503725,0.0
0.0,0.5615666258333334,0.0
0.0,0.5625554975,0.0
0.0,0.5560728708333333,0.0
0.0,0.5560728708333333,0.0
0.0,0.5443162508333333,0.0
0.0,0.530581875,0.0
0.0,0.512306,0.0
0.0,0.5140640008333334,0.0
0.0,0.5152359991666666,0.0
0.0,0.5152359991666666,0.0
0.0,0.511976375,0.0
0.0,0.5113903741666667,0.0
0.0,0.5134047491666667,0.0
0.0,0.5126356241666666,0.0
0.0,0.510657875,0.0
0.0,0.510657875,0.0
0.0,0.5088266241666667,0.0
0.0,0.510218375,0.0
0.0,0.5105479991666667,0.0
0.0,0.5104747491666667,0.0
0.0,0.5104747491666667,0.0
0.0,0.5101451250000001,0.0
0.0,0.50988875,0.0
0.0,0.511463625,0.0
0.0,0.516078375,0.0
0.0,0.527065875,0.0
0.0,0.527065875,0.0
0.0,0.541313,0.0
0.0,0.5697340008333334,0.0
0.0,0.5809778725,0.0
0.0,0.5809778725,0.0
0.0,0.5906468708333333,0.0
0.0,0.5967998691666667,1.0
0.0,0.6021471216666666,1.0
0.0,0.6019639966666667,1.0
0.0,0.6019639966666667,1.0
0.0,0.6014878716666666,1.0
0.0,0.5999862483333334,1.0
0.0,0.5924048741666667,1.0
0.0,0.5855559983333333,1.0
0.0,0.5855559983333333,1.0
0.0,0.579219875,1.0
0.0,0.5722244958333333,0.0
0.0,0.5596621258333333,0.0
0.0,0.559076125,0.0
0.0,0.559076125,0.0
0.0,0.5610538733333333,0.0
0.0,0.5671336241666667,0.0
0.0,0.5858123716666667,1.0
0.0,0.5858123716666667,1.0
0.0,0.5944924991666667,1.0
0.0,0.5999862483333334,1.0
0.0,0.5986311216666667,1.0
0.0,0.5986311216666667,1.0
0.0,0.59764225,1.0
0.0,0.5941628708333333,1.0
0.0,0.5859954958333333,1.0
0.0,0.5580506258333333,1.0
0.0,0.5580506258333333,1.0
0.0,0.5436569975,1.0
0.0,0.5326328758333333,1.0
0.0,0.5158219991666667,1.0
0.0,0.5073249999999999,1.0
0.0,0.5073249999999999,1.0
0.0,0.5001464999999999,1.0
0.0,0.49377375,1.0
0.0,0.4866685,1.0
0.0,0.4866685,1.0
0.0,0.48234675083333334,1.0
0.0,0.4756077508333333,1.0
0.0,0.44535550416666664,1.0
0.0,0.42502862916666667,1.0
0.0,0.42502862916666667,1.0
0.0,0.40085612583333335,1.0
0.0,0.37477912916666667,1.0
0.0,0.3251888783333333,1.0
0.0,0.3251888783333333,1.0
0.0,0.3055945075,1.0
0.0,0.285450745,1.0
0.0,0.268090515,1.0
0.0,0.24443074583333332,1.0
0.0,0.24443074583333332,1.0
0.0,0.24051188166666668,1.0
0.0,0.24318550083333335,1.0
0.0,0.24600563083333332,1.0
0.0,0.24600563083333332,1.0
0.0,0.24618876166666667,1.0
0.0,0.24692125916666668,1.0
0.0,0.24816650416666666,1.0
0.0,0.2517557525,1.0
0.0,0.2517557525,1.0
0.0,0.25384338416666663,1.0
0.0,0.25677337666666666,1.0
0.0,0.26409838333333335,1.0
0.0,0.2683468883333333,1.0
0.0,0.2683468883333333,1.0
0.0,0.2706908925,1.0
0.0,0.272522125,1.0
0.0,0.27559862749999997,1.0
0.0,0.27559862749999997,1.0
0.0,0.2761846416666666,1.0
0.0,0.2763677466666667,1.0
0.0,0.2765142566666667,1.0
0.0,0.2765142566666667,1.0
0.0,0.27710024499999997,1.0
0.0,0.2780158741666667,1.0
0.0,0.27926111833333334,1.0
0.0,0.2844252525,1.0
0.0,0.2844252525,1.0
0.0,0.2899190016666667,1.0
0.0,0.29636500000000005,1.0
0.0,0.3143478775,1.0
0.0,0.3225152591666667,1.0
0.0,0.3225152591666667,1.0
0.0,0.3321110025,1.0
0.0,0.3434281283333333,1.0
0.0,0.3721787516666667,1.0
0.0,0.3721787516666667,1.0
0.0,0.39078425083333335,1.0
0.0,0.4128691291666666,1.0
0.0,0.4638511241666667,1.0
0.0,0.48575287500000003,1.0
0.0,0.48575287500000003,1.0
0.0,0.5047246249999999,1.0
0.0,0.5252346241666667,1.0
0.0,0.5762166216666667,0.0
0.0,0.5762166216666667,0.0
0.0,0.601744245,0.0
0.0,0.6236459983333333,0.0
0.08400001,0.6611499916666667,0.0
0.08800000000000001,0.676569125,0.0
0.08800000000000001,0.676569125,0.0
0.08800000000000001,0.6945519891666667,0.0
0.08800000000000001,0.7150620016666667,0.0
0.09,0.763809865,0.0
0.09699999999999999,0.7910588583333333,0.0
0.10400000999999999,0.7910588583333333,0.0
0.11199999999999999,0.8120816291666667,0.0
0.11199999999999999,0.8284163666666667,0.0
0.11900000999999999,0.8479008741666667,0.0
0.11900000999999999,0.8479008741666667,0.0
0.11900000999999999,0.8521493783333334,0.0
0.11900000999999999,0.8539806108333333,0.0
0.11900000999999999,0.8544933575000001,0.0
0.11400001,0.8544933575000001,0.0
0.07400000000000001,0.8544933575000001,0.0
0.0,0.8544933575000001,0.0
0.0,0.8544933575000001,0.0
0.0,0.8536509958333333,0.0
0.0,0.8536509958333333,0.0
0.0,0.8523324841666667,0.0
0.0,0.851416855,0.0
0.0,0.8463259891666667,0.0
0.0,0.8463259891666667,0.0
0.0,0.8403927358333334,0.0
0.0,0.8339101158333333,0.0
0.0,0.8288192491666666,0.0
0.0,0.8137297308333333,0.0
0.0,0.8137297308333333,0.0
0.0,0.8038043725,0.0
0.0,0.7942452491666666,0.0
0.0,0.7838071183333333,1.0
0.0,0.78322113,1.0
0.0,0.78322113,1.0
0.0,0.7820491283333333,1.0
0.0,0.7803277333333334,1.0
0.0,0.7758961233333334,1.0
0.0,0.7758961233333334,1.0
0.0,0.7735521191666667,1.0
0.0,0.7727463783333334,1.0
0.0,0.7683147433333333,1.0
0.0,0.760330505,1.0
0.0,0.760330505,1.0
0.0,0.7470722449999999,1.0
0.0,0.7359016166666666,1.0
0.0,0.7079933675,1.0
0.0,0.7079933675,1.0
0.0,0.6910726166666666,1.0
0.0,0.6738222500000001,1.0
0.0,0.6459140016666667,1.0
0.0,0.6309709933333333,1.0
0.0,0.6309709933333333,1.0
0.0,0.6146362433333333,1.0
0.0,0.5969830008333333,1.0
0.0,0.567060375,0.0
0.0,0.567060375,0.0
0.0,0.55105525,0.0
0.0,0.5339147508333334,0.0
0.0,0.51648125,0.0
0.0,0.4801126258333333,0.0
0.0,0.4801126258333333,0.0
0.0,0.45850387583333335,0.0
0.0,0.4390926233333334,0.0
0.053,0.3991713775,0.0
0.055,0.3991713775,0.0
0.055,0.37745274833333337,0.0
0.055,0.3548551308333333,0.0
0.055,0.3327702583333333,0.0
0.076,0.29142063166666665,0.0
0.08400001,0.29142063166666665,0.0
0.08400001,0.2771735125,0.0
0.08400001,0.26475763916666667,0.0
0.092,0.24509000166666667,0.0
0.102,0.24509000166666667,0.0
0.102,0.23893699666666668,0.0
0.10300000000000001,0.23761850999999998,0.0
0.10300000000000001,0.23776499416666666,0.0
0.10800000000000001,0.23725224833333333,0.0
0.115,0.23725224833333333,0.0
0.115,0.23651974999999997,0.0
0.11800000000000001,0.23575063083333334,0.0
0.12300000000000001,0.2390835066666667,0.0
0.128,0.2390835066666667,0.0
0.128,0.24036537166666666,0.0
0.13900001,0.2402555083333333,0.0
0.145,0.24043863916666666,0.0
0.146,0.24483362833333336,0.0
0.147,0.24483362833333336,0.0
0.147,0.25109649666666667,0.0
0.151,0.2638420108333333,0.0
0.153,0.2808360033333333,0.0
0.15400001,0.2872820025,0.0
0.15400001,0.2872820025,0.0
0.155,0.29460701,0.0
0.156,0.3036167525,0.0
0.156,0.34035162583333334,0.0
0.156,0.34035162583333334,0.0
0.156,0.36511013000000003,0.0
0.156,0.38569337249999996,0.0
0.157,0.42228175500000004,0.0
0.157,0.43733462666666667,0.0
0.157,0.43733462666666667,0.0
0.157,0.45026325250000004,0.0
0.15900001,0.46059150083333333,0.0
0.16300001000000003,0.4727510008333333,0.0
0.16300001000000003,0.4727510008333333,0.0
0.16300001000000003,0.479197,0.0
0.16300001000000003,0.48417800083333334,0.0
0.16300001000000003,0.4861923758333333,0.0
0.16300001000000003,0.49128325,0.0
0.16300001000000003,0.49128325,0.0
0.16300001000000003,0.49435975000000004,0.0
0.16300001000000003,0.49509224999999996,0.0
0.16300001000000003,0.49575149999999996,0.0
0.16300001000000003,0.49575149999999996,0.0
0.16300001000000003,0.49520212500000005,0.0
0.16300001000000003,0.494835875,0.0
0.16300001000000003,0.49435975000000004,0.0
0.16300001000000003,0.493847,0.0
0.16300001000000003,0.493847,0.0
0.16300001000000003,0.494176625,0.0
0.16300001000000003,0.494835875,0.0
0.0,0.494176625,0.0
0.0,0.494176625,0.0
0.0,0.4916861258333334,0.0
0.0,0.48967174999999996,0.0
0.0,0.48967174999999996,0.0
0.0,0.48967174999999996,0.0
0.0,0.48967174999999996,1.0
0.0,0.48967174999999996,1.0
0.0,0.48985487499999997,1.0
0.0,0.49084375,1.0
0.0,0.49142975,1.0
0.0,0.49142975,1.0
0.0,0.49186925000000004,1.0
0.0,0.49285812500000004,1.0
0.0,0.49659387499999996,1.0
0.0,0.49659387499999996,1.0
0.0,0.49794900000000003,1.0
0.0,0.49978025000000004,1.0
0.0,0.5005493750000001,1.0
0.0,0.501574875,1.0
0.0,0.501574875,1.0
0.0,0.502380625,1.0
0.0,0.502820125,1.0
0.0,0.503552625,1.0
0.0,0.503552625,1.0
0.0,0.5062995,1.0
0.0,0.5101451250000001,1.0
0.0,0.5164080000000001,1.0
0.0,0.520803,0.0
0.0,0.520803,0.0
0.0,0.5275786241666667,0.0
0.0,0.5368813733333333,0.0
0.0,0.5569885,0.0
0.055,0.5569885,0.0
0.055,0.5697340008333334,0.0
0.08800000000000001,0.5839078708333333,0.0
0.092,0.5980817475,0.0
0.106,0.6273817441666667,0.0
0.106,0.6273817441666667,0.0
0.11,0.6370507433333333,0.0
0.127,0.6426543683333333,0.0
0.12900001,0.6483312483333333,0.0
0.131,0.6483312483333333,0.0
0.131,0.6518106208333333,0.0
0.146,0.658806,0.0
0.152,0.6673029966666667,0.0
0.153,0.6777411141666666,0.0
0.153,0.6777411141666666,0.0
0.153,0.6809641266666667,0.0
0.153,0.6833081183333334,0.0
0.15400001,0.69055987,0.0
0.155,0.6951379900000001,0.0
0.155,0.6951379900000001,0.0
0.155,0.6977383675000001,0.0
0.156,0.6980679958333333,0.0
0.18100000000000002,0.6963099925,0.0
0.18100000000000002,0.6963099925,0.0
0.18100000000000002,0.6934166208333333,0.0
0.18200001,0.690083745,0.0
0.201,0.6863113658333333,0.0
0.20800001,0.6863113658333333,0.0
0.20800001,0.6833813733333333,0.0
0.221,0.6804147466666667,0.0
0.225,0.6759831241666667,0.0
0.226,0.6638236233333333,0.0
0.23,0.6638236233333333,0.0
0.23,0.6564986166666668,0.0
0.23200001,0.648551,0.0
0.23200001,0.6305681224999999,0.0
0.23200001,0.6305681224999999,0.0
0.23200001,0.6209723666666667,0.0
0.23200001,0.6086663691666666,0.0
0.23200001,0.5932472483333333,0.0
0.23200001,0.5678295008333333,0.0
0.23200001,0.5678295008333333,0.0
0.23200001,0.5621526208333334,0.0
0.23200001,0.5573181216666666,0.0
0.23200001,0.54080025,0.0
0.23200001,0.5309115,0.0
0.23200001,0.5309115,0.0
0.23200001,0.5213157491666667,0.0
0.23200001,0.5141372491666667,0.0
0.23200001,0.503406125,0.0
0.23200001,0.5020509999999999,0.0
0.23200001,0.5020509999999999,0.0
0.23200001,0.50256375,0.0
0.23200001,0.50256375,0.0
0.23200001,0.5022341250000001,0.0
0.23200001,0.5022341250000001,0.0
0.23200001,0.5020509999999999,0.0
0.23200001,0.502307375,0.0
0.23200001,0.5019045,0.0
0.23200001,0.5019045,0.0
0.23200001,0.5022341250000001,0.0
0.23200001,0.5024905000000001,0.0
0.23200001,0.502307375,0.0
0.23200001,0.502307375,0.0
0.23200001,0.502307375,0.0
0.23200001,0.502160875,0.0
0.23200001,0.502160875,0.0
0.23200001,0.5020509999999999,0.0
0.23200001,0.5020509999999999,0.0
0.23200001,0.50197775,0.0
0.23200001,0.5019045,0.0
0.23200001,0.501721375,0.0
0.23200001,0.501721375,0.0
0.23200001,0.501721375,0.0
0.23200001,0.501721375,0.0
0.23200001,0.50197775,0.0
0.23200001,0.501465,0.0
0.23200001,0.501465,0.0
0.22800001000000003,0.50139175,0.0
0.22800001000000003,0.50139175,0.0
0.22800001000000003,0.5013185,0.0
0.225,0.500329625,0.0
0.225,0.500329625,0.0
0.205,0.4998535,0.0
0.174,0.49967037500000006,0.0
0.11800000000000001,0.500476125,0.0
0.038,0.5005493750000001,0.0
0.038,0.5005493750000001,0.0
0.0,0.500329625,0.0
0.0,0.500329625,0.0
0.0,0.5005493750000001,0.0
0.0,0.5005493750000001,0.0
0.0,0.50065925,0.0
0.0,0.50065925,0.0
0.0,0.500476125,0.0
0.0,0.50065925,0.0
0.0,0.50065925,0.0
0.0,0.50065925,0.0
0.0,0.50065925,0.0
0.0,0.50065925,0.0
0.0,0.50065925,0.0
0.0,0.50065925,0.0
0.0,0.50065925,0.0
0.0,0.50065925,0.0
0.0,0.500476125,0.0
0.0,0.500476125,0.0
0.0,0.500329625,0.0
0.0,0.50007325,0.0
0.0,0.49992675000000003,0.0
0.0,0.49952387499999995,1.0
0.0,0.49952387499999995,1.0
0.0,0.499450625,1.0
0.0,0.499084375,1.0
0.0,0.49575149999999996,1.0
0.0,0.49575149999999996,1.0
0.0,0.49534862500000004,1.0
0.0,0.495605,1.0
0.0,0.495605,1.0
0.0,0.495605,1.0
0.0,0.495861375,1.0
0.0,0.49600787499999993,1.0
0.0,0.49600787499999993,1.0
0.0,0.496520625,1.0
0.0,0.496520625,1.0
0.0,0.497106625,1.0
0.0,0.49842512499999997,1.0
0.0,0.49967037500000006,1.0
0.0,0.49967037500000006,1.0
0.0,0.5013185,1.0
0.0,0.50256375,1.0
0.0,0.5036625,1.0
0.0,0.503992125,1.0
0.0,0.503992125,1.0
0.0,0.5037357499999999,1.0
0.0,0.5037357499999999,1.0
0.0,0.5032230000000001,1.0
0.0,0.502820125,1.0
0.0,0.502820125,1.0
0.0,0.502820125,1.0
0.0,0.502746875,1.0
0.0,0.5019045,1.0
0.0,0.50183125,1.0
0.0,0.50183125,1.0
0.0,0.501721375,1.0
0.0,0.500988875,1.0
0.0,0.500476125,1.0
0.0,0.500476125,1.0
0.0,0.49959712500000003,1.0
0.0,0.49875475,1.0
0.0,0.49919425,1.0
0.0,0.49919425,1.0
0.0,0.4992675,1.0
0.0,0.4992675,1.0
0.0,0.499450625,1.0
0.0,0.49952387499999995,1.0
0.0,0.49952387499999995,1.0
0.0,0.49959712500000003,1.0
0.0,0.4998535,1.0
0.0,0.502380625,1.0
0.0,0.502380625,1.0
0.0,0.502307375,1.0
0.0,0.502160875,1.0
0.0,0.50197775,1.0
0.0,0.5011353749999999,1.0
0.0,0.5011353749999999,1.0
0.0,0.50007325,1.0
0.0,0.49875475,1.0
0.0,0.49893787500000003,1.0
0.0,0.49893787500000003,1.0
0.0,0.49893787500000003,1.0
0.0,0.49893787500000003,1.0
0.0,0.499011125,1.0
0.0,0.4992675,1.0
0.0,0.4992675,1.0
0.0,0.49919425,1.0
0.0,0.49919425,1.0
0.0,0.49919425,1.0
0.0,0.49919425,1.0
0.0,0.49919425,1.0
0.0,0.49919425,1.0
0.0,0.498864625,1.0
0.0,0.49893787500000003,0.0
0.0,0.49893787500000003,0.0
0.0,0.49893787500000003,0.0
0.0,0.499011125,0.0
0.0,0.499011125,0.0
0.063,0.49919425,0.0
0.096,0.49919425,0.0
0.105,0.499084375,0.0
0.105,0.499011125,0.0
0.152,0.4992675,0.0
0.157,0.4992675,0.0
0.157,0.4992675,0.0
0.157,0.49919425,0.0
0.157,0.499450625,0.0
0.158,0.49967037500000006,0.0
0.158,0.49967037500000006,0.0
0.16,0.49978025000000004,0.0
0.171,0.49967037500000006,0.0
0.18,0.49978025000000004,0.0
0.18,0.49978025000000004,0.0
0.18200001,0.4998535,0.0
0.18200001,0.4998535,0.0
0.184,0.49967037500000006,0.0
0.184,0.49967037500000006,0.0
0.18600000000000003,0.49967037500000006,0.0
0.18899999999999997,0.4998535,0.0
0.19200001,0.50007325,0.0
0.196,0.49992675000000003,0.0
0.19700001,0.49992675000000003,0.0
0.19800001,0.49992675000000003,0.0
0.20200001,0.4998535,0.0
0.20200001,0.49919425,0.0
0.204,0.499011125,0.0
0.204,0.499011125,0.0
0.204,0.49860825,0.0
0.204,0.49853499999999995,0.0
0.20600000000000002,0.49919425,0.0
0.20600000000000002,0.49952387499999995,0.0
0.20600000000000002,0.49952387499999995,0.0
0.20600000000000002,0.4992675,0.0
0.20600000000000002,0.49769262499999994,0.0
0.20700001,0.500915625,0.0
0.20700001,0.500915625,0.0
0.20700001,0.5041386250000001,0.0
0.20700001,0.5032230000000001,0.0
0.20700001,0.5013185,0.0
0.20700001,0.5013185,0.0
0.20700001,0.501465,0.0
0.20700001,0.5007325,0.0
0.20700001,0.50065925,0.0
0.20700001,0.50065925,0.0
0.20700001,0.50065925,0.0
0.20700001,0.50065925,0.0
0.20700001,0.50080575,0.0
0.20700001,0.501062125,0.0
0.20700001,0.501062125,0.0
0.20700001,0.501062125,0.0
0.20700001,0.50124525,0.0
0.20700001,0.501648125,0.0
0.20700001,0.5019045,0.0
0.20300001,0.5019045,0.0
0.20300001,0.501648125,0.0
0.20200001,0.501574875,0.0
0.20200001,0.501574875,0.0
0.20200001,0.501648125,0.0
0.20200001,0.501648125,0.0
0.20200001,0.50197775,0.0
0.20200001,0.502160875,0.0
0.20200001,0.502893375,0.0
0.20200001,0.502893375,0.0
0.20200001,0.502820125,0.0
0.20200001,0.5024905000000001,0.0
0.20200001,0.502160875,0.0
0.20200001,0.501574875,0.0
0.20200001,0.501574875,0.0
0.20200001,0.501574875,0.0
0.20200001,0.50139175,0.0
0.20200001,0.50080575,0.0
0.20200001,0.50080575,0.0
0.20200001,0.500915625,0.0
0.195,0.500476125,0.0
0.18600000000000003,0.50007325,0.0
0.17300001,0.49959712500000003,0.0
0.17300001,0.49959712500000003,0.0
0.16,0.49893787500000003,0.0
0.158,0.49893787500000003,0.0
0.155,0.4992675,0.0
0.151,0.4992675,0.0
0.142,0.49919425,0.0
0.14,0.4992675,0.0
0.138,0.4992675,0.0
0.13699999999999998,0.49934075,0.0
0.13699999999999998,0.49934075,0.0
0.13699999999999998,0.49934075,0.0
0.13699999999999998,0.49934075,0.0
0.13699999999999998,0.499450625,0.0
0.136,0.49934075,0.0
0.136,0.49934075,0.0
0.136,0.49919425,0.0
0.136,0.49934075,0.0
0.136,0.501574875,0.0
0.135,0.503479375,0.0
0.126,0.503479375,0.0
0.11900000999999999,0.503479375,0.0
0.11199999999999999,0.501062125,0.0
0.095,0.4998535,0.0
0.08900000999999999,0.4998535,0.0
0.087,0.5001464999999999,0.0
0.087,0.5005493750000001,0.0
0.057,0.501648125,0.0
0.039,0.501648125,0.0
0.028999999999999998,0.501574875,0.0
0.023,0.50183125,0.0
0.0,0.503406125,0.0
0.0,0.503479375,0.0
0.0,0.503479375,0.0
0.0,0.503552625,0.0
0.0,0.504065375,0.0
0.0,0.504065375,0.0
0.0,0.504065375,0.0
0.0,0.503992125,0.0
0.0,0.5037357499999999,0.0
0.0,0.503809,0.0
0.0,0.503552625,0.0
0.0,0.503552625,0.0
0.0,0.503552625,0.0
0.0,0.502966625,0.0
0.0,0.501721375,0.0
0.0,0.501721375,0.0
0.0,0.50139175,0.0
0.0,0.50139175,0.0
0.0,0.50139175,0.0
0.0,0.500915625,0.0
0.0,0.500915625,0.0
0.0,0.5001464999999999,0.0
0.0,0.5001464999999999,0.0
0.0,0.499450625,0.0
0.03,0.499450625,0.0
0.03,0.49919425,0.0
0.037000000000000005,0.4992675,0.0
0.040999999999999995,0.49934075,0.0
0.052000000000000005,0.499084375,0.0
0.059000000000000004,0.498864625,0.0
0.059000000000000004,0.498864625,0.0
0.061,0.49875475,0.0
0.071,0.498864625,0.0
0.078,0.49875475,0.0
0.08199999999999999,0.49868150000000006,0.0
0.08199999999999999,0.49842512499999997,0.0
0.08199999999999999,0.49842512499999997,0.0
0.08400001,0.49794900000000003,0.0
0.091,0.49794900000000003,0.0
0.09300000000000001,0.49794900000000003,0.0
0.09300000000000001,0.49802225,0.0
0.09699999999999999,0.498278625,0.0
0.098,0.49875475,0.0
0.1,0.498864625,0.0
0.1,0.498864625,0.0
0.1,0.498864625,0.0
0.10099999999999999,0.499011125,0.0
0.102,0.49992675000000003,0.0
0.102,0.49992675000000003,0.0
0.102,0.49992675000000003,0.0
0.10300000000000001,0.49959712500000003,0.0
0.10300000000000001,0.499450625,0.0
0.10300000000000001,0.49934075,0.0
0.10300000000000001,0.49934075,0.0
0.10300000000000001,0.49934075,0.0
0.10300000000000001,0.49934075,0.0
0.10400000999999999,0.499450625,0.0
0.10400000999999999,0.499450625,0.0
0.10400000999999999,0.49967037500000006,0.0
0.10400000999999999,0.49978025000000004,0.0
0.10400000999999999,0.49967037500000006,0.0
0.10400000999999999,0.499450625,0.0
0.10400000999999999,0.499450625,0.0
0.10400000999999999,0.499011125,0.0
0.10400000999999999,0.49875475,0.0
0.10400000999999999,0.499084375,0.0
0.10400000999999999,0.499084375,0.0
0.10400000999999999,0.499084375,0.0
0.10400000999999999,0.499084375,0.0
0.10400000999999999,0.49919425,0.0
0.10400000999999999,0.4992675,0.0
0.10400000999999999,0.4992675,0.0
0.10400000999999999,0.499450625,0.0
0.10400000999999999,0.5,0.0
0.1,0.500476125,0.0
0.096,0.5005493750000001,0.0
0.087,0.5005493750000001,0.0
0.087,0.50080575,0.0
0.073,0.501721375,0.0
0.063,0.50065925,0.0
0.059000000000000004,0.50065925,0.0
0.059000000000000004,0.499084375,0.0
0.055,0.498864625,0.0
0.0,0.500329625,0.0
0.0,0.500329625,0.0
0.0,0.501721375,0.0
0.0,0.502893375,0.0
0.0,0.502966625,0.0
0.0,0.502820125,0.0
0.0,0.502820125,1.0
0.0,0.502746875,1.0
0.0,0.50256375,1.0
0.0,0.50183125,1.0
0.0,0.5019045,1.0
0.0,0.5019045,1.0
0.0,0.5019045,1.0
0.0,0.50183125,1.0
0.0,0.501574875,1.0
0.0,0.501574875,1.0
0.0,0.50139175,1.0
0.0,0.500988875,1.0
0.0,0.499450625,1.0
0.0,0.49893787500000003,1.0
0.0,0.49868150000000006,1.0
0.0,0.49868150000000006,1.0
0.0,0.49868150000000006,1.0
0.0,0.49868150000000006,1.0
0.0,0.49875475,1.0
0.0,0.49868150000000006,1.0
0.0,0.49868150000000006,1.0
0.0,0.49868150000000006,1.0
0.0,0.49875475,1.0
0.0,0.498864625,1.0
0.0,0.498864625,1.0
0.0,0.499084375,1.0
0.0,0.499011125,1.0
0.0,0.499011125,1.0
0.0,0.499084375,1.0
0.0,0.499084375,1.0
0.0,0.499084375,1.0
0.0,0.49919425,1.0
0.0,0.49952387499999995,1.0
0.0,0.4998535,1.0
0.0,0.4998535,1.0
0.0,0.49967037500000006,1.0
0.0,0.49978025000000004,1.0
0.0,0.500329625,1.0
0.0,0.500329625,1.0
0.0,0.49992675000000003,1.0
0.0,0.49967037500000006,1.0
0.0,0.4998535,1.0
0.0,0.50021975,1.0
0.0,0.50065925,1.0
0.0,0.5005493750000001,1.0
0.0,0.5005493750000001,1.0
0.0,0.5005493750000001,1.0
0.0,0.50065925,1.0
0.0,0.50065925,1.0
0.0,0.500476125,0.0
0.0,0.5004028749999999,0.0
0.0,0.5004028749999999,0.0
0.0,0.5004028749999999,0.0
0.0,0.5004028749999999,0.0
0.066,0.5004028749999999,0.0
0.10300000000000001,0.5004028749999999,0.0
0.10300000000000001,0.5004028749999999,0.0
0.11400001,0.5004028749999999,0.0
0.121,0.5004028749999999,0.0
0.138,0.500329625,0.0
0.151,0.500329625,0.0
0.151,0.50021975,0.0
0.15400001,0.50021975,0.0
0.15900001,0.50021975,0.0
0.16399999999999998,0.50007325,0.0
0.16399999999999998,0.5,0.0
0.16899999999999998,0.5,0.0
0.17200001,0.5,0.0
0.174,0.4998535,0.0
0.18,0.49967037500000006,0.0
0.18,0.49959712500000003,0.0
0.18100000000000002,0.49959712500000003,0.0
0.18200001,0.49959712500000003,0.0
0.184,0.49967037500000006,0.0
0.18700001,0.49967037500000006,0.0
0.19200001,0.49978025000000004,0.0
0.195,0.49967037500000006,0.0
0.196,0.49875475,0.0
0.20200001,0.497619375,0.0
0.20200001,0.49703337500000005,0.0
0.20200001,0.496520625,0.0
0.20200001,0.49619100000000005,0.0
0.20200001,0.49619100000000005,0.0
0.20300001,0.49619100000000005,0.0
0.20300001,0.49619100000000005,0.0
0.20300001,0.49619100000000005,0.0
0.20300001,0.49633750000000004,0.0
0.20300001,0.49633750000000004,0.0
0.20300001,0.496520625,0.0
0.20300001,0.496667125,0.0
0.20300001,0.4969235000000001,0.0
0.20300001,0.497253125,0.0
0.20300001,0.49783912500000005,0.0
0.20300001,0.49853499999999995,0.0
0.20300001,0.49959712500000003,0.0
0.20300001,0.50065925,0.0
0.20300001,0.5005493750000001,0.0
0.20300001,0.5005493750000001,0.0
0.20300001,0.5005493750000001,0.0
0.19800001,0.5005493750000001,0.0
0.19700001,0.50080575,0.0
0.19700001,0.5013185,0.0
0.19700001,0.502307375,0.0
0.196,0.502637,0.0
0.196,0.502637,0.0
0.196,0.502746875,0.0
0.196,0.5032230000000001,0.0
0.196,0.504651375,0.0
0.196,0.5058233750000001,0.0
0.195,0.50564025,0.0
0.18600000000000003,0.5047246249999999,0.0
0.18600000000000003,0.5047246249999999,0.0
0.17300001,0.504065375,0.0
0.14800000000000002,0.504065375,0.0
0.07400000000000001,0.503406125,0.0
0.051,0.503406125,0.0
0.051,0.500988875,0.0
0.023,0.49934075,0.0
0.0,0.49934075,0.0
0.0,0.49978025000000004,0.0
0.0,0.49967037500000006,0.0
0.0,0.49967037500000006,0.0
0.0,0.49967037500000006,0.0
0.0,0.49952387499999995,0.0
0.0,0.49959712500000003,0.0
0.0,0.49959712500000003,0.0
0.0,0.49959712500000003,0.0
0.0,0.49959712500000003,0.0
0.0,0.49967037500000006,0.0
0.0,0.49967037500000006,0.0
0.0,0.49967037500000006,0.0
0.0,0.49967037500000006,0.0
0.0,0.49978025000000004,0.0
0.0,0.49978025000000004,0.0
0.0,0.5,0.0
0.0,0.500476125,0.0
0.0,0.5022341250000001,0.0
0.0,0.503479375,0.0
0.0,0.503552625,0.0
0.0,0.503406125,0.0
0.0,0.503406125,0.0
0.0,0.503332875,0.0
0.0,0.503406125,0.0
0.0,0.5031497500000001,0.0
0.0,0.5031497500000001,0.0
0.0,0.5031497500000001,0.0
0.0,0.5030764999999999,0.0
0.0,0.502966625,0.0
0.0,0.502966625,0.0
0.0,0.502966625,0.0
0.0,0.502820125,0.0
0.0,0.502746875,0.0
0.0,0.5024905000000001,0.0
0.0,0.50197775,0.0
0.0,0.5007325,0.0
0.0,0.4998535,0.0
0.0,0.49868150000000006,0.0
0.0,0.49633750000000004,0.0
0.0,0.49575149999999996,0.0
0.0,0.49575149999999996,0.0
0.0,0.49593462499999996,0.0
0.0,0.496667125,0.0
0.0,0.49743624999999997,0.0
0.0,0.49802225,0.0
0.0,0.4992675,1.0
0.0,0.5,1.0
0.0,0.4998535,1.0
0.0,0.49978025000000004,1.0
0.0,0.49978025000000004,1.0
0.0,0.49978025000000004,1.0
0.0,0.49978025000000004,1.0
0.0,0.49978025000000004,1.0
0.0,0.49978025000000004,1.0
0.0,0.49978025000000004,1.0
0.0,0.49978025000000004,1.0
0.0,0.49967037500000006,1.0
0.0,0.49952387499999995,1.0
0.0,0.499450625,1.0
0.0,0.49959712500000003,1.0
0.0,0.49959712500000003,1.0
0.0,0.49959712500000003,1.0
0.0,0.49952387499999995,1.0
0.0,0.49952387499999995,1.0
0.0,0.49952387499999995,1.0
0.0,0.499450625,1.0
0.0,0.49952387499999995,1.0
0.0,0.49952387499999995,1.0
0.0,0.499450625,1.0
0.0,0.499450625,1.0
0.0,0.499450625,1.0
0.0,0.499450625,1.0
0.0,0.49967037500000006,1.0
0.0,0.49978025000000004,1.0
0.0,0.4998535,1.0
0.0,0.5,1.0
0.0,0.49992675000000003,1.0
0.0,0.50065925,1.0
0.0,0.50124525,1.0
0.0,0.500988875,1.0
0.0,0.5011353749999999,1.0
0.0,0.50139175,1.0
0.0,0.500476125,1.0
0.0,0.5004028749999999,1.0
0.0,0.5005493750000001,1.0
0.0,0.500329625,1.0
0.0,0.49992675000000003,1.0
0.0,0.49967037500000006,1.0
0.0,0.49952387499999995,1.0
0.0,0.499011125,1.0
0.0,0.49875475,1.0
0.0,0.498351875,1.0
0.0,0.4975095,1.0
0.0,0.49567825,1.0
0.0,0.49344412500000007,1.0
0.0,0.492272125,1.0
0.0,0.49241862499999994,1.0
0.0,0.49311449999999996,1.0
0.0,0.49333425,1.0
0.0,0.49351737500000004,1.0
0.0,0.49370050000000004,1.0
0.0,0.493847,1.0
0.0,0.494689375,1.0
0.0,0.494835875,1.0
0.0,0.494835875,1.0
0.0,0.49509224999999996,1.0
0.0,0.49633750000000004,1.0
0.0,0.49685024999999994,1.0
0.0,0.496667125,1.0
0.0,0.49659387499999996,1.0
0.0,0.496667125,1.0
0.0,0.496667125,1.0
0.0,0.49659387499999996,1.0
0.0,0.496520625,1.0
0.0,0.496520625,1.0
0.0,0.496520625,1.0
0.0,0.496520625,1.0
0.0,0.49659387499999996,1.0
0.0,0.49659387499999996,1.0
0.0,0.49659387499999996,1.0
0.0,0.49659387499999996,1.0
0.0,0.49659387499999996,1.0
0.0,0.49659387499999996,1.0
0.0,0.49659387499999996,1.0
0.0,0.49659387499999996,1.0
0.0,0.49659387499999996,1.0
0.0,0.49659387499999996,1.0
0.0,0.49659387499999996,1.0
0.0,0.49659387499999996,1.0
0.0,0.49659387499999996,1.0
0.0,0.49659387499999996,1.0
0.0,0.49659387499999996,1.0
0.0,0.49659387499999996,1.0
0.0,0.49659387499999996,1.0
0.0,0.49659387499999996,1.0
0.0,0.49659387499999996,1.0
0.0,0.496520625,1.0
0.0,0.496520625,1.0
0.0,0.496520625,1.0
0.0,0.496520625,1.0
0.0,0.496520625,1.0
0.0,0.496520625,1.0
0.0,0.496520625,1.0
0.0,0.496520625,1.0
0.0,0.496520625,1.0
0.0,0.496520625,1.0
0.0,0.496520625,1.0
0.0,0.496520625,1.0
0.0,0.496520625,1.0
0.0,0.496520625,1.0
0.0,0.49659387499999996,1.0
0.0,0.49659387499999996,1.0
0.0,0.496520625,1.0
0.0,0.496520625,1.0
0.0,0.49659387499999996,1.0
0.0,0.49659387499999996,1.0
0.0,0.496520625,1.0
0.0,0.496520625,1.0
0.0,0.49659387499999996,1.0
0.0,0.496520625,1.0
0.0,0.496520625,1.0
0.0,0.496520625,1.0
0.0,0.496520625,1.0
0.0,0.496520625,1.0
0.0,0.49659387499999996,1.0
0.0,0.49659387499999996,1.0
0.0,0.496520625,1.0
0.0,0.496520625,1.0
0.0,0.496447375,1.0
0.0,0.496447375,1.0
0.0,0.496447375,1.0
0.0,0.496520625,1.0
0.0,0.496520625,1.0
0.0,0.496520625,1.0
0.0,0.496520625,1.0
0.0,0.496520625,1.0
0.0,0.496520625,1.0
0.0,0.496520625,1.0
0.0,0.496520625,1.0
0.0,0.496520625,1.0
0.0,0.496520625,1.0
0.0,0.496520625,1.0
0.0,0.496520625,1.0
0.0,0.496520625,1.0
0.0,0.496520625,1.0
0.0,0.496520625,1.0
0.0,0.496520625,1.0
0.0,0.496520625,1.0
0.0,0.496520625,1.0
0.0,0.496520625,1.0
0.0,0.496520625,1.0
0.0,0.496520625,1.0
0.0,0.496520625,1.0
0.0,0.496520625,1.0
0.0,0.496520625,1.0
0.0,0.496520625,1.0
0.0,0.496520625,1.0
0.0,0.496520625,1.0
0.0,0.496520625,1.0
0.0,0.496520625,1.0
0.0,0.496520625,1.0
0.0,0.496520625,1.0
0.0,0.496520625,1.0
0.0,0.496520625,1.0
0.0,0.496520625,1.0
0.0,0.496520625,1.0
0.0,0.496520625,1.0
0.0,0.496520625,1.0
0.0,0.49659387499999996,1.0
0.0,0.49659387499999996,1.0
0.0,0.49659387499999996,1.0
0.0,0.49659387499999996,1.0
0.0,0.49659387499999996,1.0
0.0,0.49659387499999996,1.0
0.0,0.49659387499999996,1.0
0.0,0.49659387499999996,1.0
0.0,0.49659387499999996,1.0
0.0,0.49659387499999996,1.0
0.0,0.49659387499999996,1.0
0.0,0.49659387499999996,1.0
0.0,0.49659387499999996,1.0
0.0,0.49659387499999996,1.0
0.0,0.49659387499999996,1.0
0.0,0.49659387499999996,1.0
0.0,0.496520625,1.0
0.0,0.496520625,1.0
0.0,0.49633750000000004,1.0
0.0,0.49633750000000004,1.0
0.0,0.49633750000000004,0.0
0.0,0.49619100000000005,0.0
0.0,0.49575149999999996,0.0
0.0,0.49553175,0.0
0.0,0.494616125,0.0
0.0,0.494176625,0.0
0.0,0.49344412500000007,0.0
0.038,0.4911733758333333,0.0
0.091,0.48736437583333336,0.0
0.091,0.48036900083333334,0.0
0.142,0.4697843741666667,0.0
0.17700001,0.45659937500000003,0.0
0.205,0.440923875,0.0
0.21800001000000002,0.4245158766666666,0.0
0.21800001000000002,0.40777824999999995,0.0
0.21899999999999997,0.3893558758333333,0.0
0.21899999999999997,0.37075037666666666,0.0
0.22399999999999998,0.357602005,0.0
0.22399999999999998,0.34701737749999995,0.0
0.22399999999999998,0.3353340025,0.0
0.225,0.32683700583333336,0.0
0.23,0.32258850083333335,0.0
0.231,0.32108688333333335,0.0
0.231,0.3211967591666667,0.0
0.231,0.32127000166666664,0.0
0.231,0.32127000166666664,0.0
0.231,0.3221856308333333,0.0
0.231,0.32401687583333333,0.0
0.23200001,0.3262510041666667,0.0
0.23300001,0.3285950091666667,0.0
0.23300001,0.33167149833333337,0.0
0.23300001,0.33401550333333335,0.0
0.23300001,0.335590375,0.0
0.23399999999999999,0.3380076341666666,0.0
0.23399999999999999,0.34218288416666665,0.0
0.23399999999999999,0.34701737749999995,0.0
0.23600000000000002,0.35067988083333335,0.0
0.24800001000000002,0.35426912916666664,0.0
0.265,0.3578583783333334,0.0
0.281,0.36126450833333335,0.0
0.29100000000000004,0.3638648733333333,0.0
0.29700001,0.36661174750000003,0.0
0.299,0.3691022491666666,0.0
0.301,0.3728380075,0.0
0.30200001,0.37869800583333335,0.0
0.30200001,0.38635262833333334,0.0
0.30200001,0.396754125,0.0
0.30200001,0.40759512583333335,0.0
0.30200001,0.4175937525,0.0
0.30200001,0.42653025333333333,0.0
0.30200001,0.43491737333333336,0.0
0.30200001,0.4420226291666666,0.0
0.30200001,0.44758962666666663,0.0
0.30200001,0.45209450083333336,0.0
0.30200001,0.4558668775,0.0
0.30200001,0.4575150016666667,0.0
0.30200001,0.4594195016666667,0.0
0.30200001,0.4629355016666667,0.0
0.30200001,0.46769674916666665,0.0
0.30200001,0.47220162750000005,0.0
0.30200001,0.476853,0.0
0.30200001,0.48194387583333326,0.0
0.30200001,0.486778375,0.0
0.24800001000000002,0.49069725,0.0
0.19800001,0.493004625,0.0
0.19700001,0.49318775,0.0
0.19700001,0.49318775,0.0
0.19700001,0.49318775,0.0
0.19700001,0.49351737500000004,0.0
0.19700001,0.49450625000000004,0.0
0.185,0.49626425,0.0
0.17200001,0.49783912500000005,0.0
0.16899999999999998,0.497619375,0.0
0.16899999999999998,0.4975095,0.0
0.16899999999999998,0.497363,0.0
0.16899999999999998,0.49677699999999997,0.0
0.16899999999999998,0.495605,0.0
0.16899999999999998,0.494835875,0.0
0.16899999999999998,0.494835875,0.0
0.16899999999999998,0.495019,0.0
0.16899999999999998,0.495019,0.0
0.16899999999999998,0.495019,0.0
0.16899999999999998,0.494835875,0.0
0.16899999999999998,0.49435975000000004,0.0
0.16899999999999998,0.49351737500000004,0.0
0.16899999999999998,0.49333425,0.0
0.16899999999999998,0.49377375,0.0
0.16899999999999998,0.49392025,0.0
0.16899999999999998,0.49410337499999996,0.0
0.16899999999999998,0.4942865000000001,0.0
0.16899999999999998,0.494433,0.0
0.16899999999999998,0.49450625000000004,0.0
0.16899999999999998,0.495019,0.0
0.16899999999999998,0.49600787499999993,0.0
0.16899999999999998,0.49626425,0.0
0.16899999999999998,0.49626425,0.0
0.16899999999999998,0.49626425,0.0
0.16899999999999998,0.496667125,0.0
0.16899999999999998,0.49703337500000005,0.0
0.16899999999999998,0.498278625,0.0
0.16899999999999998,0.4998535,0.0
0.16899999999999998,0.500329625,0.0
0.16899999999999998,0.49992675000000003,0.0
0.16899999999999998,0.49967037500000006,0.0
0.16899999999999998,0.49934075,0.0
0.16899999999999998,0.49776587499999997,0.0
0.16899999999999998,0.496520625,0.0
0.16899999999999998,0.496447375,0.0
0.16899999999999998,0.49677699999999997,0.0
0.16899999999999998,0.4969235000000001,0.0
0.16899999999999998,0.4969235000000001,0.0
0.16899999999999998,0.49703337500000005,0.0
0.16899999999999998,0.497179875,0.0
0.16899999999999998,0.497179875,0.0
0.16899999999999998,0.497253125,0.0
0.16899999999999998,0.497253125,0.0
0.16899999999999998,0.497253125,0.0
0.16899999999999998,0.498278625,0.0
0.16899999999999998,0.49959712500000003,0.0
0.16899999999999998,0.499450625,0.0
0.16800001,0.499011125,0.0
0.16300001000000003,0.49868150000000006,0.0
0.158,0.498351875,0.0
0.152,0.498278625,0.0
0.141,0.498351875,0.0
0.11699999999999999,0.498351875,0.0
0.11199999999999999,0.49853499999999995,0.0
0.092,0.49842512499999997,0.0
0.092,0.49842512499999997,0.0
0.07200000000000001,0.49853499999999995,0.0
0.062,0.498351875,0.0
0.051,0.498351875,0.0
0.05,0.49802225,0.0
0.042,0.49703337500000005,0.0
0.036000000000000004,0.49659387499999996,0.0
0.0,0.49677699999999997,0.0
0.0,0.49685024999999994,0.0
0.0,0.49685024999999994,0.0
0.0,0.49685024999999994,0.0
0.0,0.49685024999999994,0.0
0.0,0.4969235000000001,0.0
0.0,0.4969235000000001,0.0
0.0,0.4975095,0.0
0.0,0.498278625,0.0
0.0,0.49842512499999997,0.0
0.0,0.49853499999999995,0.0
0.0,0.49860825,0.0
0.0,0.49919425,0.0
0.0,0.50124525,0.0
0.0,0.503332875,0.0
0.0,0.504065375,0.0
0.0,0.5031497500000001,0.0
0.0,0.501721375,0.0
0.0,0.50139175,0.0
0.0,0.501648125,0.0
0.0,0.5019045,0.0
0.0,0.502966625,0.0
0.0,0.5047246249999999,0.0
0.0,0.50446825,0.0
0.0,0.50446825,0.0
0.0,0.50505425,0.0
0.0,0.50505425,0.0
0.0,0.50505425,0.0
0.0,0.50505425,0.0
0.0,0.50505425,0.0
0.0,0.50490775,0.0
0.0,0.50490775,0.0
0.0,0.5047246249999999,0.0
0.0,0.5047246249999999,0.0
0.0,0.5047246249999999,0.0
0.0,0.504651375,0.0
0.0,0.504578125,0.0
0.0,0.504395,0.0
0.0,0.504395,0.0
0.0,0.5042485,0.0
0.0,0.504065375,0.0
0.0,0.504065375,0.0
0.0,0.50388225,0.0
0.0,0.503479375,1.0
0.0,0.503552625,1.0
0.0,0.5032230000000001,1.0
0.0,0.5011353749999999,1.0
0.0,0.50021975,1.0
0.0,0.5005493750000001,1.0
0.0,0.500476125,1.0
0.0,0.50021975,1.0
0.0,0.5001464999999999,1.0
0.0,0.499450625,1.0
0.0,0.49967037500000006,1.0
0.0,0.49952387499999995,1.0
0.0,0.49952387499999995,1.0
0.0,0.49952387499999995,1.0
0.0,0.49952387499999995,1.0
0.0,0.49952387499999995,1.0
0.0,0.499450625,1.0
0.0,0.499450625,1.0
0.0,0.49952387499999995,1.0
0.0,0.49952387499999995,1.0
0.0,0.49952387499999995,1.0
0.0,0.499450625,1.0
0.0,0.499450625,1.0
0.0,0.4998535,1.0
0.0,0.50197775,1.0
0.0,0.503479375,1.0
0.0,0.5036625,1.0
0.0,0.502820125,1.0
0.0,0.50124525,1.0
0.0,0.50124525,1.0
0.0,0.5011353749999999,1.0
0.0,0.501062125,1.0
0.0,0.500988875,1.0
0.0,0.500988875,1.0
0.0,0.50080575,1.0
0.0,0.5,1.0
0.0,0.4998535,1.0
0.0,0.49992675000000003,1.0
0.0,0.49992675000000003,1.0
0.0,0.5,1.0
0.0,0.5,1.0
0.0,0.49992675000000003,1.0
0.0,0.50007325,1.0
0.0,0.500988875,1.0
0.0,0.501465,1.0
0.0,0.5004028749999999,1.0
0.0,0.49934075,1.0
0.0,0.49967037500000006,1.0
0.0,0.50021975,1.0
0.0,0.50139175,1.0
0.0,0.501574875,1.0
0.0,0.501465,1.0
0.0,0.501648125,1.0
0.0,0.501648125,1.0
0.0,0.501648125,1.0
0.0,0.5019045,1.0
0.0,0.5022341250000001,1.0
0.0,0.5024905000000001,1.0
0.0,0.501574875,1.0
0.0,0.5,1.0
0.0,0.49992675000000003,1.0
0.0,0.50007325,1.0
0.0,0.50007325,1.0
0.0,0.5,1.0
0.0,0.49978025000000004,1.0
0.0,0.49967037500000006,1.0
0.0,0.49959712500000003,1.0
0.0,0.49919425,1.0
0.0,0.49794900000000003,1.0
0.0,0.497363,1.0
0.0,0.497363,1.0
0.0,0.49743624999999997,1.0
0.0,0.49743624999999997,1.0
0.0,0.49743624999999997,1.0
0.0,0.4975095,1.0
0.0,0.497619375,1.0
0.0,0.497619375,1.0
0.0,0.49769262499999994,1.0
0.0,0.49776587499999997,1.0
0.0,0.49769262499999994,1.0
0.0,0.497363,1.0
0.0,0.497253125,1.0
0.0,0.497106625,1.0
0.0,0.49659387499999996,1.0
0.0,0.49553175,1.0
0.0,0.4942865000000001,1.0
0.0,0.49333425,1.0
0.0,0.49311449999999996,1.0
0.0,0.49311449999999996,1.0
0.0,0.49318775,1.0
0.0,0.49326099999999995,1.0
0.0,0.49326099999999995,1.0
0.0,0.49326099999999995,1.0
0.0,0.49333425,1.0
0.0,0.493590625,1.0
0.0,0.495605,1.0
0.0,0.4969235000000001,1.0
0.0,0.49494574999999996,1.0
0.0,0.49333425,1.0
0.0,0.4942865000000001,1.0
0.0,0.49677699999999997,1.0
0.0,0.4969235000000001,1.0
0.0,0.49816875,1.0
0.0,0.498864625,1.0
0.0,0.49802225,1.0
0.0,0.49783912500000005,1.0
0.0,0.49783912500000005,1.0
0.0,0.49776587499999997,1.0
0.0,0.49776587499999997,1.0
0.0,0.49783912500000005,1.0
0.0,0.49776587499999997,1.0
0.0,0.49776587499999997,1.0
0.0,0.49783912500000005,1.0
0.0,0.49783912500000005,1.0
0.0,0.49776587499999997,1.0
0.0,0.49776587499999997,1.0
0.0,0.49776587499999997,1.0
0.0,0.49769262499999994,1.0
0.0,0.49769262499999994,1.0
0.0,0.49783912500000005,1.0
0.0,0.49776587499999997,1.0
0.0,0.49769262499999994,1.0
0.0,0.49769262499999994,1.0
0.0,0.49769262499999994,1.0
0.0,0.49769262499999994,1.0
0.0,0.49769262499999994,1.0
0.0,0.49769262499999994,1.0
0.0,0.49769262499999994,1.0
0.0,0.49769262499999994,1.0
0.0,0.49769262499999994,1.0
0.0,0.49769262499999994,1.0
0.0,0.49769262499999994,1.0
0.0,0.49769262499999994,1.0
0.0,0.49769262499999994,1.0
0.0,0.49769262499999994,1.0
0.0,0.49769262499999994,1.0
0.0,0.49769262499999994,1.0
0.0,0.49769262499999994,1.0
0.0,0.49769262499999994,1.0
0.0,0.49769262499999994,1.0
0.0,0.49769262499999994,1.0
0.0,0.49769262499999994,1.0
0.0,0.49769262499999994,1.0
0.0,0.49769262499999994,1.0
0.0,0.49769262499999994,1.0
0.0,0.49769262499999994,1.0
0.0,0.49769262499999994,1.0
0.0,0.49769262499999994,1.0
0.0,0.49769262499999994,1.0
0.0,0.49769262499999994,1.0
0.0,0.49769262499999994,1.0
0.0,0.49769262499999994,1.0
0.0,0.49769262499999994,1.0
0.0,0.49769262499999994,1.0
0.0,0.49769262499999994,1.0
0.0,0.49769262499999994,1.0
0.0,0.49769262499999994,1.0
0.0,0.49769262499999994,1.0
0.0,0.49769262499999994,1.0
0.0,0.49769262499999994,1.0
0.0,0.49769262499999994,1.0
0.0,0.49769262499999994,1.0
0.0,0.49769262499999994,1.0
0.0,0.49769262499999994,1.0
0.0,0.49769262499999994,1.0
0.0,0.49769262499999994,1.0
0.0,0.49776587499999997,1.0
0.0,0.49776587499999997,1.0
0.0,0.49783912500000005,1.0
0.0,0.49776587499999997,1.0
0.0,0.49776587499999997,1.0
0.0,0.49783912500000005,1.0
0.0,0.49776587499999997,1.0
0.0,0.49776587499999997,1.0
0.0,0.49776587499999997,1.0
0.0,0.49776587499999997,1.0
0.0,0.49776587499999997,1.0
0.0,0.49776587499999997,1.0
0.0,0.49776587499999997,1.0
0.0,0.49776587499999997,1.0
0.0,0.49776587499999997,1.0
0.0,0.49776587499999997,1.0
0.0,0.49776587499999997,1.0
0.0,0.49776587499999997,1.0
0.0,0.49776587499999997,1.0
0.0,0.49776587499999997,1.0
0.0,0.49776587499999997,1.0
0.0,0.49776587499999997,1.0
0.0,0.49776587499999997,1.0
0.0,0.49776587499999997,1.0
0.0,0.49776587499999997,1.0
0.0,0.49776587499999997,1.0
0.0,0.49776587499999997,1.0
0.0,0.49776587499999997,1.0
0.0,0.49776587499999997,1.0
0.0,0.49776587499999997,1.0
0.0,0.49776587499999997,1.0
0.0,0.49776587499999997,1.0
0.0,0.49776587499999997,1.0
0.0,0.49776587499999997,1.0
0.0,0.49776587499999997,1.0
0.0,0.49776587499999997,1.0
0.0,0.49776587499999997,1.0
0.0,0.49776587499999997,1.0
0.0,0.49776587499999997,1.0
0.0,0.49776587499999997,1.0
0.0,0.49776587499999997,1.0
0.0,0.49776587499999997,1.0
0.0,0.49776587499999997,1.0
0.0,0.49776587499999997,1.0
0.0,0.49776587499999997,1.0
0.0,0.49776587499999997,1.0
0.0,0.49776587499999997,1.0
0.0,0.49776587499999997,1.0
0.0,0.49776587499999997,1.0
0.0,0.49776587499999997,1.0
0.0,0.49776587499999997,1.0
0.0,0.49776587499999997,1.0
0.0,0.49769262499999994,1.0
0.0,0.49769262499999994,1.0
0.0,0.49769262499999994,1.0
0.0,0.49769262499999994,1.0
0.0,0.49769262499999994,1.0
0.0,0.49769262499999994,1.0
0.0,0.49769262499999994,1.0
0.0,0.49769262499999994,1.0
0.0,0.49769262499999994,1.0
0.0,0.49769262499999994,1.0
0.0,0.49783912500000005,1.0
0.0,0.49783912500000005,1.0
0.0,0.49794900000000003,1.0
0.0,0.49769262499999994,1.0
0.0,0.497363,1.0
0.0,0.4975095,1.0
0.0,0.4975095,1.0
0.0,0.4975095,1.0
0.0,0.497619375,1.0
0.0,0.49776587499999997,1.0
0.0,0.49776587499999997,1.0
0.0,0.49776587499999997,1.0
0.0,0.49776587499999997,1.0
0.0,0.497619375,1.0
0.0,0.4975095,1.0
0.0,0.497619375,1.0
0.0,0.49769262499999994,1.0
0.0,0.4975095,1.0
0.0,0.4975095,1.0
0.0,0.497619375,1.0
0.0,0.49769262499999994,1.0
0.0,0.497619375,1.0
0.0,0.497619375,1.0
0.0,0.497619375,1.0
0.0,0.497619375,1.0
0.0,0.497619375,1.0
0.0,0.497619375,1.0
0.0,0.497619375,1.0
0.0,0.497619375,1.0
0.0,0.497619375,1.0
0.0,0.497619375,1.0
0.0,0.497619375,1.0
0.0,0.497619375,1.0
0.0,0.497619375,1.0
0.0,0.497619375,1.0
0.0,0.497619375,1.0
0.0,0.49776587499999997,1.0
0.0,0.49769262499999994,1.0
0.0,0.497363,1.0
0.0,0.49743624999999997,1.0
0.0,0.4980955,1.0
0.0,0.49802225,1.0
0.0,0.49776587499999997,1.0
0.0,0.49776587499999997,1.0
0.0,0.49776587499999997,1.0
0.0,0.49783912500000005,1.0
0.0,0.49783912500000005,1.0
0.0,0.49776587499999997,1.0
0.0,0.49783912500000005,1.0
0.0,0.49783912500000005,1.0
0.0,0.49783912500000005,1.0
0.0,0.49776587499999997,1.0
0.0,0.49783912500000005,1.0
0.0,0.49776587499999997,1.0
0.0,0.49783912500000005,1.0
0.0,0.49776587499999997,1.0
0.0,0.49776587499999997,1.0
0.0,0.49776587499999997,1.0
0.0,0.49776587499999997,1.0
0.0,0.49783912500000005,1.0
0.0,0.49776587499999997,1.0
0.0,0.49783912500000005,1.0
0.0,0.49776587499999997,1.0
0.0,0.49783912500000005,1.0
0.0,0.49783912500000005,1.0
0.0,0.49776587499999997,1.0
0.0,0.49783912500000005,0.0
0.0,0.49776587499999997,0.0
0.0,0.49783912500000005,0.0
0.0,0.49776587499999997,0.0
0.0,0.49783912500000005,0.0
0.040999999999999995,0.49776587499999997,0.0
0.091,0.49783912500000005,0.0
0.11800000000000001,0.49776587499999997,0.0
0.125,0.49783912500000005,0.0
0.126,0.49776587499999997,0.0
0.126,0.497619375,0.0
0.126,0.497619375,0.0
0.126,0.497619375,0.0
0.126,0.49769262499999994,0.0
0.126,0.497619375,0.0
0.126,0.49769262499999994,0.0
0.126,0.49769262499999994,0.0
0.138,0.49776587499999997,0.0
0.151,0.49794900000000003,0.0
0.156,0.49802225,0.0
0.16,0.4980955,0.0
0.161,0.49802225,0.0
0.161,0.49783912500000005,0.0
0.161,0.49776587499999997,0.0
0.161,0.49783912500000005,0.0
0.16899999999999998,0.49783912500000005,0.0
0.174,0.49783912500000005,0.0
0.179,0.49783912500000005,0.0
0.18200001,0.49794900000000003,0.0
0.185,0.4980955,0.0
0.18800001000000002,0.49816875,0.0
0.19300001000000003,0.49816875,0.0
0.19300001000000003,0.49816875,0.0
0.19300001000000003,0.49816875,0.0
0.19399999999999998,0.49816875,0.0
0.19700001,0.498351875,0.0
0.2,0.4992675,0.0
0.2,0.5011353749999999,0.0
0.205,0.5013185,0.0
0.22,0.5011353749999999,0.0
0.22,0.500915625,0.0
0.22,0.50080575,0.0
0.22,0.50080575,0.0
0.22,0.50080575,0.0
0.22,0.50080575,0.0
0.22,0.50080575,0.0
0.22,0.500915625,0.0
0.22,0.5011353749999999,0.0
0.221,0.501648125,0.0
0.22399999999999998,0.5020509999999999,0.0
0.22399999999999998,0.501721375,0.0
0.22399999999999998,0.501648125,0.0
0.22399999999999998,0.501574875,0.0
0.225,0.501062125,0.0
0.225,0.500915625,0.0
0.225,0.500915625,0.0
0.225,0.500988875,0.0
0.225,0.5007325,0.0
0.225,0.5007325,0.0
0.225,0.5011353749999999,0.0
0.225,0.501648125,0.0
0.226,0.5013185,0.0
0.22800001000000003,0.50065925,0.0
0.22899999999999998,0.500476125,0.0
0.22899999999999998,0.50065925,0.0
0.22899999999999998,0.49952387499999995,0.0
0.22899999999999998,0.49875475,0.0
0.22899999999999998,0.498864625,0.0
0.22899999999999998,0.49893787500000003,0.0
0.22899999999999998,0.49868150000000006,0.0
0.22899999999999998,0.49868150000000006,0.0
0.22899999999999998,0.498864625,0.0
0.22899999999999998,0.49875475,0.0
0.22899999999999998,0.49875475,0.0
0.22899999999999998,0.49875475,0.0
0.22899999999999998,0.499011125,0.0
0.22899999999999998,0.499011125,0.0
0.22899999999999998,0.498864625,0.0
0.22899999999999998,0.49893787500000003,0.0
0.22899999999999998,0.499084375,0.0
0.22899999999999998,0.49919425,0.0
0.22899999999999998,0.499084375,0.0
0.22899999999999998,0.499011125,0.0
0.22899999999999998,0.499011125,0.0
0.22899999999999998,0.49919425,0.0
0.22899999999999998,0.49919425,0.0
0.22899999999999998,0.4992675,0.0
0.22899999999999998,0.49952387499999995,0.0
0.22899999999999998,0.499450625,0.0
0.22899999999999998,0.49919425,0.0
0.22899999999999998,0.49959712500000003,0.0
0.23,0.49959712500000003,0.0
0.23,0.499084375,0.0
0.23,0.4992675,0.0
0.23,0.499450625,0.0
0.23,0.4992675,0.0
0.23,0.4992675,0.0
0.23,0.49919425,0.0
0.23700001,0.499450625,0.0
0.23700001,0.49934075,0.0
0.23700001,0.499450625,0.0
0.23800001,0.499084375,0.0
0.23800001,0.499084375,0.0
0.23800001,0.499011125,0.0
0.23800001,0.49893787500000003,0.0
0.23800001,0.49875475,0.0
0.23800001,0.49893787500000003,0.0
0.23800001,0.49893787500000003,0.0
0.23800001,0.499084375,0.0
0.23800001,0.4992675,0.0
0.23800001,0.4992675,0.0
0.23800001,0.4992675,0.0
0.23800001,0.499084375,0.0
0.23800001,0.499011125,0.0
0.23800001,0.499011125,0.0
0.23800001,0.49893787500000003,0.0
0.23800001,0.49893787500000003,0.0
0.23800001,0.498864625,0.0
0.23800001,0.49842512499999997,0.0
0.23800001,0.49842512499999997,0.0
0.23800001,0.49842512499999997,0.0
0.23800001,0.49860825,0.0
0.23800001,0.49875475,0.0
0.23800001,0.49875475,0.0
0.23800001,0.499011125,0.0
0.23800001,0.4998535,0.0
0.23800001,0.5005493750000001,0.0
0.23800001,0.5005493750000001,0.0
0.23800001,0.50065925,0.0
0.23800001,0.500476125,0.0
0.23800001,0.500476125,0.0
0.23800001,0.501062125,0.0
0.23800001,0.5036625,0.0
0.23800001,0.50446825,0.0
0.23800001,0.503552625,0.0
0.23800001,0.502160875,0.0
0.23800001,0.5007325,0.0
0.23800001,0.50021975,0.0
0.23800001,0.500329625,0.0
0.23800001,0.501062125,0.0
0.23800001,0.502307375,0.0
0.23800001,0.5024905000000001,0.0
0.23800001,0.50183125,0.0
0.23800001,0.50183125,0.0
0.23800001,0.50197775,0.0
0.23800001,0.502820125,0.0
0.23800001,0.504395,0.0
0.23800001,0.5047246249999999,0.0
0.23800001,0.504395,0.0
0.23800001,0.50432175,0.0
0.23800001,0.503992125,0.0
0.23800001,0.5037357499999999,0.0
0.23800001,0.503332875,0.0
0.23800001,0.502380625,0.0
0.23800001,0.50139175,0.0
0.23800001,0.500915625,0.0
0.23800001,0.500988875,0.0
0.23800001,0.500915625,0.0
0.23800001,0.500915625,0.0
0.23800001,0.50021975,0.0
0.23800001,0.5001464999999999,0.0
0.23800001,0.50065925,0.0
0.23800001,0.50139175,0.0
0.23800001,0.502820125,0.0
0.23800001,0.5024905000000001,0.0
0.23800001,0.502160875,0.0
0.23800001,0.500915625,0.0
0.23800001,0.5007325,0.0
0.23800001,0.5007325,0.0
0.23800001,0.5007325,0.0
0.23800001,0.5007325,0.0
0.23800001,0.5007325,0.0
0.23800001,0.5007325,0.0
0.23800001,0.5007325,0.0
0.23800001,0.5007325,0.0
0.23800001,0.500988875,0.0
0.23800001,0.500915625,0.0
0.23800001,0.50080575,0.0
0.23800001,0.500476125,0.0
0.23800001,0.5004028749999999,0.0
0.23800001,0.5004028749999999,0.0
0.23800001,0.5005493750000001,0.0
0.23800001,0.500329625,0.0
0.23800001,0.50021975,0.0
0.23800001,0.50021975,0.0
0.23800001,0.500329625,0.0
0.23800001,0.50080575,0.0
0.23800001,0.50080575,0.0
0.23800001,0.50080575,0.0
0.23800001,0.500988875,0.0
0.23,0.500915625,0.0
0.225,0.501062125,0.0
0.22,0.50124525,0.0
0.22,0.500988875,0.0
0.21,0.5005493750000001,0.0
0.2,0.49967037500000006,0.0
0.19800001,0.499450625,0.0
0.18800001000000002,0.49967037500000006,0.0
0.18800001000000002,0.49967037500000006,0.0
0.16300001000000003,0.500476125,0.0
0.146,0.50065925,0.0
0.132,0.50065925,0.0
0.132,0.50065925,0.0
0.11699999999999999,0.50065925,0.0
0.11599999999999999,0.50065925,0.0
0.11599999999999999,0.50139175,0.0
0.115,0.50139175,0.0
0.115,0.50256375,0.0
0.115,0.501465,0.0
0.115,0.500915625,0.0
0.115,0.500915625,0.0
0.115,0.500476125,0.0
0.115,0.5005493750000001,0.0
0.115,0.5007325,0.0
0.115,0.5004028749999999,0.0
0.115,0.5004028749999999,0.0
0.115,0.500329625,0.0
0.115,0.50021975,0.0
0.115,0.5004028749999999,0.0
0.115,0.5004028749999999,0.0
0.115,0.500476125,0.0
0.10400000999999999,0.500329625,0.0
0.09699999999999999,0.5001464999999999,0.0
0.08199999999999999,0.500329625,0.0
0.08199999999999999,0.500329625,0.0
0.07,0.500476125,0.0
0.068,0.5004028749999999,0.0
0.067,0.5004028749999999,0.0
0.067,0.5004028749999999,0.0
0.067,0.5004028749999999,0.0
0.067,0.500476125,0.0
0.067,0.49875475,0.0
0.067,0.4969235000000001,0.0
0.067,0.496447375,0.0
0.067,0.496447375,0.0
0.067,0.497106625,0.0
0.067,0.497619375,0.0
0.067,0.497619375,0.0
0.067,0.497619375,0.0
0.067,0.49769262499999994,0.0
0.067,0.49842512499999997,0.0
0.067,0.49919425,0.0
0.067,0.49992675000000003,0.0
0.067,0.49992675000000003,0.0
0.067,0.50197775,0.0
0.067,0.502820125,0.0
0.067,0.5032230000000001,0.0
0.067,0.5032230000000001,0.0
0.067,0.503332875,0.0
0.067,0.5032230000000001,0.0
0.067,0.5032230000000001,0.0
0.067,0.5032230000000001,0.0
0.073,0.502966625,0.0
0.08,0.5030764999999999,0.0
0.08199999999999999,0.5030764999999999,0.0
0.08199999999999999,0.5030764999999999,0.0
0.08199999999999999,0.5030764999999999,0.0
0.08199999999999999,0.502893375,0.0
0.085,0.502893375,0.0
0.085,0.502893375,0.0
0.085,0.502893375,0.0
0.085,0.502893375,0.0
0.085,0.502820125,0.0
0.086,0.502746875,0.0
0.086,0.502746875,0.0
0.086,0.502746875,0.0
0.086,0.502637,0.0
0.086,0.5007325,0.0
0.086,0.50007325,0.0
0.086,0.50021975,0.0
0.086,0.50021975,0.0
0.086,0.5004028749999999,0.0
0.086,0.500476125,0.0
0.086,0.5004028749999999,0.0
0.086,0.5004028749999999,0.0
0.086,0.500476125,0.0
0.086,0.5004028749999999,0.0
0.086,0.5001464999999999,0.0
0.086,0.49934075,0.0
0.086,0.49934075,0.0
0.086,0.49934075,0.0
0.086,0.49952387499999995,0.0
0.086,0.49952387499999995,0.0
0.086,0.49967037500000006,0.0
0.086,0.49967037500000006,0.0
0.086,0.49992675000000003,0.0
0.086,0.500915625,0.0
0.086,0.501721375,0.0
0.086,0.501721375,0.0
0.087,0.50197775,0.0
0.08800000000000001,0.50197775,0.0
0.08800000000000001,0.5019045,0.0
0.08800000000000001,0.501721375,0.0
0.08800000000000001,0.501574875,0.0
0.08900000999999999,0.501574875,0.0
0.08900000999999999,0.501574875,0.0
0.08900000999999999,0.501574875,0.0
0.08900000999999999,0.501574875,0.0
0.09,0.501465,0.0
0.09300000000000001,0.50139175,0.0
0.1,0.501465,0.0
0.10900001,0.501465,0.0
0.10900001,0.501465,0.0
0.127,0.501465,0.0
0.131,0.501465,0.0
0.131,0.501465,0.0
0.133,0.501465,0.0
0.135,0.501574875,0.0
0.142,0.502307375,0.0
0.142,0.5022341250000001,0.0
0.14400000999999998,0.5019045,0.0
0.145,0.5019045,0.0
0.146,0.5019045,0.0
0.151,0.501648125,0.0
0.15400001,0.501574875,0.0
0.158,0.501574875,0.0
0.16200001,0.5013185,0.0
0.166,0.501062125,0.0
0.179,0.500915625,0.0
0.18899999999999997,0.5007325,0.0
0.18899999999999997,0.5007325,0.0
0.191,0.5004028749999999,0.0
0.191,0.5,0.0
0.191,0.49978025000000004,0.0
0.191,0.4998535,0.0
0.191,0.5,0.0
0.191,0.5,0.0
0.191,0.5,0.0
0.191,0.49992675000000003,0.0
0.191,0.50007325,0.0
0.191,0.50007325,0.0
0.191,0.50007325,0.0
0.191,0.50007325,0.0
0.191,0.50021975,0.0
0.191,0.500915625,0.0
0.191,0.500915625,0.0
0.191,0.501062125,0.0
0.191,0.5011353749999999,0.0
0.191,0.501062125,0.0
0.191,0.5011353749999999,0.0
0.191,0.5011353749999999,0.0
0.191,0.5011353749999999,0.0
0.191,0.5013185,0.0
0.191,0.50139175,0.0
0.191,0.50139175,0.0
0.191,0.50139175,0.0
0.191,0.50139175,0.0
0.191,0.500988875,0.0
0.191,0.500988875,0.0
0.191,0.500988875,0.0
0.191,0.500988875,0.0
0.191,0.500988875,0.0
0.191,0.5007325,0.0
0.191,0.5007325,0.0
0.191,0.5007325,0.0
0.18100000000000002,0.5007325,0.0
0.18100000000000002,0.50080575,0.0
0.16200001,0.50080575,0.0
0.152,0.50080575,0.0
0.136,0.500988875,0.0
0.136,0.500915625,0.0
0.131,0.49967037500000006,0.0
0.128,0.49967037500000006,0.0
0.11800000000000001,0.499450625,0.0
0.111,0.49952387499999995,0.0
0.111,0.49952387499999995,0.0
0.098,0.49919425,0.0
0.098,0.49919425,0.0
0.098,0.49919425,0.0
0.098,0.49934075,0.0
0.098,0.499084375,0.0
0.098,0.499084375,0.0
0.098,0.49802225,0.0
0.098,0.497363,0.0
0.098,0.49783912500000005,0.0
0.098,0.49919425,0.0
0.09699999999999999,0.49919425,0.0
0.08800000000000001,0.50021975,0.0
0.08800000000000001,0.5004028749999999,0.0
0.08,0.500915625,0.0
0.08,0.500915625,0.0
0.076,0.50065925,0.0
0.075,0.50080575,0.0
0.066,0.5011353749999999,0.0
0.064,0.501062125,0.0
0.063,0.501062125,0.0
0.06,0.500915625,0.0
0.06,0.50065925,0.0
0.06,0.5005493750000001,0.0
0.06,0.50021975,0.0
0.06,0.50021975,0.0
0.06,0.49959712500000003,0.0
0.06,0.4992675,0.0
0.06,0.49816875,0.0
0.06,0.49802225,0.0
0.06,0.49802225,0.0
0.06,0.49816875,0.0
0.06,0.4980955,0.0
0.065,0.49743624999999997,0.0
0.065,0.49743624999999997,0.0
0.065,0.497253125,0.0
0.065,0.497363,0.0
0.065,0.49659387499999996,0.0
0.065,0.497106625,0.0
0.065,0.497106625,0.0
0.065,0.497363,0.0
0.065,0.49703337500000005,0.0
0.065,0.49769262499999994,0.0
0.065,0.49769262499999994,0.0
0.065,0.49776587499999997,0.0
0.065,0.49802225,0.0
0.065,0.49816875,0.0
0.065,0.49816875,0.0
0.065,0.49868150000000006,0.0
0.065,0.49868150000000006,0.0
0.066,0.499011125,0.0
0.073,0.49952387499999995,0.0
0.092,0.49952387499999995,0.0
0.092,0.499450625,0.0
0.107,0.49978025000000004,0.0
0.11599999999999999,0.5020509999999999,0.0
0.11599999999999999,0.5020509999999999,0.0
0.121,0.502820125,0.0
0.135,0.5030764999999999,0.0
0.14400000999999998,0.502966625,0.0
0.152,0.502966625,0.0
0.15400001,0.502966625,0.0
0.15400001,0.50256375,0.0
0.155,0.5024905000000001,0.0
0.155,0.50183125,0.0
0.155,0.50183125,0.0
0.155,0.50183125,0.0
0.155,0.501721375,0.0
0.155,0.500988875,0.0
0.156,0.498278625,0.0
0.156,0.498278625,0.0
0.16700001,0.49860825,0.0
0.17,0.499450625,0.0
0.17300001,0.49967037500000006,0.0
0.175,0.49934075,0.0
0.175,0.49934075,0.0
0.175,0.49776587499999997,0.0
0.17600000000000002,0.49633750000000004,0.0
0.17700001,0.498864625,0.0
0.17700001,0.498864625,0.0
0.17700001,0.4998535,0.0
0.17700001,0.49992675000000003,0.0
0.17700001,0.4998535,0.0
0.17700001,0.49992675000000003,0.0
0.17700001,0.49992675000000003,0.0
0.17700001,0.49992675000000003,0.0
0.17700001,0.50021975,0.0
0.17700001,0.50256375,0.0
0.17700001,0.50256375,0.0
0.17700001,0.50388225,0.0
0.17700001,0.5041386250000001,0.0
0.155,0.5037357499999999,0.0
0.146,0.5037357499999999,0.0
0.146,0.5037357499999999,0.0
0.142,0.5037357499999999,0.0
0.13900001,0.5036625,0.0
0.138,0.503479375,0.0
0.13699999999999998,0.503479375,0.0
0.135,0.502893375,0.0
0.135,0.50197775,0.0
0.135,0.50080575,0.0
0.135,0.49992675000000003,0.0
0.135,0.49992675000000003,0.0
0.135,0.5004028749999999,0.0
0.135,0.5005493750000001,0.0
0.135,0.50065925,0.0
0.135,0.50065925,0.0
0.135,0.50065925,0.0
0.135,0.50065925,0.0
0.135,0.50065925,0.0
0.135,0.4998535,0.0
0.135,0.4998535,0.0
0.135,0.49992675000000003,0.0
0.135,0.50007325,0.0
0.135,0.500329625,0.0
0.153,0.500329625,0.0
0.153,0.50065925,0.0
0.161,0.500915625,0.0
0.166,0.501062125,0.0
0.166,0.500915625,0.0
0.166,0.500915625,0.0
0.16700001,0.500915625,0.0
0.16700001,0.500988875,0.0
0.16700001,0.501465,0.0
0.16700001,0.5013185,0.0
0.16700001,0.5013185,0.0
0.16700001,0.50124525,0.0
0.16700001,0.500915625,0.0
0.16700001,0.50080575,0.0
0.16700001,0.5007325,0.0
0.16700001,0.5007325,0.0
0.16700001,0.500476125,0.0
0.16700001,0.5004028749999999,0.0
0.16700001,0.500329625,0.0
0.16700001,0.500329625,0.0
0.16700001,0.500329625,0.0
0.16700001,0.50021975,0.0
0.16700001,0.50021975,0.0
0.16700001,0.50021975,0.0
0.16700001,0.50021975,0.0
0.16700001,0.500329625,0.0
0.16700001,0.5001464999999999,0.0
0.16700001,0.49952387499999995,0.0
0.16700001,0.49952387499999995,0.0
0.16700001,0.49952387499999995,0.0
0.16700001,0.49952387499999995,0.0
0.16700001,0.49952387499999995,0.0
0.16700001,0.49952387499999995,0.0
0.16700001,0.49967037500000006,0.0
0.16700001,0.49967037500000006,0.0
0.16700001,0.49978025000000004,0.0
0.16700001,0.49967037500000006,0.0
0.16700001,0.4992675,0.0
0.16700001,0.49677699999999997,0.0
0.16700001,0.495275375,0.0
0.16700001,0.495275375,0.0
0.16700001,0.49534862500000004,0.0
0.16700001,0.495275375,0.0
0.16700001,0.49659387499999996,0.0
0.16700001,0.49659387499999996,0.0
0.16700001,0.496667125,0.0
0.16700001,0.497253125,0.0
0.16700001,0.49952387499999995,0.0
0.16700001,0.502160875,0.0
0.16700001,0.502160875,0.0
0.16700001,0.5013185,0.0
0.16700001,0.50124525,0.0
0.16700001,0.50124525,0.0
0.16200001,0.50124525,0.0
0.16200001,0.501574875,0.0
0.128,0.501721375,0.0
0.046,0.501574875,0.0
0.0,0.501574875,0.0
0.0,0.501574875,0.0
0.0,0.501574875,0.0
0.0,0.501721375,0.0
0.0,0.502820125,0.0
0.0,0.502893375,0.0
0.0,0.502893375,0.0
0.0,0.502820125,0.0
0.0,0.5024905000000001,0.0
0.0,0.5022341250000001,0.0
0.0,0.5022341250000001,0.0
0.0,0.502160875,0.0
0.0,0.502160875,0.0
0.0,0.5019045,0.0
0.0,0.5019045,0.0
0.0,0.50183125,0.0
0.0,0.50183125,0.0
0.0,0.50183125,0.0
0.0,0.50183125,0.0
0.0,0.50183125,0.0
0.0,0.50183125,0.0
0.0,0.501465,0.0
0.0,0.5005493750000001,0.0
0.0,0.50065925,0.0
0.0,0.50065925,0.0
0.0,0.50065925,0.0
0.0,0.50065925,1.0
0.0,0.50065925,1.0
0.0,0.50065925,1.0
0.0,0.50065925,1.0
0.0,0.5004028749999999,1.0
0.0,0.5001464999999999,1.0
0.0,0.49992675000000003,1.0
0.0,0.49992675000000003,1.0
0.0,0.49992675000000003,1.0
0.0,0.5,1.0
0.0,0.5,1.0
0.0,0.5,1.0
0.0,0.5,1.0
0.0,0.4998535,1.0
0.0,0.4998535,1.0
0.0,0.4992675,1.0
0.0,0.499011125,1.0
0.0,0.499011125,1.0
0.0,0.499084375,1.0
0.0,0.499084375,1.0
0.0,0.499084375,1.0
0.0,0.499084375,1.0
0.0,0.49919425,1.0
0.0,0.49919425,1.0
0.0,0.4992675,1.0
0.0,0.49934075,1.0
0.0,0.499450625,1.0
0.0,0.49959712500000003,1.0
0.0,0.49967037500000006,1.0
0.0,0.49967037500000006,1.0
0.0,0.49992675000000003,1.0
0.0,0.49992675000000003,1.0
0.0,0.49992675000000003,1.0
0.0,0.50007325,1.0
0.0,0.50007325,1.0
0.0,0.50021975,1.0
0.0,0.50080575,1.0
0.0,0.501062125,1.0
0.0,0.501062125,1.0
0.0,0.5020509999999999,1.0
0.0,0.502966625,1.0
0.0,0.5036625,1.0
0.0,0.5036625,1.0
0.0,0.504065375,1.0
0.0,0.50564025,1.0
0.0,0.5073982499999999,1.0
0.0,0.507654625,1.0
0.0,0.507581375,1.0
0.0,0.507581375,1.0
0.0,0.507581375,1.0
0.0,0.5074714991666667,1.0
0.0,0.5073982499999999,1.0
0.0,0.5073982499999999,1.0
0.0,0.5073982499999999,1.0
0.0,0.5074714991666667,1.0
0.0,0.50798425,1.0
0.0,0.50798425,1.0
0.0,0.5083871241666666,1.0
0.0,0.5083871241666666,1.0
0.0,0.5083871241666666,1.0
0.0,0.508240625,1.0
0.0,0.508240625,1.0
0.0,0.50813075,1.0
0.0,0.50798425,1.0
0.0,0.507581375,1.0
0.0,0.507215125,1.0
0.0,0.507215125,1.0
0.0,0.507215125,1.0
0.0,0.506995375,1.0
0.0,0.504981,1.0
0.0,0.504981,1.0
0.0,0.504395,1.0
0.0,0.5030764999999999,1.0
0.0,0.50065925,1.0
0.0,0.5,1.0
0.0,0.5,1.0
0.0,0.49992675000000003,1.0
0.0,0.49967037500000006,1.0
0.0,0.49893787500000003,1.0
0.0,0.49893787500000003,1.0
0.0,0.49875475,1.0
0.0,0.49842512499999997,1.0
0.0,0.49802225,1.0
0.0,0.49600787499999993,1.0
0.0,0.49600787499999993,1.0
0.0,0.49509224999999996,1.0
0.0,0.495019,1.0
0.0,0.49509224999999996,1.0
0.0,0.495019,1.0
0.0,0.495019,1.0
0.0,0.495019,1.0
0.0,0.494762625,1.0
0.0,0.4916128758333334,1.0
0.0,0.4916128758333334,1.0
0.0,0.4907705008333334,1.0
0.0,0.49091700000000005,1.0
0.0,0.491100125,1.0
0.0,0.491100125,1.0
0.0,0.491100125,1.0
0.0,0.491100125,1.0
0.0,0.4911733758333333,1.0
0.0,0.4913565,1.0
0.0,0.4919425,1.0
0.0,0.4919425,1.0
0.0,0.492345375,1.0
0.0,0.492345375,1.0
0.0,0.492345375,1.0
0.0,0.492345375,1.0
0.0,0.4925285008333334,1.0
0.0,0.49293137583333335,1.0
0.0,0.49333425,1.0
0.0,0.494689375,1.0
0.0,0.494689375,1.0
0.0,0.49593462499999996,1.0
0.0,0.49626425,1.0
0.0,0.49633750000000004,1.0
0.0,0.49633750000000004,1.0
0.0,0.496447375,1.0
0.0,0.496447375,1.0
0.0,0.49633750000000004,1.0
0.0,0.49633750000000004,1.0
0.0,0.49633750000000004,1.0
0.0,0.49600787499999993,1.0
0.0,0.495605,1.0
0.0,0.495605,1.0
0.0,0.495605,1.0
0.0,0.49553175,1.0
0.0,0.49553175,1.0
0.0,0.49534862500000004,1.0
0.0,0.49534862500000004,1.0
0.0,0.495275375,1.0
0.0,0.495275375,1.0
0.0,0.495275375,1.0
0.0,0.495275375,1.0
0.0,0.495275375,1.0
0.0,0.49534862500000004,1.0
0.0,0.495605,1.0
0.0,0.495861375,1.0
0.0,0.495861375,1.0
0.0,0.49593462499999996,1.0
0.0,0.49593462499999996,0.0
0.0,0.49593462499999996,0.0
0.0,0.49593462499999996,0.0
0.0,0.49593462499999996,0.0
0.0,0.49593462499999996,0.0
0.0,0.49600787499999993,0.0
0.157,0.49626425,0.0
0.157,0.49626425,0.0
0.161,0.496520625,0.0
0.161,0.496667125,0.0
0.161,0.4969235000000001,0.0
0.161,0.49703337500000005,0.0
0.161,0.49776587499999997,0.0
0.161,0.49776587499999997,0.0
0.161,0.49875475,0.0
0.175,0.500988875,0.0
0.18200001,0.50139175,0.0
0.18200001,0.50139175,0.0
0.19399999999999998,0.501465,0.0
0.201,0.501465,0.0
0.201,0.5030764999999999,0.0
0.201,0.503552625,0.0
0.201,0.503552625,0.0
0.201,0.50505425,0.0
0.201,0.510657875,0.0
0.201,0.5130751241666667,0.0
0.201,0.5130751241666667,0.0
0.20200001,0.5138808741666667,0.0
0.20200001,0.5138076241666667,0.0
0.21,0.5135512491666666,0.0
0.21,0.5135512491666666,0.0
0.22300001000000003,0.5133314999999999,0.0
0.22800001000000003,0.512306,0.0
0.23399999999999999,0.5068122500000001,0.0
0.23399999999999999,0.505164125,0.0
0.24100000000000002,0.505164125,0.0
0.24600000000000002,0.503992125,0.0
0.24700001,0.5019045,0.0
0.24700001,0.49783912500000005,0.0
0.24700001,0.49783912500000005,0.0
0.24700001,0.498351875,0.0
0.24700001,0.49978025000000004,0.0
0.24700001,0.499450625,0.0
0.24700001,0.49919425,0.0
0.24700001,0.49919425,0.0
0.24700001,0.499011125,0.0
0.24700001,0.499011125,0.0
0.24700001,0.49919425,0.0
0.24700001,0.49919425,0.0
0.24700001,0.499084375,0.0
0.24700001,0.49893787500000003,0.0
0.24700001,0.49893787500000003,0.0
0.24700001,0.49600787499999993,0.0
0.24700001,0.49600787499999993,0.0
0.24700001,0.495275375,0.0
0.24700001,0.495421875,0.0
0.24700001,0.49575149999999996,0.0
0.24700001,0.49575149999999996,0.0
0.24700001,0.49611775,0.0
0.24700001,0.49593462499999996,0.0
0.24700001,0.49611775,0.0
0.24700001,0.49600787499999993,0.0
0.24700001,0.49600787499999993,0.0
0.24700001,0.49611775,0.0
0.24700001,0.49611775,0.0
0.249,0.49626425,0.0
0.249,0.49619100000000005,0.0
0.255,0.49619100000000005,0.0
0.256,0.496447375,0.0
0.256,0.49685024999999994,0.0
0.256,0.5,0.0
0.256,0.501721375,0.0
0.256,0.501721375,0.0
0.256,0.5011353749999999,0.0
0.256,0.5004028749999999,0.0
0.256,0.50021975,0.0
0.256,0.50021975,0.0
0.256,0.50021975,0.0
0.256,0.50021975,0.0
0.256,0.50021975,0.0
0.256,0.50021975,0.0
0.256,0.5001464999999999,0.0
0.256,0.50021975,0.0
0.256,0.50021975,0.0
0.256,0.50021975,0.0
0.256,0.50021975,0.0
0.256,0.50021975,0.0
0.256,0.5001464999999999,0.0
0.256,0.5005493750000001,0.0
0.256,0.5005493750000001,0.0
0.256,0.49967037500000006,0.0
0.256,0.499084375,0.0
0.256,0.49893787500000003,0.0
0.256,0.49992675000000003,0.0
0.256,0.49992675000000003,0.0
0.256,0.50007325,0.0
0.256,0.5,0.0
0.256,0.50021975,0.0
0.256,0.50021975,0.0
0.256,0.50065925,0.0
0.256,0.50065925,0.0
0.256,0.501062125,0.0
0.256,0.501465,0.0
0.256,0.501465,0.0
0.256,0.50139175,0.0
0.256,0.501465,0.0
0.256,0.5020509999999999,0.0
0.256,0.5022341250000001,0.0
0.256,0.5022341250000001,0.0
0.256,0.5022341250000001,0.0
0.256,0.5020509999999999,0.0
0.256,0.502160875,0.0
0.256,0.502160875,0.0
0.256,0.5022341250000001,0.0
0.256,0.502307375,0.0
0.256,0.5022341250000001,0.0
0.256,0.5022341250000001,0.0
0.256,0.502160875,0.0
0.256,0.5020509999999999,0.0
0.256,0.50183125,0.0
0.256,0.501574875,0.0
0.25200001,0.501574875,0.0
0.25200001,0.501574875,0.0
0.25200001,0.501648125,0.0
0.25200001,0.501648125,0.0
0.25200001,0.501574875,0.0
0.25200001,0.501574875,0.0
0.25,0.501465,0.0
0.25,0.50139175,0.0
0.24800001000000002,0.50021975,0.0
0.24700001,0.50021975,0.0
0.24700001,0.500329625,0.0
0.24600000000000002,0.5001464999999999,0.0
0.24600000000000002,0.49919425,0.0
0.24600000000000002,0.5,0.0
0.24600000000000002,0.5,0.0
0.24,0.50065925,0.0
0.24,0.500915625,0.0
0.21100000000000002,0.5013185,0.0
0.20200001,0.5013185,0.0
0.19399999999999998,0.501574875,0.0
0.19399999999999998,0.501465,0.0
0.16,0.501574875,0.0
0.13699999999999998,0.50124525,0.0
0.13699999999999998,0.50124525,0.0
0.10300000000000001,0.50124525,0.0
0.08400001,0.500988875,0.0
0.0,0.501062125,0.0
0.0,0.501062125,0.0
0.0,0.5011353749999999,0.0
0.0,0.50124525,0.0
0.0,0.501465,0.0
0.0,0.501648125,0.0
0.0,0.501648125,0.0
0.0,0.501465,0.0
0.0,0.501465,0.0
0.0,0.50183125,0.0
0.0,0.50183125,0.0
0.0,0.501721375,0.0
0.0,0.50183125,0.0
0.0,0.50183125,0.0
0.0,0.501648125,0.0
0.0,0.501648125,0.0
0.0,0.501648125,0.0
0.0,0.501648125,0.0
0.0,0.501574875,0.0
0.0,0.501574875,0.0
0.0,0.50183125,0.0
0.0,0.5019045,0.0
0.0,0.502160875,0.0
0.0,0.5030764999999999,0.0
0.0,0.5030764999999999,0.0
0.0,0.504797875,0.0
0.0,0.505969875,0.0
0.0,0.505383875,0.0
0.0,0.505164125,0.0
0.0,0.505164125,1.0
0.0,0.50490775,1.0
0.0,0.504578125,1.0
0.0,0.5042485,1.0
0.0,0.5042485,1.0
0.0,0.5041386250000001,1.0
0.0,0.5041386250000001,1.0
0.0,0.503992125,1.0
0.0,0.504065375,1.0
0.0,0.504065375,1.0
0.0,0.503992125,1.0
0.0,0.50388225,1.0
0.0,0.503809,1.0
0.0,0.503809,1.0
0.0,0.5037357499999999,1.0
0.0,0.5037357499999999,1.0
0.0,0.5036625,1.0
0.0,0.5036625,1.0
0.0,0.5036625,1.0
0.0,0.503552625,1.0
0.0,0.503552625,1.0
0.0,0.503552625,1.0
0.0,0.503552625,1.0
0.0,0.503552625,1.0
0.0,0.503406125,1.0
0.0,0.503406125,1.0
0.0,0.502746875,1.0
0.0,0.502746875,1.0
0.0,0.50256375,1.0
0.0,0.502307375,1.0
0.0,0.5019045,1.0
0.0,0.501465,1.0
0.0,0.501465,1.0
0.0,0.5013185,1.0
0.0,0.5011353749999999,1.0
0.0,0.50021975,1.0
0.0,0.50021975,1.0
0.0,0.5,1.0
0.0,0.4998535,1.0
0.0,0.49978025000000004,1.0
0.0,0.49978025000000004,1.0
0.0,0.4998535,1.0
0.0,0.4998535,1.0
0.0,0.4998535,1.0
0.0,0.49978025000000004,1.0
0.0,0.499450625,1.0
0.0,0.499450625,1.0
0.0,0.49934075,1.0
0.0,0.499450625,1.0
0.0,0.49952387499999995,1.0
0.0,0.49952387499999995,1.0
0.0,0.49959712500000003,1.0
0.0,0.49959712500000003,1.0
0.0,0.49978025000000004,1.0
0.0,0.49978025000000004,1.0
0.0,0.49967037500000006,1.0
0.0,0.49967037500000006,1.0
0.0,0.49952387499999995,1.0
0.0,0.49934075,1.0
0.0,0.49934075,1.0
0.0,0.4992675,1.0
0.0,0.49919425,1.0
0.0,0.499084375,1.0
0.0,0.499084375,1.0
0.0,0.49919425,1.0
0.0,0.49919425,1.0
0.0,0.49919425,1.0
0.0,0.49919425,1.0
0.0,0.49919425,1.0
0.0,0.49919425,1.0
0.0,0.49919425,1.0
0.0,0.49842512499999997,1.0
0.0,0.49842512499999997,1.0
0.0,0.49769262499999994,1.0
0.0,0.495861375,1.0
0.0,0.49377375,1.0
0.0,0.49293137583333335,1.0
0.0,0.49293137583333335,1.0
0.0,0.49311449999999996,1.0
0.0,0.49344412500000007,1.0
0.0,0.494433,1.0
0.0,0.494433,1.0
0.0,0.495605,1.0
0.0,0.49567825,1.0
0.0,0.49619100000000005,0.0
0.0,0.49659387499999996,0.0
0.0,0.49659387499999996,0.0
0.0,0.497179875,0.0
0.0,0.49868150000000006,0.0
0.0,0.503809,0.0
0.0,0.503809,0.0
0.0,0.5073982499999999,0.0
0.0,0.514906375,0.0
0.0,0.5268827500000001,0.0
0.0,0.5472462491666668,0.0
0.048,0.5472462491666668,0.0
0.081,0.5564024991666666,0.0
0.081,0.5636542508333333,0.0
0.11900000999999999,0.5786338741666667,0.0
0.11900000999999999,0.5786338741666667,0.0
0.12900001,0.5867280008333334,0.0
0.131,0.5943826233333334,0.0
0.14800000000000002,0.5993269983333334,0.0
0.16899999999999998,0.6024034941666666,0.0
0.17700001,0.6024034941666666,0.0
0.18,0.6048207475,0.0
0.18,0.6082268775,0.0
0.18899999999999997,0.6159913758333334,0.0
0.18899999999999997,0.6171633783333333,0.0
0.195,0.6171633783333333,0.0
0.19800001,0.6171633783333333,0.0
0.19800001,0.6169802475,0.0
0.19899999999999998,0.6148193741666668,0.0
0.19899999999999998,0.6148193741666668,0.0
0.19899999999999998,0.6125486250000001,0.0
0.19899999999999998,0.6105708691666666,0.0
0.2,0.6018907483333333,0.0
0.2,0.6018907483333333,0.0
0.204,0.5952982458333334,0.0
0.21100000000000002,0.5881563758333334,0.0
0.24700001,0.5818202466666667,0.0
0.25,0.5776449966666667,0.0
0.25,0.5776449966666667,0.0
0.255,0.5735796224999999,0.0
0.27300001,0.5671336241666667,0.0
0.27300001,0.5572448733333334,0.0
0.28200001,0.5418257491666666,0.0
0.28300001,0.5418257491666666,0.0
0.28300001,0.5396648725,0.0
0.28600000000000003,0.53874925,0.0
0.29100000000000004,0.5380533725,0.0
0.29800001000000004,0.5380533725,0.0
0.299,0.5363319999999999,0.0
0.3,0.5334019975000001,0.0
0.3,0.5315707491666667,0.0
0.314,0.5297395008333333,0.0
0.314,0.5284942499999999,0.0
0.319,0.5275786241666667,0.0
0.32700001,0.5254909991666666,0.0
0.33,0.5148331241666667,0.0
0.33400002,0.5148331241666667,0.0
0.335,0.5115735,0.0
0.335,0.511903125,0.0
0.335,0.512415875,0.0
0.335,0.512415875,0.0
0.335,0.512415875,0.0
0.335,0.512415875,0.0
0.335,0.512415875,0.0
0.335,0.512415875,0.0
0.335,0.512415875,0.0
0.335,0.512415875,0.0
0.335,0.512415875,0.0
0.335,0.512306,0.0
0.335,0.5117199991666667,0.0
0.335,0.5110607500000001,0.0
0.335,0.5105479991666667,0.0
0.33600002,0.509083,0.0
0.33700001,0.505383875,0.0
0.34299999,0.505383875,0.0
0.34799999,0.50564025,0.0
0.35,0.50564025,0.0
0.35,0.5057134999999999,0.0
0.35200001000000003,0.5057134999999999,0.0
0.35299999,0.5057134999999999,0.0
0.35600002000000003,0.50564025,0.0
0.35799999,0.50564025,0.0
0.35799999,0.505567,0.0
0.36,0.505567,0.0
0.36,0.505567,0.0
0.36,0.50549375,0.0
0.36,0.505310625,0.0
0.36,0.505310625,0.0
0.36,0.505164125,0.0
0.36,0.5047246249999999,0.0
0.36,0.503479375,0.0
0.36,0.500915625,0.0
0.36,0.500915625,0.0
0.36,0.50080575,0.0
0.36,0.50065925,0.0
0.36,0.500915625,0.0
0.36,0.500988875,0.0
0.36,0.50080575,0.0
0.36,0.50080575,0.0
0.36,0.500915625,0.0
0.36,0.500915625,0.0
0.36,0.500988875,0.0
0.36100002000000003,0.50139175,0.0
0.36100002000000003,0.501721375,0.0
0.37299999,0.501721375,0.0
0.39600002,0.501062125,0.0
0.39700001,0.500988875,0.0
0.39700001,0.500915625,0.0
0.39700001,0.50080575,0.0
0.39700001,0.500915625,0.0
0.39799998999999997,0.50124525,0.0
0.39799998999999997,0.50139175,0.0
0.39799998999999997,0.501465,0.0
0.39799998999999997,0.5020509999999999,0.0
0.39799998999999997,0.5022341250000001,0.0
0.39799998999999997,0.50197775,0.0
0.39799998999999997,0.50139175,0.0
0.39799998999999997,0.50139175,0.0
0.39799998999999997,0.50124525,0.0
0.39799998999999997,0.5013185,0.0
0.39799998999999997,0.5013185,0.0
0.39799998999999997,0.50139175,0.0
0.39799998999999997,0.50139175,0.0
0.39799998999999997,0.5013185,0.0
0.39799998999999997,0.5013185,0.0
0.39799998999999997,0.5013185,0.0
0.39799998999999997,0.50139175,0.0
0.39799998999999997,0.50139175,0.0
0.39799998999999997,0.500988875,0.0
0.39799998999999997,0.500915625,0.0
0.39799998999999997,0.500915625,0.0
0.39799998999999997,0.500915625,0.0
0.39799998999999997,0.500915625,0.0
0.39799998999999997,0.500915625,0.0
0.39799998999999997,0.500915625,0.0
0.39799998999999997,0.500915625,0.0
0.39799998999999997,0.500915625,0.0
0.39799998999999997,0.500915625,0.0
0.39799998999999997,0.500915625,0.0
0.39799998999999997,0.500915625,0.0
0.39799998999999997,0.500915625,0.0
0.39799998999999997,0.500915625,0.0
0.39799998999999997,0.500915625,0.0
0.39799998999999997,0.4998535,0.0
0.39799998999999997,0.498351875,0.0
0.39799998999999997,0.49802225,0.0
0.39799998999999997,0.497253125,0.0
0.39799998999999997,0.497179875,0.0
0.39799998999999997,0.497363,0.0
0.39799998999999997,0.49783912500000005,0.0
0.39799998999999997,0.49783912500000005,0.0
0.39799998999999997,0.49919425,0.0
0.39799998999999997,0.50021975,0.0
0.39799998999999997,0.50065925,0.0
0.39799998999999997,0.5007325,0.0
0.39799998999999997,0.50065925,0.0
0.39799998999999997,0.5007325,0.0
0.39299999,0.5007325,0.0
0.39200001,0.5007325,0.0
0.39200001,0.5007325,0.0
0.39,0.500329625,0.0
0.39,0.500329625,0.0
0.39,0.5005493750000001,0.0
0.38900002,0.5005493750000001,0.0
0.38700001,0.500476125,0.0
0.38700001,0.5007325,0.0
0.38299999,0.5007325,0.0
0.38200001,0.5007325,0.0
0.37400002,0.50080575,0.0
0.37100002000000004,0.501062125,0.0
0.37100002000000004,0.501062125,0.0
0.37100002000000004,0.500988875,0.0
0.37100002000000004,0.500988875,0.0
0.37,0.500988875,0.0
0.37,0.500988875,0.0
0.37,0.500988875,0.0
0.37,0.500988875,0.0
0.36900002,0.501062125,0.0
0.365,0.501648125,0.0
0.365,0.501648125,0.0
0.36400002,0.501465,0.0
0.36400002,0.501574875,0.0
0.36200001,0.5013185,0.0
0.36100002000000003,0.5013185,0.0
0.36100002000000003,0.5013185,0.0
0.35900002000000003,0.5013185,0.0
0.35799999,0.5011353749999999,0.0
0.35,0.5011353749999999,0.0
0.35,0.5011353749999999,0.0
0.34799999,0.50139175,0.0
0.34400002,0.50183125,0.0
0.33600002,0.50197775,0.0
0.33200001,0.50197775,0.0
0.33200001,0.501648125,0.0
0.33100002000000006,0.500915625,0.0
0.33100002000000006,0.50021975,0.0
0.32900002,0.500329625,0.0
0.32900002,0.500329625,0.0
0.32700001,0.5004028749999999,0.0
0.325,0.49992675000000003,0.0
0.32400002,0.49919425,0.0
0.32299999,0.499084375,0.0
0.32299999,0.499450625,0.0
0.32200001,0.499450625,0.0
0.32,0.49952387499999995,0.0
0.32,0.49978025000000004,0.0
0.32,0.4998535,0.0
0.32,0.4998535,0.0
0.32,0.4998535,0.0
0.31800001,0.49992675000000003,0.0
0.31700001,0.49992675000000003,0.0
0.31700001,0.49992675000000003,0.0
0.31700001,0.5,0.0
0.31700001,0.5001464999999999,0.0
0.31700001,0.5004028749999999,0.0
0.31700001,0.5004028749999999,0.0
0.31700001,0.5001464999999999,0.0
0.31700001,0.50007325,0.0
0.316,0.50007325,0.0
0.314,0.50007325,0.0
0.314,0.4998535,0.0
0.31300001,0.4998535,0.0
0.31200001,0.49992675000000003,0.0
0.31,0.49992675000000003,0.0
0.31,0.49992675000000003,0.0
0.31,0.49992675000000003,0.0
0.31,0.5001464999999999,0.0
0.31,0.5001464999999999,0.0
0.31,0.50021975,0.0
0.31,0.50021975,0.0
0.31,0.5001464999999999,0.0
0.31,0.5001464999999999,0.0
0.31,0.5004028749999999,0.0
0.31,0.500476125,0.0
0.31,0.500476125,0.0
0.31,0.500476125,0.0
0.31,0.5004028749999999,0.0
0.31,0.5005493750000001,0.0
0.31,0.5019045,0.0
0.31,0.5019045,0.0
0.31,0.502746875,0.0
0.31,0.502160875,0.0
0.31,0.50197775,0.0
0.31,0.50197775,0.0
0.31,0.5020509999999999,0.0
0.309,0.5022341250000001,0.0
0.309,0.502160875,0.0
0.309,0.502160875,0.0
0.309,0.502307375,0.0
0.309,0.50256375,0.0
0.309,0.502893375,0.0
0.309,0.502893375,0.0
0.309,0.502893375,0.0
0.309,0.5032230000000001,0.0
0.309,0.503479375,0.0
0.309,0.503332875,0.0
0.309,0.5031497500000001,0.0
0.309,0.502966625,0.0
0.309,0.502893375,0.0
0.309,0.502893375,0.0
0.309,0.502820125,0.0
0.309,0.502893375,0.0
0.309,0.503332875,0.0
0.284,0.505567,0.0
0.26800001,0.5062995,0.0
0.26800001,0.505567,0.0
0.26800001,0.504797875,0.0
0.264,0.5047246249999999,0.0
0.255,0.5036625,0.0
0.28600000000000003,0.502746875,0.0
0.28600000000000003,0.5024905000000001,0.0
0.37600002000000005,0.502307375,0.0
0.44400002,0.5019045,0.0
0.56799999,0.501465,0.0
0.56799999,0.500988875,0.0
0.60700001,0.500988875,0.0
0.69599998,0.501062125,0.0
0.83300003,0.50124525,0.0
0.895,0.5013185,0.0
0.895,0.50124525,0.0
0.87400002,0.501062125,0.0
0.78099998,0.501062125,0.0
0.595,0.50065925,0.0
0.59,0.5005493750000001,0.0
0.59,0.5005493750000001,0.0
0.55299999,0.5005493750000001,0.0
0.48200001,0.500476125,0.0
0.44600002000000005,0.5,0.0
0.44600002000000005,0.499450625,0.0
0.44600002000000005,0.499011125,0.0
0.43299999,0.49875475,0.0
0.41200001,0.498351875,0.0
0.41200001,0.49776587499999997,0.0
0.41200001,0.4975095,0.0
0.41200001,0.49743624999999997,0.0
0.41200001,0.497363,0.0
0.41200001,0.497363,0.0
0.41200001,0.497179875,0.0
0.41200001,0.497363,0.0
0.41200001,0.49769262499999994,0.0
0.41200001,0.49802225,0.0
0.41200001,0.49802225,0.0
0.41200001,0.49860825,0.0
0.41200001,0.49934075,0.0
0.41200001,0.49952387499999995,0.0
0.41200001,0.49978025000000004,0.0
0.41200001,0.5001464999999999,0.0
0.41200001,0.500329625,0.0
0.40600002,0.50065925,0.0
0.36799999,0.50065925,0.0
0.29300001000000003,0.5004028749999999,0.0
0.29300001000000003,0.5004028749999999,0.0
0.24300001000000002,0.500915625,0.0
0.087,0.501465,0.0
0.0,0.5011353749999999,0.0
0.0,0.5011353749999999,0.0
0.0,0.501648125,0.0
0.0,0.5019045,0.0
0.0,0.5020509999999999,0.0
0.0,0.502307375,0.0
0.0,0.502820125,0.0
0.0,0.502966625,0.0
0.0,0.502820125,0.0
0.0,0.502893375,0.0
0.0,0.502893375,0.0
0.0,0.502820125,0.0
0.0,0.502820125,0.0
0.0,0.502380625,0.0
0.0,0.502380625,0.0
0.0,0.502380625,0.0
0.0,0.5020509999999999,0.0
0.0,0.502160875,0.0
0.0,0.502160875,0.0
0.0,0.502160875,0.0
0.0,0.502637,0.0
0.0,0.502637,0.0
0.0,0.502746875,0.0
0.0,0.502637,0.0
0.0,0.502380625,0.0
0.0,0.502307375,0.0
0.0,0.5022341250000001,0.0
0.0,0.502160875,0.0
0.0,0.502160875,0.0
0.0,0.5022341250000001,0.0
0.0,0.5022341250000001,0.0
0.0,0.5022341250000001,0.0
0.0,0.5020509999999999,0.0
0.0,0.5020509999999999,0.0
0.0,0.50197775,0.0
0.0,0.501721375,0.0
0.0,0.50124525,0.0
0.0,0.50124525,0.0
0.0,0.5011353749999999,0.0
0.0,0.5011353749999999,0.0
0.0,0.5011353749999999,0.0
0.0,0.500988875,0.0
0.0,0.50080575,0.0
0.0,0.50065925,0.0
0.0,0.500329625,0.0
0.0,0.50021975,0.0
0.0,0.50065925,0.0
0.0,0.5007325,0.0
0.0,0.50065925,0.0
0.0,0.5005493750000001,0.0
0.0,0.5005493750000001,0.0
0.0,0.500476125,0.0
0.0,0.5005493750000001,0.0
0.0,0.500476125,0.0
0.032,0.500476125,0.0
0.042,0.5004028749999999,0.0
0.042,0.5,0.0
0.042,0.49967037500000006,0.0
0.042,0.49967037500000006,0.0
0.042,0.49992675000000003,0.0
0.042,0.49992675000000003,0.0
0.042,0.49992675000000003,0.0
0.042,0.5,0.0
0.042,0.5,0.0
0.042,0.5,0.0
0.042,0.5,0.0
0.042,0.5,0.0
0.042,0.50007325,0.0
0.042,0.50007325,0.0
0.042,0.5001464999999999,0.0
0.042,0.5001464999999999,0.0
0.042,0.50021975,0.0
0.042,0.500329625,0.0
0.042,0.500329625,0.0
0.042,0.50021975,0.0
0.042,0.50021975,0.0
0.042,0.5001464999999999,0.0
0.042,0.5001464999999999,0.0
0.042,0.5001464999999999,0.0
0.042,0.5001464999999999,0.0
0.042,0.5001464999999999,0.0
0.042,0.500476125,0.0
0.042,0.5007325,0.0
0.042,0.5007325,0.0
0.043,0.5005493750000001,0.0
0.043,0.500476125,0.0
0.043,0.500476125,0.0
0.043,0.500476125,0.0
0.043,0.500476125,0.0
0.043,0.500476125,0.0
0.043,0.5004028749999999,0.0
0.0,0.5004028749999999,0.0
0.0,0.500476125,0.0
0.0,0.500476125,0.0
0.0,0.500476125,0.0
0.0,0.500476125,0.0
0.0,0.50080575,0.0
0.0,0.500988875,0.0
0.0,0.501062125,0.0
0.0,0.500915625,0.0
0.0,0.5007325,0.0
0.0,0.5007325,0.0
0.0,0.5007325,0.0
0.0,0.50065925,0.0
0.0,0.5005493750000001,0.0
0.0,0.500476125,0.0
0.0,0.50021975,0.0
0.0,0.50021975,0.0
0.0,0.5,0.0
0.0,0.49992675000000003,0.0
0.0,0.49992675000000003,0.0
0.0,0.49992675000000003,0.0
0.0,0.49992675000000003,0.0
0.0,0.49992675000000003,0.0
0.0,0.5,0.0
0.0,0.49992675000000003,0.0
0.0,0.5,0.0
0.0,0.49992675000000003,0.0
0.0,0.5,0.0
0.0,0.5,0.0
0.0,0.5,0.0
0.0,0.50007325,0.0
0.0,0.50021975,0.0
0.0,0.500329625,0.0
0.0,0.5004028749999999,0.0
0.0,0.500476125,0.0
0.0,0.500476125,0.0
0.0,0.500476125,0.0
0.0,0.5005493750000001,0.0
0.0,0.500476125,0.0
0.0,0.50065925,0.0
0.0,0.50080575,0.0
0.0,0.500915625,0.0
0.0,0.500915625,0.0
0.044000000000000004,0.50080575,0.0
0.063,0.50080575,0.0
0.064,0.5007325,0.0
0.065,0.5007325,0.0
0.07,0.50065925,0.0
0.07,0.50065925,0.0
0.073,0.5005493750000001,0.0
0.095,0.5005493750000001,0.0
0.095,0.50065925,0.0
0.11800000000000001,0.50065925,0.0
0.14800000000000002,0.50065925,0.0
0.18,0.50065925,0.0
0.20800001,0.50065925,0.0
0.20800001,0.50065925,0.0
0.214,0.50065925,0.0
0.215,0.50065925,0.0
0.215,0.5004028749999999,0.0
0.215,0.5004028749999999,0.0
0.215,0.5004028749999999,0.0
0.215,0.5004028749999999,0.0
0.215,0.5004028749999999,0.0
0.215,0.5004028749999999,0.0
0.215,0.500329625,0.0
0.215,0.50021975,0.0
0.215,0.49967037500000006,0.0
0.215,0.49959712500000003,0.0
0.215,0.49992675000000003,0.0
0.215,0.50007325,0.0
0.215,0.5005493750000001,0.0
0.215,0.5007325,0.0
0.215,0.5005493750000001,0.0
0.215,0.5004028749999999,0.0
0.215,0.500329625,0.0
0.215,0.50021975,0.0
0.23700001,0.50021975,0.0
0.23700001,0.500329625,0.0
0.25300001,0.500329625,0.0
0.26300001,0.500329625,0.0
0.264,0.500329625,0.0
0.264,0.500329625,0.0
0.264,0.500329625,0.0
0.264,0.5004028749999999,0.0
0.264,0.5004028749999999,0.0
0.264,0.5004028749999999,0.0
0.264,0.5004028749999999,0.0
0.264,0.500915625,0.0
0.264,0.50080575,0.0
0.264,0.50065925,0.0
0.264,0.50065925,0.0
0.264,0.50065925,0.0
0.264,0.500988875,0.0
0.264,0.5019045,0.0
0.264,0.501648125,0.0
0.264,0.501721375,0.0
0.264,0.501648125,0.0
0.264,0.5013185,0.0
0.264,0.5011353749999999,0.0
0.264,0.50080575,0.0
0.264,0.5005493750000001,0.0
0.264,0.500476125,0.0
0.264,0.5004028749999999,0.0
0.264,0.50007325,0.0
0.264,0.50007325,0.0
0.264,0.5,0.0
0.264,0.49992675000000003,0.0
0.26,0.49978025000000004,0.0
0.251,0.49978025000000004,0.0
0.244,0.49978025000000004,0.0
0.244,0.49959712500000003,0.0
0.225,0.498864625,0.0
0.21800001000000002,0.49868150000000006,0.0
0.21700001,0.49952387499999995,0.0
0.21700001,0.49967037500000006,0.0
0.215,0.49978025000000004,0.0
0.209,0.49978025000000004,0.0
0.19300001000000003,0.50007325,0.0
0.19200001,0.500915625,0.0
0.19200001,0.500476125,0.0
0.19200001,0.500329625,0.0
0.19200001,0.5001464999999999,0.0
0.18899999999999997,0.49992675000000003,0.0
0.18700001,0.49978025000000004,0.0
0.18700001,0.49978025000000004,0.0
0.18700001,0.49967037500000006,0.0
0.18700001,0.49919425,0.0
0.18700001,0.49919425,0.0
0.191,0.49783912500000005,0.0
0.191,0.497363,0.0
0.204,0.497363,0.0
0.225,0.4969235000000001,0.0
0.225,0.49677699999999997,0.0
0.225,0.49685024999999994,0.0
0.225,0.497106625,0.0
0.225,0.497253125,0.0
0.225,0.497253125,0.0
0.225,0.497363,0.0
0.225,0.49743624999999997,0.0
0.225,0.49769262499999994,0.0
0.225,0.49842512499999997,0.0
0.225,0.49842512499999997,0.0
0.225,0.49875475,0.0
0.225,0.499011125,0.0
0.225,0.499084375,0.0
0.22200001,0.4992675,0.0
0.22,0.49959712500000003,0.0
0.21600000000000003,0.49959712500000003,0.0
0.21300001000000002,0.501465,0.0
0.21300001000000002,0.501648125,0.0
0.21300001000000002,0.5011353749999999,0.0
0.21300001000000002,0.501062125,0.0
0.21300001000000002,0.5013185,0.0
0.21300001000000002,0.501465,0.0
0.21300001000000002,0.501465,0.0
0.21200001000000002,0.501465,0.0
0.2,0.5013185,0.0
0.151,0.5011353749999999,0.0
0.079,0.5011353749999999,0.0
0.042,0.50139175,0.0
0.027999999999999997,0.5019045,0.0
0.023,0.50183125,0.0
0.023,0.5001464999999999,0.0
0.0,0.50183125,0.0
0.0,0.504797875,0.0
0.0,0.504651375,0.0
0.0,0.5030764999999999,0.0
0.0,0.502966625,0.0
0.0,0.503332875,0.0
0.0,0.5024905000000001,0.0
0.0,0.501648125,0.0
0.0,0.500988875,0.0
0.0,0.50080575,0.0
0.0,0.500988875,0.0
0.0,0.50080575,0.0
0.0,0.500988875,0.0
0.0,0.501648125,0.0
0.0,0.501465,0.0
0.0,0.50139175,0.0
0.0,0.501721375,0.0
0.0,0.5019045,0.0
0.0,0.5019045,0.0
0.0,0.501721375,0.0
0.0,0.501648125,0.0
0.0,0.5011353749999999,0.0
0.05,0.501062125,0.0
0.05,0.50124525,0.0
0.06,0.50124525,0.0
0.07,0.50124525,0.0
0.073,0.50139175,0.0
0.075,0.5013185,0.0
0.078,0.5013185,0.0
0.087,0.50124525,0.0
0.098,0.5011353749999999,0.0
0.128,0.501062125,0.0
0.132,0.50080575,0.0
0.132,0.500476125,0.0
0.132,0.5007325,0.0
0.132,0.500988875,0.0
0.13400001,0.500915625,0.0
0.13400001,0.5013185,0.0
0.13400001,0.50139175,0.0
0.13400001,0.5013185,0.0
0.13400001,0.5013185,0.0
0.13400001,0.5013185,0.0
0.13400001,0.5011353749999999,0.0
0.13400001,0.5007325,0.0
0.13400001,0.50021975,0.0
0.13400001,0.500329625,0.0
0.13400001,0.50021975,0.0
0.13400001,0.50021975,0.0
0.13400001,0.50021975,0.0
0.13400001,0.50021975,0.0
0.13400001,0.50021975,0.0
0.13400001,0.5001464999999999,0.0
0.13400001,0.5001464999999999,0.0
0.106,0.50007325,0.0
0.085,0.4998535,0.0
0.085,0.4998535,0.0
0.085,0.49967037500000006,0.0
0.085,0.49992675000000003,0.0
0.085,0.50021975,0.0
0.085,0.50021975,0.0
0.085,0.5,0.0
0.085,0.49978025000000004,0.0
0.09400001,0.49992675000000003,0.0
0.10099999999999999,0.500329625,0.0
0.102,0.500329625,0.0
0.102,0.5001464999999999,0.0
0.102,0.49959712500000003,0.0
0.102,0.49934075,0.0
0.105,0.499011125,0.0
0.11199999999999999,0.49842512499999997,0.0
0.127,0.49842512499999997,0.0
0.138,0.49860825,0.0
0.151,0.49868150000000006,0.0
0.165,0.49802225,0.0
0.179,0.49893787500000003,0.0
0.18300001000000002,0.49934075,0.0
0.18700001,0.4980955,0.0
0.19899999999999998,0.497106625,0.0
0.204,0.497363,0.0
0.20700001,0.49816875,0.0
0.209,0.49860825,0.0
0.209,0.49875475,0.0
0.209,0.499011125,0.0
0.21,0.499084375,0.0
0.21,0.499084375,0.0
0.21,0.49919425,0.0
0.21,0.49934075,0.0
0.21,0.49934075,0.0
0.21,0.49967037500000006,0.0
0.21,0.49992675000000003,0.0
0.21,0.500476125,0.0
0.21,0.500329625,0.0
0.21,0.5007325,0.0
0.21,0.501574875,0.0
0.21,0.501465,0.0
0.21200001000000002,0.50139175,0.0
0.21600000000000003,0.50183125,0.0
0.21600000000000003,0.50183125,0.0
0.22300001000000003,0.5007325,0.0
0.22800001000000003,0.49992675000000003,0.0
0.22899999999999998,0.49992675000000003,0.0
0.22899999999999998,0.500915625,0.0
0.23,0.50080575,0.0
0.231,0.5005493750000001,0.0
0.231,0.50080575,0.0
0.231,0.5011353749999999,0.0
0.231,0.50124525,0.0
0.231,0.50183125,0.0
0.231,0.5020509999999999,0.0
0.231,0.502380625,0.0
0.231,0.502637,0.0
0.231,0.5024905000000001,0.0
0.231,0.5024905000000001,0.0
0.231,0.502637,0.0
0.231,0.502307375,0.0
0.231,0.501648125,0.0
0.231,0.50124525,0.0
0.231,0.501062125,0.0
0.231,0.501062125,0.0
0.231,0.501062125,0.0
0.231,0.500988875,0.0
0.231,0.500988875,0.0
0.231,0.5005493750000001,0.0
0.22700001,0.500329625,0.0
0.22700001,0.50021975,0.0
0.22700001,0.50021975,0.0
0.22700001,0.5004028749999999,0.0
0.22700001,0.5005493750000001,0.0
0.22700001,0.5007325,0.0
0.226,0.501574875,0.0
0.225,0.5032230000000001,0.0
0.21300001000000002,0.503809,0.0
0.19800001,0.503332875,0.0
0.16700001,0.502966625,0.0
0.136,0.502966625,0.0
0.11800000000000001,0.502746875,0.0
0.085,0.50256375,0.0
0.04,0.502746875,0.0
0.0,0.5030764999999999,0.0
0.0,0.5030764999999999,0.0
0.0,0.5031497500000001,0.0
0.0,0.5032230000000001,0.0
0.0,0.5032230000000001,0.0
0.0,0.5031497500000001,0.0
0.0,0.5031497500000001,0.0
0.0,0.5031497500000001,0.0
0.0,0.503332875,0.0
0.0,0.503809,0.0
0.0,0.50490775,0.0
0.0,0.5047246249999999,0.0
0.0,0.5047246249999999,0.0
0.0,0.503992125,0.0
0.0,0.5037357499999999,0.0
0.034,0.503809,0.0
0.037000000000000005,0.5041386250000001,0.0
0.04,0.504395,0.0
0.042,0.504797875,0.0
0.045,0.505310625,0.0
0.045,0.505310625,0.0
0.048,0.505383875,0.0
0.049,0.505383875,0.0
0.049,0.505383875,0.0
0.049,0.505383875,0.0
0.05,0.5058233750000001,0.0
0.055,0.50622625,0.0
0.057,0.505969875,0.0
0.057,0.505896625,0.0
0.057,0.505896625,0.0
0.057,0.505896625,0.0
0.057,0.5057134999999999,0.0
0.057999999999999996,0.505567,0.0
0.059000000000000004,0.50505425,0.0
0.061,0.50446825,0.0
0.064,0.504578125,0.0
0.066,0.5047246249999999,0.0
0.068,0.5047246249999999,0.0
0.07400000000000001,0.5047246249999999,0.0
0.087,0.504981,0.0
0.096,0.505237375,0.0
0.10099999999999999,0.505237375,0.0
0.10300000000000001,0.505237375,0.0
0.106,0.50564025,0.0
0.107,0.505969875,0.0
0.10800000000000001,0.50549375,0.0
0.10800000000000001,0.504981,0.0
0.10800000000000001,0.504797875,0.0
0.10800000000000001,0.5047246249999999,0.0
0.10900001,0.5047246249999999,0.0
0.10900001,0.5047246249999999,0.0
0.10900001,0.504797875,0.0
0.10900001,0.5047246249999999,0.0
0.10900001,0.504981,0.0
0.111,0.505567,0.0
0.11199999999999999,0.505383875,0.0
0.11199999999999999,0.50505425,0.0
0.11199999999999999,0.50505425,0.0
0.11199999999999999,0.504797875,0.0
0.11199999999999999,0.50446825,0.0
0.11199999999999999,0.50432175,0.0
0.11199999999999999,0.504395,0.0
0.11199999999999999,0.504395,0.0
0.11199999999999999,0.50446825,0.0
0.11199999999999999,0.50505425,0.0
0.11199999999999999,0.505237375,0.0
0.11199999999999999,0.504981,0.0
0.11199999999999999,0.504578125,0.0
0.11199999999999999,0.504395,0.0
0.11199999999999999,0.504395,0.0
0.11199999999999999,0.50446825,0.0
0.11199999999999999,0.50446825,0.0
0.11199999999999999,0.504797875,0.0
0.11199999999999999,0.50607975,0.0
0.11199999999999999,0.5064093749999999,0.0
0.11199999999999999,0.505896625,0.0
0.11199999999999999,0.505383875,0.0
0.11199999999999999,0.505383875,0.0
0.11199999999999999,0.505383875,0.0
0.11199999999999999,0.505383875,0.0
0.11199999999999999,0.5058233750000001,0.0
0.11199999999999999,0.505896625,0.0
0.11199999999999999,0.5057134999999999,0.0
0.11199999999999999,0.505383875,0.0
0.11199999999999999,0.50505425,0.0
0.11199999999999999,0.50490775,0.0
0.11199999999999999,0.504981,0.0
0.11199999999999999,0.50505425,0.0
0.11199999999999999,0.50505425,0.0
0.11199999999999999,0.50505425,0.0
0.11199999999999999,0.505164125,0.0
0.11199999999999999,0.505237375,0.0
0.11199999999999999,0.50564025,0.0
0.11199999999999999,0.5058233750000001,0.0
0.11199999999999999,0.505567,0.0
0.11199999999999999,0.505383875,0.0
0.11199999999999999,0.505383875,0.0
0.11199999999999999,0.50490775,0.0
0.11199999999999999,0.504651375,0.0
0.11199999999999999,0.504578125,0.0
0.11199999999999999,0.504651375,0.0
0.11199999999999999,0.504797875,0.0
0.11199999999999999,0.504797875,0.0
0.11199999999999999,0.50490775,0.0
0.11199999999999999,0.505164125,0.0
0.11199999999999999,0.505164125,0.0
0.11199999999999999,0.505310625,0.0
0.11199999999999999,0.5057134999999999,0.0
0.11199999999999999,0.5057134999999999,0.0
0.11199999999999999,0.50564025,0.0
0.11199999999999999,0.505567,0.0
0.11199999999999999,0.505567,0.0
0.11199999999999999,0.505567,0.0
0.11199999999999999,0.50549375,0.0
0.11199999999999999,0.505383875,0.0
0.11199999999999999,0.505567,0.0
0.11199999999999999,0.5058233750000001,0.0
0.11199999999999999,0.505969875,0.0
0.11199999999999999,0.505896625,0.0
0.11199999999999999,0.5057134999999999,0.0
0.11199999999999999,0.505164125,0.0
0.11199999999999999,0.505164125,0.0
0.11199999999999999,0.505164125,0.0
0.11199999999999999,0.505164125,0.0
0.11199999999999999,0.505237375,0.0
0.11199999999999999,0.505383875,0.0
0.11199999999999999,0.505383875,0.0
0.11199999999999999,0.505567,0.0
0.11199999999999999,0.50564025,0.0
0.11199999999999999,0.50564025,0.0
0.11199999999999999,0.50564025,0.0
0.11199999999999999,0.50564025,0.0
0.11199999999999999,0.5057134999999999,0.0
0.11199999999999999,0.5058233750000001,0.0
0.106,0.50564025,0.0
0.105,0.50564025,0.0
0.10400000999999999,0.505310625,0.0
0.102,0.504651375,0.0
0.102,0.504065375,0.0
0.098,0.503992125,0.0
0.096,0.50388225,0.0
0.09400001,0.503992125,0.0
0.091,0.504065375,0.0
0.083,0.50432175,0.0
0.078,0.50446825,0.0
0.075,0.50446825,0.0
0.073,0.50446825,0.0
0.073,0.504651375,0.0
0.073,0.50490775,0.0
0.07200000000000001,0.505164125,0.0
0.07200000000000001,0.505310625,0.0
0.07200000000000001,0.505383875,0.0
0.07200000000000001,0.50549375,0.0
0.07200000000000001,0.505383875,0.0
0.07200000000000001,0.505383875,0.0
0.07200000000000001,0.50549375,0.0
0.07200000000000001,0.5058233750000001,0.0
0.07200000000000001,0.506153,0.0
0.07200000000000001,0.5062995,0.0
0.07200000000000001,0.50607975,0.0
0.07200000000000001,0.5057134999999999,0.0
0.07200000000000001,0.505567,0.0
0.07200000000000001,0.50564025,0.0
0.07200000000000001,0.50564025,0.0
0.07200000000000001,0.50564025,0.0
0.07200000000000001,0.50564025,0.0
0.07200000000000001,0.5057134999999999,0.0
0.07200000000000001,0.5058233750000001,0.0
0.07200000000000001,0.5057134999999999,0.0
0.07200000000000001,0.505567,0.0
0.07200000000000001,0.505567,0.0
0.07200000000000001,0.505567,0.0
0.07200000000000001,0.505383875,0.0
0.07200000000000001,0.50549375,0.0
0.07200000000000001,0.505567,0.0
0.07200000000000001,0.505567,0.0
0.07200000000000001,0.505567,0.0
0.07200000000000001,0.50549375,0.0
0.07200000000000001,0.50549375,0.0
0.07200000000000001,0.505383875,0.0
0.07200000000000001,0.505310625,0.0
0.07200000000000001,0.505164125,0.0
0.07200000000000001,0.505164125,0.0
0.07200000000000001,0.504797875,0.0
0.07200000000000001,0.504395,0.0
0.07200000000000001,0.503992125,0.0
0.07200000000000001,0.5036625,0.0
0.07200000000000001,0.50388225,0.0
0.07200000000000001,0.504395,0.0
0.07200000000000001,0.504797875,0.0
0.07200000000000001,0.505237375,0.0
0.07200000000000001,0.505237375,0.0
0.07200000000000001,0.505310625,0.0
0.07200000000000001,0.50549375,0.0
0.07200000000000001,0.5057134999999999,0.0
0.07200000000000001,0.505896625,0.0
0.07200000000000001,0.5057134999999999,0.0
0.07200000000000001,0.505237375,0.0
0.07200000000000001,0.504395,0.0
0.07200000000000001,0.503809,0.0
0.07200000000000001,0.50388225,0.0
0.07200000000000001,0.50432175,0.0
0.07200000000000001,0.504578125,0.0
0.07200000000000001,0.504651375,0.0
0.07200000000000001,0.50446825,0.0
0.07200000000000001,0.5041386250000001,0.0
0.07200000000000001,0.503992125,0.0
0.079,0.50388225,0.0
0.079,0.5037357499999999,0.0
0.08400001,0.503552625,0.0
0.086,0.503479375,0.0
0.08800000000000001,0.503332875,0.0
0.091,0.5031497500000001,0.0
0.091,0.502966625,0.0
0.092,0.502746875,0.0
0.10400000999999999,0.50256375,0.0
0.10900001,0.50256375,0.0
0.111,0.50256375,0.0
0.11199999999999999,0.50256375,0.0
0.11800000000000001,0.50256375,0.0
0.127,0.502820125,0.0
0.131,0.502820125,0.0
0.135,0.5024905000000001,0.0
0.135,0.502307375,0.0
0.145,0.5024905000000001,0.0
0.156,0.50256375,0.0
0.156,0.50183125,0.0
0.156,0.5013185,0.0
0.156,0.5007325,0.0
0.158,0.50007325,0.0
0.158,0.50007325,0.0
0.158,0.49992675000000003,0.0
0.15900001,0.499450625,0.0
0.15900001,0.49934075,0.0
0.15900001,0.49952387499999995,0.0
0.15900001,0.50065925,0.0
0.15900001,0.500476125,0.0
0.15900001,0.49978025000000004,0.0
0.15900001,0.5005493750000001,0.0
0.15900001,0.50021975,0.0
0.15900001,0.49992675000000003,0.0
0.15900001,0.5,0.0
0.15900001,0.49934075,0.0
0.15900001,0.49919425,0.0
0.15900001,0.49952387499999995,0.0
0.15900001,0.49959712500000003,0.0
0.15900001,0.49959712500000003,0.0
0.15900001,0.49959712500000003,0.0
0.155,0.500988875,0.0
0.155,0.50183125,0.0
0.153,0.5013185,0.0
0.14300000000000002,0.501062125,0.0
0.136,0.5022341250000001,0.0
0.136,0.502637,0.0
0.136,0.5013185,0.0
0.136,0.5004028749999999,0.0
0.136,0.5004028749999999,0.0
0.136,0.5011353749999999,0.0
0.136,0.50065925,0.0
0.136,0.5007325,0.0
0.136,0.5007325,0.0
0.12300000000000001,0.50007325,0.0
0.075,0.49934075,0.0
0.075,0.4992675,0.0
0.048,0.4992675,0.0
0.027999999999999997,0.4992675,0.0
0.0,0.499084375,0.0
0.0,0.499450625,0.0
0.0,0.499450625,0.0
0.0,0.5,0.0
0.0,0.49952387499999995,0.0
0.0,0.499084375,0.0
0.0,0.499084375,0.0
0.0,0.4992675,0.0
0.0,0.4998535,0.0
0.037000000000000005,0.49978025000000004,0.0
0.037000000000000005,0.49978025000000004,0.0
0.066,0.4998535,0.0
0.077,0.5,0.0
0.083,0.49934075,0.0
0.086,0.49934075,0.0
0.087,0.4992675,0.0
0.087,0.499011125,0.0
0.09,0.49868150000000006,0.0
0.09,0.498278625,0.0
0.09,0.49794900000000003,0.0
0.09,0.497253125,0.0
0.09,0.4969235000000001,0.0
0.091,0.4969235000000001,0.0
0.091,0.49703337500000005,0.0
0.091,0.497106625,0.0
0.091,0.497253125,0.0
0.091,0.497363,0.0
0.091,0.4969235000000001,0.0
0.091,0.497619375,0.0
0.091,0.4980955,0.0
0.091,0.499084375,0.0
0.091,0.49992675000000003,0.0
0.091,0.4998535,0.0
0.091,0.49967037500000006,0.0
0.091,0.499450625,0.0
0.091,0.499084375,0.0
0.091,0.49875475,0.0
0.091,0.49769262499999994,0.0
0.091,0.496667125,0.0
0.091,0.49685024999999994,0.0
0.091,0.497253125,0.0
0.091,0.49703337500000005,0.0
0.091,0.49703337500000005,0.0
0.091,0.497619375,0.0
0.091,0.49743624999999997,0.0
0.091,0.497363,0.0
0.091,0.49677699999999997,0.0
0.091,0.49534862500000004,0.0
0.091,0.495019,0.0
0.091,0.495019,0.0
0.091,0.49509224999999996,0.0
0.091,0.495019,0.0
0.091,0.494835875,0.0
0.091,0.494835875,0.0
0.091,0.49494574999999996,0.0
0.091,0.494835875,0.0
0.091,0.494762625,0.0
0.091,0.49575149999999996,0.0
0.091,0.49575149999999996,0.0
0.091,0.49593462499999996,0.0
0.091,0.49600787499999993,0.0
0.091,0.495275375,0.0
0.091,0.495275375,0.0
0.091,0.49534862500000004,0.0
0.091,0.495275375,0.0
0.091,0.49520212500000005,0.0
0.091,0.49520212500000005,0.0
0.091,0.495019,0.0
0.091,0.494835875,0.0
0.091,0.495019,0.0
0.091,0.49509224999999996,0.0
0.091,0.49509224999999996,0.0
0.091,0.49509224999999996,0.0
0.091,0.494835875,0.0
0.091,0.494762625,0.0
0.091,0.494762625,0.0
0.091,0.494689375,0.0
0.086,0.494835875,0.0
0.083,0.495019,0.0
0.083,0.495019,0.0
0.08199999999999999,0.495275375,0.0
0.081,0.49534862500000004,0.0
0.079,0.49534862500000004,0.0
0.079,0.495275375,0.0
0.077,0.495275375,0.0
0.077,0.49520212500000005,0.0
0.075,0.495019,0.0
0.075,0.495019,0.0
0.07400000000000001,0.495019,0.0
0.073,0.495019,0.0
0.073,0.495019,0.0
0.07200000000000001,0.495019,0.0
0.07200000000000001,0.495019,0.0
0.07200000000000001,0.49520212500000005,0.0
0.07200000000000001,0.495605,0.0
0.07200000000000001,0.496520625,0.0
0.07200000000000001,0.496520625,0.0
0.07200000000000001,0.49633750000000004,0.0
0.07200000000000001,0.49626425,0.0
0.07200000000000001,0.49619100000000005,0.0
0.07200000000000001,0.49593462499999996,0.0
0.07200000000000001,0.49593462499999996,0.0
0.07200000000000001,0.495861375,0.0
0.07200000000000001,0.49553175,0.0
0.07200000000000001,0.494762625,0.0
0.07200000000000001,0.494762625,0.0
0.07200000000000001,0.494835875,0.0
0.07200000000000001,0.495019,0.0
0.07200000000000001,0.49509224999999996,0.0
0.077,0.49534862500000004,0.0
0.077,0.49534862500000004,0.0
0.077,0.49534862500000004,0.0
0.077,0.495275375,0.0
0.077,0.495275375,0.0
0.077,0.495275375,0.0
0.077,0.495275375,0.0
0.077,0.495275375,0.0
0.077,0.49534862500000004,0.0
0.077,0.49567825,0.0
0.077,0.49600787499999993,0.0
0.077,0.49600787499999993,0.0
0.077,0.49593462499999996,0.0
0.077,0.49575149999999996,0.0
0.077,0.49567825,0.0
0.077,0.49567825,0.0
0.077,0.495861375,0.0
0.077,0.496447375,0.0
0.077,0.49685024999999994,0.0
0.077,0.49685024999999994,0.0
0.077,0.496667125,0.0
0.077,0.49677699999999997,0.0
0.077,0.49703337500000005,0.0
0.077,0.497179875,0.0
0.077,0.497106625,0.0
0.077,0.49685024999999994,0.0
0.077,0.49659387499999996,0.0
0.077,0.49633750000000004,0.0
0.077,0.49611775,0.0
0.077,0.49600787499999993,0.0
0.077,0.49593462499999996,0.0
0.077,0.49593462499999996,0.0
0.077,0.49593462499999996,0.0
0.077,0.49600787499999993,0.0
0.077,0.49611775,0.0
0.077,0.49611775,0.0
0.077,0.49611775,0.0
0.077,0.49619100000000005,0.0
0.077,0.49633750000000004,0.0
0.077,0.496520625,0.0
0.077,0.496520625,0.0
0.077,0.49626425,0.0
0.077,0.49619100000000005,0.0
0.077,0.49600787499999993,0.0
0.077,0.49575149999999996,0.0
0.077,0.495605,0.0
0.077,0.495605,0.0
0.078,0.495421875,0.0
0.078,0.495421875,0.0
0.079,0.495421875,0.0
0.081,0.49553175,0.0
0.085,0.49553175,0.0
0.086,0.49553175,0.0
0.086,0.49553175,0.0
0.086,0.49534862500000004,0.0
0.086,0.49534862500000004,0.0
0.086,0.49520212500000005,0.0
0.087,0.49509224999999996,0.0
0.087,0.49509224999999996,0.0
0.087,0.49509224999999996,0.0
0.087,0.49520212500000005,0.0
0.087,0.495275375,0.0
0.087,0.49520212500000005,0.0
0.08800000000000001,0.495275375,0.0
0.08800000000000001,0.495275375,0.0
0.08800000000000001,0.49534862500000004,0.0
0.08800000000000001,0.495605,0.0
0.08800000000000001,0.49575149999999996,0.0
0.08800000000000001,0.49593462499999996,0.0
0.08800000000000001,0.49593462499999996,0.0
0.08800000000000001,0.49593462499999996,0.0
0.08800000000000001,0.49600787499999993,0.0
0.08800000000000001,0.49633750000000004,0.0
0.08800000000000001,0.496667125,0.0
0.08800000000000001,0.496667125,0.0
0.08800000000000001,0.49659387499999996,0.0
0.08800000000000001,0.496520625,0.0
0.08800000000000001,0.496447375,0.0
0.08800000000000001,0.496447375,0.0
0.08900000999999999,0.496520625,0.0
0.08900000999999999,0.496520625,0.0
0.08900000999999999,0.496520625,0.0
0.08900000999999999,0.496520625,0.0
0.08900000999999999,0.496520625,0.0
0.08900000999999999,0.496520625,0.0
0.08900000999999999,0.496520625,0.0
0.08900000999999999,0.496520625,0.0
0.08900000999999999,0.496447375,0.0
0.08900000999999999,0.49633750000000004,0.0
0.08900000999999999,0.496447375,0.0
0.08900000999999999,0.496447375,0.0
0.08900000999999999,0.496520625,0.0
0.08900000999999999,0.496667125,0.0
0.08900000999999999,0.49677699999999997,0.0
0.08900000999999999,0.49677699999999997,0.0
0.09400001,0.49685024999999994,0.0
0.09400001,0.4975095,0.0
0.09400001,0.49842512499999997,0.0
0.09400001,0.49919425,0.0
0.09400001,0.4992675,0.0
0.09400001,0.5,0.0
0.09400001,0.5013185,0.0
0.09400001,0.50139175,0.0
0.09400001,0.50124525,0.0
0.09400001,0.50124525,0.0
0.09400001,0.500915625,0.0
0.09,0.500329625,0.0
0.085,0.5,0.0
0.078,0.5,0.0
0.07200000000000001,0.5,0.0
0.051,0.5001464999999999,0.0
0.0,0.500329625,0.0
0.0,0.50021975,0.0
0.0,0.500476125,0.0
0.0,0.500476125,0.0
0.0,0.500476125,0.0
0.0,0.5004028749999999,0.0
0.0,0.50065925,0.0
0.0,0.500988875,0.0
0.0,0.500915625,0.0
0.0,0.50080575,0.0
0.0,0.5011353749999999,0.0
0.0,0.501721375,0.0
0.0,0.50183125,0.0
0.0,0.50183125,0.0
0.0,0.5020509999999999,0.0
0.0,0.5024905000000001,0.0
0.0,0.502746875,0.0
0.0,0.502746875,0.0
0.0,0.50256375,0.0
0.0,0.50256375,0.0
0.0,0.50256375,0.0
0.0,0.50256375,0.0
0.0,0.502380625,0.0
0.0,0.502160875,0.0
0.0,0.50197775,0.0
0.0,0.5019045,0.0
0.0,0.501574875,0.0
0.0,0.500915625,0.0
0.0,0.5007325,0.0
0.0,0.5011353749999999,0.0
0.0,0.5011353749999999,0.0
0.0,0.50139175,0.0
0.0,0.501721375,0.0
0.0,0.50183125,0.0
0.0,0.502160875,0.0
0.0,0.502160875,0.0
0.0,0.50197775,0.0
0.0,0.50183125,0.0
0.0,0.501721375,0.0
0.0,0.501648125,0.0
0.0,0.501648125,0.0
0.0,0.501574875,0.0
0.0,0.501574875,0.0
0.0,0.501574875,0.0
0.0,0.501648125,0.0
0.0,0.501574875,0.0
0.0,0.501574875,0.0
0.0,0.501574875,0.0
0.0,0.501465,0.0
0.0,0.501465,0.0
0.0,0.50139175,0.0
0.0,0.50139175,0.0
0.0,0.50256375,0.0
0.0,0.50256375,0.0
0.0,0.502820125,0.0
0.0,0.5024905000000001,0.0
0.0,0.5022341250000001,0.0
0.0,0.5020509999999999,0.0
0.0,0.5020509999999999,0.0
0.0,0.501648125,0.0
0.0,0.5011353749999999,0.0
0.0,0.500988875,0.0
0.0,0.500988875,0.0
0.0,0.500915625,0.0
0.0,0.500915625,0.0
0.0,0.500915625,0.0
0.0,0.500915625,0.0
0.0,0.500988875,0.0
0.0,0.5011353749999999,0.0
0.0,0.50139175,0.0
0.0,0.50139175,0.0
0.0,0.50139175,0.0
0.0,0.50139175,0.0
0.0,0.50139175,0.0
0.0,0.50139175,0.0
0.0,0.5011353749999999,0.0
0.0,0.500988875,0.0
0.0,0.500915625,0.0
0.0,0.500915625,0.0
0.0,0.5007325,0.0
0.0,0.50080575,0.0
0.0,0.500915625,0.0
0.0,0.50124525,0.0
0.0,0.501465,0.0
0.0,0.501465,0.0
0.0,0.50139175,0.0
0.0,0.50139175,0.0
0.0,0.50139175,0.0
0.0,0.5013185,0.0
0.055,0.5013185,0.0
0.068,0.5013185,0.0
0.068,0.50124525,0.0
0.073,0.5011353749999999,0.0
0.079,0.500915625,0.0
0.079,0.500915625,0.0
0.079,0.500915625,0.0
0.079,0.500988875,0.0
0.079,0.500915625,0.0
0.079,0.500915625,0.0
0.079,0.50080575,0.0
0.079,0.50080575,0.0
0.079,0.50065925,0.0
0.079,0.49978025000000004,0.0
0.079,0.49978025000000004,0.0
0.079,0.4998535,0.0
0.079,0.4998535,0.0
0.07400000000000001,0.49992675000000003,0.0
0.06,0.5,0.0
0.048,0.49992675000000003,0.0
0.048,0.4998535,0.0
0.027999999999999997,0.49978025000000004,0.0
0.0,0.499450625,0.0
0.0,0.499450625,0.0
0.0,0.49893787500000003,0.0
0.0,0.49853499999999995,0.0
0.0,0.49842512499999997,0.0
0.0,0.49842512499999997,0.0
0.0,0.49853499999999995,0.0
0.0,0.49853499999999995,0.0
0.0,0.49842512499999997,0.0
0.0,0.498351875,0.0
0.0,0.49842512499999997,0.0
0.0,0.49860825,0.0
0.0,0.498864625,0.0
0.0,0.498864625,0.0
0.0,0.498864625,0.0
0.0,0.49893787500000003,0.0
0.0,0.49893787500000003,0.0
0.0,0.498864625,0.0
0.0,0.49893787500000003,0.0
0.0,0.499011125,0.0
0.0,0.49893787500000003,0.0
0.0,0.49893787500000003,0.0
0.0,0.49893787500000003,0.0
0.0,0.498864625,0.0
0.0,0.498864625,0.0
0.0,0.49875475,0.0
0.0,0.49875475,0.0
0.0,0.49875475,0.0
0.0,0.49893787500000003,0.0
0.0,0.49919425,0.0
0.0,0.49893787500000003,0.0
0.0,0.498864625,0.0
0.0,0.498864625,0.0
0.0,0.49875475,0.0
0.0,0.49868150000000006,0.0
0.0,0.498864625,0.0
0.0,0.49893787500000003,0.0
0.0,0.4992675,0.0
0.0,0.49978025000000004,0.0
0.0,0.49978025000000004,0.0
0.0,0.499450625,0.0
0.0,0.49934075,0.0
0.0,0.49934075,0.0
0.0,0.4992675,0.0
0.031,0.4992675,0.0
0.039,0.4992675,0.0
0.051,0.4992675,0.0
0.051,0.49919425,0.0
0.057999999999999996,0.49919425,0.0
0.066,0.49919425,0.0
0.07200000000000001,0.4992675,0.0
0.07400000000000001,0.4992675,0.0
0.07400000000000001,0.4992675,0.0
0.078,0.499084375,0.0
0.08199999999999999,0.499011125,0.0
0.08400001,0.499084375,0.0
0.08400001,0.499084375,0.0
0.08400001,0.499084375,0.0
0.085,0.499084375,0.0
0.086,0.499011125,0.0
0.08900000999999999,0.49893787500000003,0.0
0.08900000999999999,0.498864625,0.0
0.091,0.498864625,0.0
0.09300000000000001,0.498864625,0.0
0.09900001,0.49875475,0.0
0.09900001,0.498864625,0.0
0.102,0.49875475,0.0
0.10300000000000001,0.49875475,0.0
0.10400000999999999,0.498864625,0.0
0.105,0.498864625,0.0
0.105,0.498864625,0.0
0.106,0.49893787500000003,0.0
0.10800000000000001,0.49893787500000003,0.0
0.113,0.499084375,0.0
0.113,0.499084375,0.0
0.11400001,0.499084375,0.0
0.115,0.499084375,0.0
0.11599999999999999,0.499011125,0.0
0.122,0.49860825,0.0
0.122,0.498351875,0.0
0.125,0.49816875,0.0
0.126,0.4980955,0.0
0.128,0.4980955,0.0
0.128,0.49802225,0.0
0.128,0.497619375,0.0
0.12900001,0.497619375,0.0
0.12900001,0.497619375,0.0
0.12900001,0.4975095,0.0
0.12900001,0.49743624999999997,0.0
0.12900001,0.497363,0.0
0.12900001,0.49743624999999997,0.0
0.12900001,0.497619375,0.0
0.12900001,0.49776587499999997,0.0
0.12900001,0.49802225,0.0
0.12900001,0.49842512499999997,0.0
0.12900001,0.49875475,0.0
0.12900001,0.49875475,0.0
0.12900001,0.499011125,0.0
0.12900001,0.49893787500000003,0.0
0.12900001,0.49893787500000003,0.0
0.13,0.49860825,0.0
0.13,0.49860825,0.0
0.13,0.49860825,0.0
0.13,0.49853499999999995,0.0
0.13,0.49853499999999995,0.0
0.13,0.49853499999999995,0.0
0.13,0.49842512499999997,0.0
0.13,0.49842512499999997,0.0
0.13,0.49842512499999997,0.0
0.13,0.49853499999999995,0.0
0.13,0.49853499999999995,0.0
0.13,0.49860825,0.0
0.13,0.49860825,0.0
0.13,0.49860825,0.0
0.13,0.49860825,0.0
0.13,0.49860825,0.0
0.13,0.49868150000000006,0.0
0.13,0.498864625,0.0
0.13,0.49893787500000003,0.0
0.13,0.49893787500000003,0.0
0.13,0.49893787500000003,0.0
0.13,0.499011125,0.0
0.13,0.49934075,0.0
0.13,0.49959712500000003,0.0
0.13,0.49967037500000006,0.0
0.13,0.49992675000000003,0.0
0.13,0.49992675000000003,0.0
0.13,0.5,0.0
0.13,0.5,0.0
0.13,0.49992675000000003,0.0
0.13,0.5,0.0
0.13,0.50021975,0.0
0.13,0.500476125,0.0
0.13,0.5004028749999999,0.0
0.13,0.500476125,0.0
0.13,0.501062125,0.0
0.13,0.5013185,0.0
0.13,0.50124525,0.0
0.13,0.5011353749999999,0.0
0.13,0.501062125,0.0
0.13,0.5011353749999999,0.0
0.13,0.501062125,0.0
0.13,0.501062125,0.0
0.13,0.501062125,0.0
0.13,0.5011353749999999,0.0
0.13,0.5013185,0.0
0.13,0.5013185,0.0
0.13,0.50124525,0.0
0.13,0.501062125,0.0
0.13,0.500915625,0.0
0.13,0.50080575,0.0
0.13,0.50080575,0.0
0.13,0.50080575,0.0
0.13,0.5007325,0.0
0.13,0.50021975,0.0
0.13,0.49978025000000004,0.0
0.13,0.4998535,0.0
0.13,0.5005493750000001,0.0
0.13,0.50080575,0.0
0.13,0.5007325,0.0
0.13,0.5007325,0.0
0.13,0.50065925,0.0
0.11599999999999999,0.5007325,0.0
0.092,0.500915625,0.0
0.0,0.50139175,0.0
0.0,0.50139175,0.0
0.0,0.50139175,0.0
0.0,0.50139175,0.0
0.0,0.501465,0.0
0.0,0.501465,0.0
0.0,0.50139175,0.0
0.0,0.5005493750000001,0.0
0.0,0.50007325,0.0
0.0,0.50007325,0.0
0.0,0.49967037500000006,0.0
0.0,0.50080575,0.0
0.0,0.50183125,0.0
0.038,0.50197775,0.0
0.043,0.502160875,0.0
0.048,0.5020509999999999,0.0
0.064,0.50197775,0.0
0.073,0.5019045,0.0
0.076,0.501648125,0.0
0.076,0.50124525,0.0
0.079,0.50124525,0.0
0.087,0.5013185,0.0
0.098,0.50139175,0.0
0.098,0.501721375,0.0
0.098,0.50183125,0.0
0.098,0.501574875,0.0
0.098,0.501465,0.0
0.098,0.5013185,0.0
0.098,0.500988875,0.0
0.098,0.500988875,0.0
0.098,0.500988875,0.0
0.098,0.500988875,0.0
0.098,0.500988875,0.0
0.098,0.500988875,0.0
0.098,0.500988875,0.0
0.098,0.501062125,0.0
0.098,0.5011353749999999,0.0
0.098,0.50124525,0.0
0.098,0.5011353749999999,0.0
0.098,0.5011353749999999,0.0
0.098,0.5013185,0.0
0.098,0.501465,0.0
0.098,0.50183125,0.0
0.098,0.501062125,0.0
0.098,0.501574875,0.0
0.098,0.500915625,0.0
0.098,0.500915625,0.0
0.098,0.5007325,0.0
0.09900001,0.5011353749999999,0.0
0.102,0.50183125,0.0
0.107,0.502380625,0.0
0.107,0.502307375,0.0
0.113,0.502160875,0.0
0.11599999999999999,0.502307375,0.0
0.11699999999999999,0.502637,0.0
0.11699999999999999,0.502966625,0.0
0.11699999999999999,0.502746875,0.0
0.11699999999999999,0.502637,0.0
0.11699999999999999,0.502746875,0.0
0.11699999999999999,0.5032230000000001,0.0
0.11699999999999999,0.502380625,0.0
0.11699999999999999,0.501721375,0.0
0.11699999999999999,0.50139175,0.0
0.11699999999999999,0.501465,0.0
0.11699999999999999,0.502637,0.0
0.11699999999999999,0.50197775,0.0
0.11699999999999999,0.50197775,0.0
0.11699999999999999,0.501574875,0.0
0.11699999999999999,0.500915625,0.0
0.11699999999999999,0.500988875,0.0
0.11699999999999999,0.500915625,0.0
0.11699999999999999,0.50065925,0.0
0.11699999999999999,0.50065925,0.0
0.11699999999999999,0.500476125,0.0
0.11699999999999999,0.500476125,0.0
0.11699999999999999,0.5004028749999999,0.0
0.11699999999999999,0.5004028749999999,0.0
0.11699999999999999,0.5004028749999999,0.0
0.11699999999999999,0.500329625,0.0
0.11699999999999999,0.500476125,0.0
0.11699999999999999,0.500915625,0.0
0.11699999999999999,0.5011353749999999,0.0
0.11699999999999999,0.50124525,0.0
0.11699999999999999,0.5011353749999999,0.0
0.11699999999999999,0.50124525,0.0
0.11699999999999999,0.50183125,0.0
0.11699999999999999,0.50183125,0.0
0.11699999999999999,0.5019045,0.0
0.11699999999999999,0.5019045,0.0
0.11699999999999999,0.502160875,0.0
0.11699999999999999,0.5024905000000001,0.0
0.11699999999999999,0.502746875,0.0
0.11699999999999999,0.502893375,0.0
0.11699999999999999,0.5030764999999999,0.0
0.11699999999999999,0.5030764999999999,0.0
0.11699999999999999,0.5030764999999999,0.0
0.11699999999999999,0.502966625,0.0
0.11699999999999999,0.502820125,0.0
0.11699999999999999,0.502746875,0.0
0.11699999999999999,0.502637,0.0
0.11699999999999999,0.502637,0.0
0.11699999999999999,0.502637,0.0
0.11699999999999999,0.50256375,0.0
0.11699999999999999,0.5024905000000001,0.0
0.11699999999999999,0.5024905000000001,0.0
0.11699999999999999,0.5024905000000001,0.0
0.11699999999999999,0.502307375,0.0
0.11699999999999999,0.502160875,0.0
0.11699999999999999,0.501721375,0.0
0.11699999999999999,0.5011353749999999,0.0
0.11699999999999999,0.5011353749999999,0.0
0.11699999999999999,0.501062125,0.0
0.11699999999999999,0.50080575,0.0
0.11699999999999999,0.50080575,0.0
0.11699999999999999,0.50080575,0.0
0.11699999999999999,0.50080575,0.0
0.11699999999999999,0.501062125,0.0
0.11699999999999999,0.501721375,0.0
0.11699999999999999,0.5024905000000001,0.0
0.11699999999999999,0.5024905000000001,0.0
0.11699999999999999,0.5024905000000001,0.0
0.111,0.5024905000000001,0.0
0.091,0.502380625,0.0
0.061,0.5024905000000001,0.0
0.025,0.502307375,0.0
0.0,0.5022341250000001,0.0
0.0,0.5020509999999999,0.0
0.0,0.50197775,0.0
0.0,0.50197775,0.0
0.0,0.50183125,0.0
0.0,0.501574875,0.0
0.031,0.5013185,0.0
0.044000000000000004,0.500988875,0.0
0.052000000000000005,0.501062125,0.0
0.053,0.50124525,0.0
0.053,0.5013185,0.0
0.054000000000000006,0.5013185,0.0
0.057,0.5013185,0.0
0.057999999999999996,0.5013185,0.0
0.057999999999999996,0.5013185,0.0
0.059000000000000004,0.501062125,0.0
0.059000000000000004,0.5011353749999999,0.0
0.059000000000000004,0.5011353749999999,0.0
0.059000000000000004,0.50124525,0.0
0.059000000000000004,0.50124525,0.0
0.059000000000000004,0.50124525,0.0
0.059000000000000004,0.5011353749999999,0.0
0.059000000000000004,0.50124525,0.0
0.059000000000000004,0.5013185,0.0
0.059000000000000004,0.5013185,0.0
0.059000000000000004,0.501465,0.0
0.059000000000000004,0.50139175,0.0
0.059000000000000004,0.501574875,0.0
0.059000000000000004,0.5019045,0.0
0.059000000000000004,0.5022341250000001,0.0
0.059000000000000004,0.5024905000000001,0.0
0.059000000000000004,0.502307375,0.0
0.059000000000000004,0.5020509999999999,0.0
0.059000000000000004,0.50197775,0.0
0.06,0.501721375,0.0
0.06,0.501574875,0.0
0.063,0.50139175,0.0
0.065,0.50139175,0.0
0.065,0.50139175,0.0
0.067,0.501465,0.0
0.068,0.5013185,0.0
0.069,0.50124525,0.0
0.069,0.501062125,0.0
0.079,0.500915625,0.0
0.09,0.500915625,0.0
0.09,0.50080575,0.0
0.09400001,0.500915625,0.0
0.095,0.50080575,0.0
0.095,0.500915625,0.0
0.09900001,0.50183125,0.0
0.09900001,0.502746875,0.0
0.102,0.502820125,0.0
0.106,0.502820125,0.0
0.106,0.502820125,0.0
0.106,0.502746875,0.0
0.106,0.502307375,0.0
0.106,0.50183125,0.0
0.106,0.501062125,0.0
0.106,0.500988875,0.0
0.106,0.500988875,0.0
0.106,0.50080575,0.0
0.106,0.5007325,0.0
0.106,0.5005493750000001,0.0
0.107,0.50021975,0.0
0.107,0.49992675000000003,0.0
0.10900001,0.49992675000000003,0.0
0.111,0.4998535,0.0
0.111,0.49934075,0.0
0.111,0.49919425,0.0
0.111,0.499084375,0.0
0.111,0.49919425,0.0
0.111,0.499450625,0.0
0.111,0.49952387499999995,0.0
0.111,0.49952387499999995,0.0
0.111,0.499450625,0.0
0.111,0.499084375,0.0
0.11400001,0.499011125,0.0
0.11400001,0.499084375,0.0
0.11400001,0.49934075,0.0
0.11400001,0.499450625,0.0
0.11400001,0.4992675,0.0
0.11400001,0.499450625,0.0
0.11400001,0.49934075,0.0
0.11400001,0.49934075,0.0
0.11400001,0.49978025000000004,0.0
0.11400001,0.49978025000000004,0.0
0.11400001,0.49978025000000004,0.0
0.11400001,0.49967037500000006,0.0
0.11400001,0.49959712500000003,0.0
0.11400001,0.49959712500000003,0.0
0.11400001,0.49959712500000003,0.0
0.11400001,0.49967037500000006,0.0
0.106,0.4998535,0.0
0.09,0.5,0.0
0.09,0.5,0.0
0.07400000000000001,0.500476125,0.0
0.068,0.5007325,0.0
0.068,0.50065925,0.0
0.068,0.5007325,0.0
0.067,0.5007325,0.0
0.067,0.50080575,0.0
0.067,0.5007325,0.0
0.067,0.50065925,0.0
0.066,0.5005493750000001,0.0
0.066,0.500476125,0.0
0.066,0.5001464999999999,0.0
0.063,0.50021975,0.0
0.0,0.500329625,0.0
0.0,0.500476125,0.0
0.0,0.500476125,0.0
0.0,0.500476125,0.0
0.0,0.500329625,0.0
0.0,0.5001464999999999,0.0
0.0,0.50007325,0.0
0.0,0.5001464999999999,0.0
0.0,0.5001464999999999,0.0
0.0,0.5001464999999999,0.0
0.0,0.5001464999999999,0.0
0.0,0.50007325,0.0
0.0,0.49992675000000003,0.0
0.0,0.49978025000000004,0.0
0.0,0.49978025000000004,0.0
0.0,0.49978025000000004,0.0
0.0,0.49978025000000004,0.0
0.0,0.4998535,0.0
0.0,0.49992675000000003,0.0
0.0,0.4998535,0.0
0.0,0.4998535,0.0
0.0,0.4998535,0.0
0.0,0.4998535,0.0
0.0,0.4998535,0.0
0.0,0.49978025000000004,0.0
0.0,0.49967037500000006,0.0
0.0,0.49967037500000006,0.0
0.0,0.4998535,0.0
0.0,0.4998535,0.0
0.0,0.49992675000000003,0.0
0.027000000000000003,0.5,0.0
0.03,0.50007325,0.0
0.032,0.50021975,0.0
0.034,0.500329625,0.0
0.038,0.50021975,0.0
0.046,0.50021975,0.0
0.047,0.5005493750000001,0.0
0.047,0.5005493750000001,0.0
0.047,0.500915625,0.0
0.047,0.500915625,0.0
0.047,0.500988875,0.0
0.047,0.501062125,0.0
0.042,0.500988875,0.0
0.037000000000000005,0.500988875,0.0
0.023,0.500915625,0.0
0.0,0.5007325,0.0
0.0,0.5007325,0.0
0.0,0.5007325,0.0
0.0,0.5007325,0.0
0.0,0.50065925,0.0
0.0,0.50065925,0.0
0.0,0.50065925,0.0
0.0,0.50065925,0.0
0.0,0.5007325,0.0
0.0,0.50080575,0.0
0.0,0.49952387499999995,0.0
0.0,0.499084375,0.0
0.0,0.499450625,0.0
0.027999999999999997,0.499450625,0.0
0.03,0.499450625,0.0
0.032,0.49952387499999995,0.0
0.033,0.49952387499999995,0.0
0.036000000000000004,0.49959712500000003,0.0
0.038,0.49959712500000003,0.0
0.04,0.49967037500000006,0.0
0.04,0.49978025000000004,0.0
0.040999999999999995,0.49978025000000004,0.0
0.040999999999999995,0.49967037500000006,0.0
0.042,0.49978025000000004,0.0
0.042,0.4998535,0.0
0.043,0.4998535,0.0
0.043,0.49992675000000003,0.0
0.043,0.4998535,0.0
0.043,0.4998535,0.0
0.043,0.4998535,0.0
0.043,0.49978025000000004,0.0
0.043,0.49952387499999995,0.0
0.043,0.49992675000000003,0.0
0.043,0.49992675000000003,0.0
0.043,0.5,0.0
0.04,0.5001464999999999,0.0
0.038,0.500329625,0.0
0.038,0.500329625,0.0
0.038,0.5004028749999999,0.0
0.038,0.500476125,0.0
0.038,0.5004028749999999,0.0
0.038,0.5004028749999999,0.0
0.038,0.500329625,0.0
0.038,0.50021975,0.0
0.038,0.5001464999999999,0.0
0.038,0.50007325,0.0
0.038,0.50007325,0.0
0.038,0.5001464999999999,0.0
0.038,0.5001464999999999,0.0
0.038,0.5001464999999999,0.0
0.038,0.5001464999999999,0.0
0.038,0.5001464999999999,0.0
0.044000000000000004,0.5001464999999999,0.0
0.044000000000000004,0.5,0.0
0.048,0.5,0.0
0.065,0.5,0.0
0.073,0.5,0.0
0.08,0.50007325,0.0
0.08,0.5,0.0
0.087,0.4998535,0.0
0.096,0.49978025000000004,0.0
0.096,0.4998535,0.0
0.096,0.49992675000000003,0.0
0.096,0.5,0.0
0.09699999999999999,0.49992675000000003,0.0
0.09699999999999999,0.5001464999999999,0.0
0.1,0.5005493750000001,0.0
0.10300000000000001,0.500988875,0.0
0.10400000999999999,0.501465,0.0
0.105,0.501465,0.0
0.105,0.501574875,0.0
0.105,0.501721375,0.0
0.105,0.501648125,0.0
0.105,0.501574875,0.0
0.105,0.50139175,0.0
0.105,0.500988875,0.0
0.105,0.500915625,0.0
0.106,0.50065925,0.0
0.107,0.5007325,0.0
0.107,0.50065925,0.0
0.10800000000000001,0.50065925,0.0
0.10800000000000001,0.50065925,0.0
0.10800000000000001,0.5011353749999999,0.0
0.10800000000000001,0.501574875,0.0
0.10800000000000001,0.50197775,0.0
0.10800000000000001,0.502637,0.0
0.10800000000000001,0.502893375,0.0
0.10800000000000001,0.502637,0.0
0.10800000000000001,0.502637,0.0
0.10099999999999999,0.502746875,0.0
0.09,0.502746875,0.0
0.065,0.502380625,0.0
0.065,0.50197775,0.0
0.052000000000000005,0.501721375,0.0
0.046,0.501721375,0.0
0.046,0.501721375,0.0
0.046,0.501721375,0.0
0.046,0.501648125,0.0
0.046,0.501648125,0.0
0.046,0.501465,0.0
0.046,0.501062125,0.0
0.046,0.5001464999999999,0.0
0.046,0.49952387499999995,0.0
0.046,0.49952387499999995,0.0
0.055999999999999994,0.49893787500000003,0.0
0.076,0.49875475,0.0
0.076,0.498864625,0.0
0.08400001,0.499450625,0.0
0.08900000999999999,0.499450625,0.0
0.08900000999999999,0.499450625,0.0
0.09,0.5,0.0
0.092,0.5005493750000001,0.0
0.09699999999999999,0.500988875,0.0
0.10300000000000001,0.500915625,0.0
0.107,0.5007325,0.0
0.10800000000000001,0.50065925,0.0
0.10900001,0.5005493750000001,0.0
0.11,0.5004028749999999,0.0
0.11,0.500329625,0.0
0.111,0.50021975,0.0
0.111,0.49952387499999995,0.0
0.111,0.499011125,0.0
0.111,0.499011125,0.0
0.111,0.499084375,0.0
0.111,0.4992675,0.0
0.111,0.49967037500000006,0.0
0.111,0.49967037500000006,0.0
0.111,0.49992675000000003,0.0
0.111,0.5,0.0
0.111,0.5,0.0
0.111,0.49992675000000003,0.0
0.111,0.5,0.0
0.111,0.49992675000000003,0.0
0.111,0.49992675000000003,0.0
0.111,0.500329625,0.0
0.111,0.50065925,0.0
0.111,0.5005493750000001,0.0
0.111,0.500329625,0.0
0.111,0.500476125,0.0
0.111,0.50065925,0.0
0.111,0.50065925,0.0
0.111,0.5007325,0.0
0.111,0.50124525,0.0
0.111,0.50124525,0.0
0.111,0.500988875,0.0
0.111,0.500988875,0.0
0.107,0.500988875,0.0
0.098,0.5005493750000001,0.0
0.098,0.49952387499999995,0.0
0.098,0.5,0.0
0.077,0.500329625,0.0
0.066,0.50021975,0.0
0.057,0.50021975,0.0
0.057,0.500329625,0.0
0.054000000000000006,0.50021975,0.0
0.053,0.5,0.0
0.043,0.4998535,0.0
0.043,0.4998535,0.0
0.0,0.4998535,0.0
0.0,0.4998535,0.0
0.0,0.4998535,0.0
0.0,0.5,0.0
0.0,0.5,0.0
0.0,0.49959712500000003,0.0
0.0,0.49934075,0.0
0.0,0.49934075,1.0
0.0,0.49967037500000006,1.0
0.0,0.49967037500000006,1.0
0.0,0.4998535,1.0
0.0,0.4998535,1.0
0.0,0.4998535,1.0
0.0,0.49992675000000003,1.0
0.0,0.50007325,1.0
0.0,0.50007325,1.0
0.0,0.49992675000000003,1.0
0.0,0.49967037500000006,1.0
0.0,0.499084375,1.0
0.0,0.499084375,1.0
0.0,0.4992675,1.0
0.0,0.499450625,1.0
0.0,0.4998535,1.0
0.0,0.50065925,1.0
0.0,0.5007325,1.0
0.0,0.500329625,1.0
0.0,0.50021975,1.0
0.0,0.50007325,1.0
0.0,0.50007325,1.0
0.0,0.49919425,1.0
0.0,0.49952387499999995,1.0
0.0,0.5,1.0
0.0,0.50007325,1.0
0.0,0.49992675000000003,1.0
0.0,0.49992675000000003,1.0
0.0,0.49992675000000003,0.0
0.0,0.49992675000000003,0.0
0.0,0.49992675000000003,0.0
0.0,0.501721375,0.0
0.0,0.50197775,0.0
0.0,0.50197775,0.0
0.0,0.5020509999999999,0.0
0.0,0.5019045,0.0
0.0,0.5011353749999999,0.0
0.0,0.500915625,0.0
0.0,0.500915625,0.0
0.0,0.500915625,0.0
0.0,0.500988875,0.0
0.0,0.500915625,0.0
0.0,0.50080575,0.0
0.0,0.50080575,0.0
0.0,0.50065925,0.0
0.0,0.5,0.0
0.0,0.49919425,0.0
0.0,0.49967037500000006,0.0
0.0,0.49967037500000006,0.0
0.044000000000000004,0.49978025000000004,0.0
0.044000000000000004,0.4992675,0.0
0.05,0.49934075,0.0
0.053,0.49934075,0.0
0.055999999999999994,0.5001464999999999,0.0
0.061,0.5001464999999999,0.0
0.062,0.5004028749999999,0.0
0.063,0.500988875,0.0
0.064,0.500915625,0.0
0.065,0.5007325,0.0
0.065,0.50065925,0.0
0.065,0.50065925,0.0
0.065,0.50065925,0.0
0.065,0.50065925,0.0
0.065,0.5005493750000001,0.0
0.065,0.500476125,0.0
0.065,0.500329625,0.0
0.065,0.500329625,0.0
0.065,0.5,0.0
0.065,0.49978025000000004,0.0
0.065,0.49967037500000006,0.0
0.065,0.49959712500000003,0.0
0.065,0.49959712500000003,0.0
0.065,0.49952387499999995,0.0
0.065,0.49934075,0.0
0.065,0.49934075,0.0
0.065,0.49934075,0.0
0.065,0.499450625,0.0
0.065,0.4992675,0.0
0.065,0.498864625,0.0
0.065,0.498864625,0.0
0.065,0.498864625,0.0
0.065,0.499011125,0.0
0.061,0.4992675,0.0
0.061,0.49952387499999995,0.0
0.06,0.49952387499999995,0.0
0.057,0.4998535,0.0
0.049,0.5,0.0
0.03,0.50021975,0.0
0.03,0.500915625,0.0
0.0,0.500915625,0.0
0.0,0.500988875,0.0
0.0,0.5007325,0.0
0.0,0.50065925,0.0
0.0,0.50065925,0.0
0.0,0.5007325,0.0
0.0,0.5007325,0.0
0.0,0.50065925,0.0
0.0,0.50065925,0.0
0.0,0.50065925,0.0
0.0,0.5007325,0.0
0.0,0.5007325,0.0
0.0,0.50065925,0.0
0.0,0.50065925,0.0
0.0,0.50080575,0.0
0.0,0.500476125,0.0
0.0,0.5004028749999999,0.0
0.0,0.500329625,0.0
0.0,0.500329625,0.0
0.0,0.500329625,0.0
0.0,0.500329625,0.0
0.0,0.5004028749999999,0.0
0.0,0.500329625,0.0
0.0,0.500329625,0.0
0.0,0.500329625,0.0
0.0,0.500329625,0.0
0.0,0.49959712500000003,0.0
0.0,0.499011125,0.0
0.0,0.49992675000000003,0.0
0.0,0.50124525,0.0
0.0,0.50124525,0.0
0.0,0.500988875,0.0
0.027000000000000003,0.500988875,0.0
0.049,0.50065925,0.0
0.061,0.500476125,0.0
0.061,0.50021975,0.0
0.075,0.50021975,0.0
0.106,0.50021975,0.0
0.106,0.49978025000000004,0.0
0.11800000000000001,0.49875475,0.0
0.12,0.499450625,0.0
0.12,0.499450625,0.0
0.12400001,0.49967037500000006,0.0
0.12400001,0.49978025000000004,0.0
0.12400001,0.5004028749999999,0.0
0.12400001,0.5004028749999999,0.0
0.12400001,0.50021975,0.0
0.12400001,0.50007325,0.0
0.12400001,0.50007325,0.0
0.12400001,0.50007325,0.0
0.12400001,0.50007325,0.0
0.12400001,0.50007325,0.0
0.12400001,0.49967037500000006,0.0
0.12400001,0.49952387499999995,0.0
0.12400001,0.49952387499999995,0.0
0.12400001,0.49959712500000003,0.0
0.12400001,0.49967037500000006,0.0
0.12400001,0.49978025000000004,0.0
0.12400001,0.49978025000000004,0.0
0.12400001,0.49978025000000004,0.0
0.12,0.49978025000000004,0.0
0.12,0.49967037500000006,0.0
0.12,0.49952387499999995,0.0
0.12,0.49952387499999995,0.0
0.12,0.49959712500000003,0.0
0.12,0.5,0.0
0.12,0.5001464999999999,0.0
0.125,0.50007325,0.0
0.126,0.50007325,0.0
0.126,0.49992675000000003,0.0
0.12900001,0.49967037500000006,0.0
0.132,0.49959712500000003,0.0
0.132,0.49959712500000003,0.0
0.135,0.49959712500000003,0.0
0.145,0.49992675000000003,0.0
0.157,0.50021975,0.0
0.16,0.50007325,0.0
0.16,0.50007325,0.0
0.161,0.49967037500000006,0.0
0.161,0.49978025000000004,0.0
0.161,0.49978025000000004,0.0
0.161,0.49978025000000004,0.0
0.161,0.49978025000000004,0.0
0.161,0.5001464999999999,0.0
0.161,0.49992675000000003,0.0
0.161,0.49952387499999995,0.0
0.161,0.49952387499999995,0.0
0.16200001,0.49967037500000006,0.0
0.16200001,0.49967037500000006,0.0
0.165,0.49967037500000006,0.0
0.171,0.49967037500000006,0.0
0.175,0.49967037500000006,0.0
0.175,0.49853499999999995,0.0
0.175,0.49860825,0.0
0.175,0.4992675,0.0
0.175,0.49959712500000003,0.0
0.175,0.5004028749999999,0.0
0.175,0.50124525,0.0
0.175,0.5007325,0.0
0.175,0.5004028749999999,0.0
0.175,0.5004028749999999,0.0
0.175,0.500329625,0.0
0.17800001000000001,0.5004028749999999,0.0
0.18300001000000002,0.500329625,0.0
0.18300001000000002,0.500329625,0.0
0.184,0.49978025000000004,0.0
0.184,0.4998535,0.0
0.184,0.49992675000000003,0.0
0.184,0.49992675000000003,0.0
0.184,0.49992675000000003,0.0
0.184,0.49992675000000003,0.0
0.184,0.49992675000000003,0.0
0.17800001000000001,0.5,0.0
0.17800001000000001,0.5,0.0
0.14800000000000002,0.5004028749999999,0.0
0.133,0.50021975,0.0
0.11599999999999999,0.50021975,0.0
0.106,0.5007325,0.0
0.106,0.5007325,0.0
0.105,0.5011353749999999,0.0
0.105,0.501062125,0.0
0.105,0.500915625,0.0
0.105,0.500915625,0.0
0.105,0.500915625,0.0
0.105,0.500915625,0.0
0.105,0.500915625,0.0
0.105,0.501062125,0.0
0.105,0.501062125,0.0
0.105,0.50124525,0.0
0.105,0.50124525,0.0
0.105,0.5011353749999999,0.0
0.105,0.5011353749999999,0.0
0.105,0.5011353749999999,0.0
0.105,0.501062125,0.0
0.105,0.5007325,0.0
0.10099999999999999,0.5005493750000001,0.0
0.09300000000000001,0.5005493750000001,0.0
0.08199999999999999,0.500476125,0.0
0.073,0.500476125,0.0
0.073,0.5004028749999999,0.0
0.07,0.5001464999999999,0.0
0.07,0.5001464999999999,0.0
0.07,0.49978025000000004,0.0
0.07,0.4998535,0.0
0.07,0.4998535,0.0
0.07,0.4998535,0.0
0.07,0.49992675000000003,0.0
0.07,0.49992675000000003,0.0
0.07,0.49992675000000003,0.0
0.07,0.49992675000000003,0.0
0.07,0.49992675000000003,0.0
0.07,0.5,0.0
0.07400000000000001,0.5,0.0
0.075,0.5,0.0
0.075,0.5,0.0
0.076,0.50007325,0.0
0.077,0.50007325,0.0
0.077,0.50007325,0.0
0.078,0.500329625,0.0
0.08,0.500329625,0.0
0.08199999999999999,0.500476125,0.0
0.08199999999999999,0.500476125,0.0
0.08400001,0.500476125,0.0
0.08800000000000001,0.5005493750000001,0.0
0.106,0.5007325,0.0
0.106,0.50080575,0.0
0.10800000000000001,0.500915625,0.0
0.10900001,0.50124525,0.0
0.10900001,0.50124525,0.0
0.11,0.502637,0.0
0.11199999999999999,0.502637,0.0
0.113,0.50256375,0.0
0.115,0.50256375,0.0
0.11699999999999999,0.502380625,0.0
0.11800000000000001,0.5022341250000001,0.0
0.11900000999999999,0.502160875,0.0
0.11900000999999999,0.50183125,0.0
0.11900000999999999,0.50183125,0.0
0.11900000999999999,0.501062125,0.0
0.12,0.501062125,0.0
0.12,0.5011353749999999,0.0
0.12,0.5011353749999999,0.0
0.12,0.5011353749999999,0.0
0.12,0.501062125,0.0
0.12,0.501062125,0.0
0.12,0.500988875,0.0
0.098,0.500988875,0.0
0.069,0.50080575,0.0
0.044000000000000004,0.5007325,0.0
0.033,0.50065925,0.0
0.0,0.5004028749999999,0.0
0.0,0.5004028749999999,0.0
0.0,0.49992675000000003,0.0
0.0,0.4998535,0.0
0.0,0.4998535,0.0
0.0,0.4998535,0.0
0.0,0.49959712500000003,0.0
0.0,0.49952387499999995,0.0
0.0,0.49952387499999995,0.0
0.0,0.49959712500000003,0.0
0.0,0.49959712500000003,0.0
0.0,0.49967037500000006,0.0
0.0,0.49959712500000003,0.0
0.0,0.49959712500000003,0.0
0.0,0.49959712500000003,0.0
0.0,0.49978025000000004,0.0
0.0,0.4998535,0.0
0.0,0.4998535,0.0
0.0,0.49992675000000003,0.0
0.032,0.49992675000000003,0.0
0.04,0.49992675000000003,0.0
0.044000000000000004,0.50021975,0.0
0.048,0.5004028749999999,0.0
0.05,0.5004028749999999,0.0
0.054000000000000006,0.500476125,0.0
0.055999999999999994,0.500476125,0.0
0.057,0.500476125,0.0
0.057999999999999996,0.500476125,0.0
0.059000000000000004,0.500476125,0.0
0.06,0.500476125,0.0
0.062,0.5005493750000001,0.0
0.062,0.5005493750000001,0.0
0.062,0.5005493750000001,0.0
0.062,0.50065925,0.0
0.063,0.5004028749999999,0.0
0.065,0.5005493750000001,0.0
0.066,0.5005493750000001,0.0
0.066,0.5005493750000001,0.0
0.066,0.500476125,0.0
0.066,0.500476125,0.0
0.066,0.500476125,0.0
0.066,0.500476125,0.0
0.066,0.500329625,0.0
0.066,0.4998535,0.0
0.066,0.5004028749999999,0.0
0.066,0.500988875,0.0
0.066,0.500988875,0.0
0.066,0.501465,0.0
0.066,0.50124525,0.0
0.066,0.50124525,0.0
0.066,0.50124525,0.0
0.066,0.50124525,0.0
0.066,0.501062125,0.0
0.066,0.501062125,0.0
0.066,0.501062125,0.0
0.066,0.501062125,0.0
0.066,0.501062125,0.0
0.066,0.501062125,0.0
0.066,0.501062125,0.0
0.066,0.5011353749999999,0.0
0.066,0.5011353749999999,0.0
0.055999999999999994,0.500988875,0.0
0.045,0.50007325,0.0
0.044000000000000004,0.49959712500000003,0.0
0.044000000000000004,0.49959712500000003,0.0
0.044000000000000004,0.50021975,0.0
0.044000000000000004,0.500476125,0.0
0.044000000000000004,0.5004028749999999,0.0
0.051,0.500329625,0.0
0.07,0.500329625,0.0
0.073,0.5005493750000001,0.0
0.07400000000000001,0.5005493750000001,0.0
0.075,0.5001464999999999,0.0
0.075,0.5001464999999999,0.0
0.075,0.49978025000000004,0.0
0.075,0.49992675000000003,0.0
0.075,0.4998535,0.0
0.075,0.5,0.0
0.075,0.5,0.0
0.075,0.49959712500000003,0.0
0.075,0.49893787500000003,0.0
0.075,0.49934075,0.0
0.07,0.49934075,0.0
0.069,0.49952387499999995,0.0
0.069,0.49952387499999995,0.0
0.067,0.49959712500000003,0.0
0.067,0.49978025000000004,0.0
0.067,0.49978025000000004,0.0
0.067,0.4998535,0.0
0.067,0.4998535,0.0
0.067,0.5001464999999999,0.0
0.067,0.5001464999999999,0.0
0.067,0.5007325,0.0
0.067,0.5005493750000001,0.0
0.067,0.500476125,0.0
0.067,0.5005493750000001,0.0
0.067,0.5005493750000001,0.0
0.067,0.50139175,0.0
0.067,0.5013185,0.0
0.067,0.501062125,0.0
0.067,0.500988875,0.0
0.067,0.500988875,0.0
0.067,0.5005493750000001,0.0
0.067,0.5004028749999999,0.0
0.067,0.5001464999999999,0.0
0.067,0.5001464999999999,0.0
0.067,0.50021975,0.0
0.067,0.50021975,0.0
0.067,0.5001464999999999,0.0
0.067,0.5001464999999999,0.0
0.067,0.5001464999999999,0.0
0.067,0.500329625,0.0
0.067,0.50065925,0.0
0.067,0.50065925,0.0
0.067,0.50065925,0.0
0.067,0.5007325,0.0
0.067,0.50021975,0.0
0.067,0.49967037500000006,0.0
0.067,0.499450625,0.0
0.067,0.499450625,0.0
0.067,0.4998535,0.0
0.067,0.49992675000000003,0.0
0.067,0.49992675000000003,0.0
0.067,0.49992675000000003,0.0
0.067,0.49992675000000003,0.0
0.067,0.49992675000000003,0.0
0.067,0.4998535,0.0
0.067,0.4998535,0.0
0.067,0.4998535,0.0
0.067,0.4998535,0.0
0.067,0.49992675000000003,0.0
0.067,0.5,0.0
0.067,0.5,0.0
0.067,0.50007325,0.0
0.067,0.50007325,0.0
0.067,0.4998535,0.0
0.067,0.49978025000000004,0.0
0.067,0.49978025000000004,0.0
0.067,0.4998535,0.0
0.067,0.4998535,0.0
0.067,0.4998535,0.0
0.067,0.4998535,0.0
0.067,0.4998535,0.0
0.067,0.50007325,0.0
0.067,0.49992675000000003,0.0
0.067,0.5,0.0
0.067,0.5,0.0
0.067,0.50065925,0.0
0.067,0.5005493750000001,0.0
0.063,0.500476125,0.0
0.06,0.500476125,0.0
0.057,0.5005493750000001,0.0
0.045,0.5005493750000001,0.0
0.038,0.501062125,0.0
0.027999999999999997,0.501062125,0.0
0.027000000000000003,0.501062125,0.0
0.027000000000000003,0.50080575,0.0
0.0,0.5005493750000001,0.0
0.0,0.500915625,0.0
0.0,0.5011353749999999,0.0
0.0,0.5011353749999999,0.0
0.0,0.501062125,0.0
0.0,0.501062125,0.0
0.0,0.501062125,0.0
0.0,0.501062125,0.0
0.0,0.500915625,0.0
0.0,0.50080575,0.0
0.034,0.50080575,0.0
0.046,0.50080575,0.0
0.051,0.50080575,0.0
0.053,0.50065925,0.0
0.057,0.50065925,0.0
0.057999999999999996,0.50065925,0.0
0.059000000000000004,0.50065925,0.0
0.059000000000000004,0.50065925,0.0
0.059000000000000004,0.5005493750000001,0.0
0.06,0.500476125,0.0
0.06,0.5004028749999999,0.0
0.06,0.5004028749999999,0.0
0.06,0.5001464999999999,0.0
0.06,0.50007325,0.0
0.061,0.5,0.0
0.061,0.5,0.0
0.061,0.50007325,0.0
0.061,0.5001464999999999,0.0
0.062,0.50007325,0.0
0.063,0.50007325,0.0
0.065,0.50007325,0.0
0.068,0.50007325,0.0
0.07200000000000001,0.5001464999999999,0.0
0.078,0.50007325,0.0
0.083,0.50007325,0.0
0.083,0.5001464999999999,0.0
0.087,0.5001464999999999,0.0
0.09,0.50021975,0.0
0.09300000000000001,0.500329625,0.0
0.096,0.500329625,0.0
0.09900001,0.5005493750000001,0.0
0.10099999999999999,0.50065925,0.0
0.10300000000000001,0.50065925,0.0
0.10300000000000001,0.50065925,0.0
0.10400000999999999,0.50080575,0.0
0.105,0.500915625,0.0
0.106,0.50080575,0.0
0.106,0.50080575,0.0
0.106,0.50080575,0.0
0.107,0.5007325,0.0
0.107,0.50065925,0.0
0.107,0.5005493750000001,0.0
0.107,0.500476125,0.0
0.107,0.500476125,0.0
0.107,0.500476125,0.0
0.107,0.5004028749999999,0.0
0.107,0.50021975,0.0
0.107,0.50021975,0.0
0.107,0.49992675000000003,0.0
0.107,0.49992675000000003,0.0
0.107,0.4998535,0.0
0.107,0.49967037500000006,0.0
0.107,0.49967037500000006,0.0
0.107,0.4992675,0.0
0.107,0.499450625,0.0
0.107,0.499450625,0.0
0.107,0.499450625,0.0
0.107,0.49959712500000003,0.0
0.10800000000000001,0.49959712500000003,0.0
0.10800000000000001,0.49967037500000006,0.0
0.10800000000000001,0.4998535,0.0
0.10800000000000001,0.4998535,0.0
0.10800000000000001,0.49992675000000003,0.0
0.10800000000000001,0.5001464999999999,0.0
0.10800000000000001,0.50007325,0.0
0.10800000000000001,0.50007325,0.0
0.10800000000000001,0.500476125,0.0
0.10800000000000001,0.500915625,0.0
0.10800000000000001,0.500915625,0.0
0.10800000000000001,0.50080575,0.0
0.10800000000000001,0.50080575,0.0
0.11400001,0.50065925,0.0
0.12,0.5005493750000001,0.0
0.127,0.500476125,0.0
0.127,0.5004028749999999,0.0
0.13900001,0.500329625,0.0
0.146,0.500329625,0.0
0.14900001,0.500329625,0.0
0.151,0.500329625,0.0
0.151,0.500329625,0.0
0.15400001,0.501062125,0.0
0.15400001,0.501721375,0.0
0.155,0.50124525,0.0
0.155,0.5005493750000001,0.0
0.156,0.5005493750000001,0.0
0.158,0.5005493750000001,0.0
0.16,0.500329625,0.0
0.16200001,0.500329625,0.0
0.16200001,0.500329625,0.0
0.16300001000000003,0.50021975,0.0
0.16300001000000003,0.50021975,0.0
0.16300001000000003,0.5001464999999999,0.0
0.16300001000000003,0.49992675000000003,0.0
0.16300001000000003,0.49992675000000003,0.0
0.16300001000000003,0.49967037500000006,0.0
0.156,0.4998535,0.0
0.14400000999999998,0.49992675000000003,0.0
0.133,0.5007325,0.0
0.126,0.500915625,0.0
0.11400001,0.50080575,0.0
0.111,0.50080575,0.0
0.111,0.500915625,0.0
0.111,0.500915625,0.0
0.11,0.501062125,0.0
0.11,0.5011353749999999,0.0
0.11,0.5011353749999999,0.0
0.11,0.501062125,0.0
0.11,0.500915625,0.0
0.11,0.500915625,0.0
0.11,0.50080575,0.0
0.11,0.50080575,0.0
0.11,0.50080575,0.0
0.11,0.5007325,0.0
0.11,0.50065925,0.0
0.11,0.5004028749999999,0.0
0.11,0.5004028749999999,0.0
0.11,0.50021975,0.0
0.11,0.500329625,0.0
0.11,0.50021975,0.0
0.11,0.500329625,0.0
0.11,0.500329625,0.0
0.11,0.5,0.0
0.11,0.5,0.0
0.11,0.5,0.0
0.11,0.5,0.0
0.11,0.4998535,0.0
0.11,0.4998535,0.0
0.11,0.49992675000000003,0.0
0.11,0.49992675000000003,0.0
0.11,0.49992675000000003,0.0
0.11,0.500476125,0.0
0.11,0.500476125,0.0
0.11,0.5005493750000001,0.0
0.11,0.5005493750000001,0.0
0.11,0.50080575,0.0
0.11,0.50124525,0.0
0.11,0.50139175,0.0
0.11,0.50139175,0.0
0.11,0.50139175,0.0
0.11,0.5013185,0.0
0.11,0.50124525,0.0
0.11,0.50065925,0.0
0.11,0.5004028749999999,0.0
0.11,0.5004028749999999,0.0
0.11,0.50021975,0.0
0.10900001,0.5001464999999999,0.0
0.10900001,0.5001464999999999,0.0
0.10900001,0.5001464999999999,0.0
0.10400000999999999,0.5001464999999999,0.0
0.1,0.5001464999999999,0.0
0.1,0.50007325,0.0
0.09400001,0.50007325,0.0
0.08900000999999999,0.50007325,0.0
0.08,0.5001464999999999,0.0
0.07200000000000001,0.5001464999999999,0.0
0.07200000000000001,0.5001464999999999,0.0
0.066,0.5001464999999999,0.0
0.065,0.5001464999999999,0.0
0.065,0.5001464999999999,0.0
0.065,0.5001464999999999,0.0
0.065,0.50021975,0.0
0.065,0.50021975,0.0
0.065,0.49952387499999995,0.0
0.069,0.49934075,0.0
0.069,0.49934075,0.0
0.07,0.49934075,0.0
0.07,0.499450625,0.0
0.07,0.4992675,0.0
0.07,0.499084375,0.0
0.07,0.49919425,0.0
0.066,0.49919425,0.0
0.047,0.49934075,0.0
0.03,0.49934075,0.0
0.027999999999999997,0.499450625,0.0
0.0,0.49959712500000003,0.0
0.0,0.49967037500000006,0.0
0.0,0.49959712500000003,0.0
0.0,0.49959712500000003,0.0
0.0,0.49952387499999995,0.0
0.0,0.49952387499999995,0.0
0.0,0.49967037500000006,0.0
0.0,0.49959712500000003,0.0
0.0,0.49978025000000004,0.0
0.0,0.49978025000000004,0.0
0.0,0.500329625,0.0
0.0,0.5004028749999999,0.0
0.0,0.500329625,0.0
0.0,0.50021975,0.0
0.0,0.50021975,0.0
0.0,0.500329625,0.0
0.031,0.500329625,0.0
0.031,0.50021975,0.0
0.036000000000000004,0.5001464999999999,0.0
0.037000000000000005,0.5001464999999999,0.0
0.045,0.5001464999999999,0.0
0.048,0.500476125,0.0
0.048,0.5011353749999999,0.0
0.049,0.5011353749999999,0.0
0.049,0.5013185,0.0
0.049,0.5013185,0.0
0.049,0.5013185,0.0
0.049,0.5013185,0.0
0.049,0.50124525,0.0
0.049,0.501062125,0.0
0.049,0.500988875,0.0
0.049,0.5007325,0.0
0.049,0.5007325,0.0
0.049,0.50021975,0.0
0.049,0.500329625,0.0
0.049,0.50021975,0.0
0.049,0.50021975,0.0
0.049,0.50021975,0.0
0.049,0.50021975,0.0
0.049,0.50021975,0.0
0.049,0.50021975,0.0
0.042,0.50021975,0.0
0.0,0.50065925,0.0
0.0,0.500988875,0.0
0.0,0.5013185,0.0
0.0,0.50139175,0.0
0.0,0.50139175,0.0
0.0,0.5013185,0.0
0.0,0.50139175,0.0
0.0,0.50139175,0.0
0.0,0.50139175,0.0
0.0,0.5013185,0.0
0.0,0.5013185,0.0
0.0,0.501574875,0.0
0.0,0.501721375,0.0
0.0,0.501721375,0.0
0.0,0.501721375,0.0
0.0,0.5019045,0.0
0.0,0.5019045,0.0
0.0,0.5019045,0.0
0.0,0.50183125,0.0
0.0,0.50183125,0.0
0.0,0.50183125,0.0
0.0,0.50183125,0.0
0.0,0.50183125,0.0
0.0,0.50183125,0.0
0.0,0.50183125,0.0
0.0,0.50183125,0.0
0.0,0.50183125,0.0
0.0,0.50183125,0.0
0.0,0.5019045,0.0
0.0,0.5019045,0.0
0.0,0.5019045,0.0
0.0,0.5019045,0.0
0.0,0.5019045,0.0
0.0,0.5019045,0.0
0.0,0.5020509999999999,0.0
0.037000000000000005,0.5022341250000001,0.0
0.040999999999999995,0.5022341250000001,0.0
0.044000000000000004,0.502160875,0.0
0.046,0.502160875,0.0
0.048,0.5020509999999999,0.0
0.048,0.5020509999999999,0.0
0.051,0.5020509999999999,0.0
0.051,0.5020509999999999,0.0
0.051,0.502160875,0.0
0.051,0.502160875,0.0
0.052000000000000005,0.502160875,0.0
0.052000000000000005,0.5020509999999999,0.0
0.053,0.501721375,0.0
0.053,0.50124525,0.0
0.053,0.50124525,0.0
0.054000000000000006,0.5011353749999999,0.0
0.055,0.5011353749999999,0.0
0.055,0.501062125,0.0
0.055999999999999994,0.501062125,0.0
0.055999999999999994,0.501062125,0.0
0.055999999999999994,0.501062125,0.0
0.055999999999999994,0.501062125,0.0
0.057,0.501062125,0.0
0.057,0.501062125,0.0
0.057,0.501574875,0.0
0.057999999999999996,0.501574875,0.0
0.057999999999999996,0.501574875,0.0
0.057999999999999996,0.501574875,0.0
0.057999999999999996,0.501574875,0.0
0.059000000000000004,0.501648125,0.0
0.059000000000000004,0.50197775,0.0
0.059000000000000004,0.502307375,0.0
0.059000000000000004,0.502160875,0.0
0.059000000000000004,0.502160875,0.0
0.059000000000000004,0.5020509999999999,0.0
0.059000000000000004,0.50197775,0.0
0.059000000000000004,0.50197775,0.0
0.059000000000000004,0.50183125,0.0
0.059000000000000004,0.501721375,0.0
0.059000000000000004,0.501721375,0.0
0.059000000000000004,0.501648125,0.0
0.059000000000000004,0.501648125,0.0
0.059000000000000004,0.501648125,0.0
0.059000000000000004,0.501648125,0.0
0.059000000000000004,0.501648125,0.0
0.059000000000000004,0.501648125,0.0
0.059000000000000004,0.501648125,0.0
0.059000000000000004,0.50139175,0.0
0.059000000000000004,0.50139175,0.0
0.059000000000000004,0.50139175,0.0
0.059000000000000004,0.50124525,0.0
0.059000000000000004,0.50124525,0.0
0.059000000000000004,0.50065925,0.0
0.059000000000000004,0.500915625,0.0
0.059000000000000004,0.500915625,0.0
0.059000000000000004,0.500915625,0.0
0.059000000000000004,0.50197775,0.0
0.059000000000000004,0.5020509999999999,0.0
0.059000000000000004,0.5019045,0.0
0.059000000000000004,0.5019045,0.0
0.059000000000000004,0.5019045,0.0
0.059000000000000004,0.5019045,0.0
0.059000000000000004,0.50183125,0.0
0.059000000000000004,0.501721375,0.0
0.059000000000000004,0.501721375,0.0
0.059000000000000004,0.501648125,0.0
0.059000000000000004,0.50124525,0.0
0.059000000000000004,0.500988875,0.0
0.059000000000000004,0.501062125,0.0
0.059000000000000004,0.501062125,0.0
0.059000000000000004,0.500988875,0.0
0.059000000000000004,0.50080575,0.0
0.059000000000000004,0.50080575,0.0
0.059000000000000004,0.50080575,0.0
0.059000000000000004,0.50080575,0.0
0.059000000000000004,0.50080575,0.0
0.059000000000000004,0.50065925,0.0
0.059000000000000004,0.50021975,0.0
0.059000000000000004,0.50021975,0.0
0.059000000000000004,0.50007325,0.0
0.059000000000000004,0.49992675000000003,0.0
0.059000000000000004,0.49992675000000003,0.0
0.059000000000000004,0.49992675000000003,0.0
0.059000000000000004,0.49992675000000003,0.0
0.059000000000000004,0.49992675000000003,0.0
0.06,0.50007325,0.0
0.062,0.5,0.0
0.064,0.5,0.0
0.065,0.49959712500000003,0.0
0.066,0.49967037500000006,0.0
0.076,0.4998535,0.0
0.076,0.4998535,0.0
0.085,0.49992675000000003,0.0
0.086,0.50007325,0.0
0.086,0.50021975,0.0
0.086,0.50021975,0.0
0.086,0.50021975,0.0
0.08800000000000001,0.50021975,0.0
0.08800000000000001,0.50021975,0.0
0.08800000000000001,0.500329625,0.0
0.08900000999999999,0.50021975,0.0
0.09400001,0.50021975,0.0
0.10400000999999999,0.5,0.0
0.113,0.5001464999999999,0.0
0.113,0.5001464999999999,0.0
0.12,0.5001464999999999,0.0
0.131,0.5001464999999999,0.0
0.131,0.50021975,0.0
0.13900001,0.500329625,0.0
0.14800000000000002,0.50021975,0.0
0.14800000000000002,0.50021975,0.0
0.17,0.5001464999999999,0.0
0.17,0.5001464999999999,0.0
0.18100000000000002,0.50007325,0.0
0.18200001,0.50007325,0.0
0.18200001,0.50007325,0.0
0.18200001,0.50021975,0.0
0.18200001,0.5004028749999999,0.0
0.18200001,0.5004028749999999,0.0
0.18200001,0.500476125,0.0
0.18200001,0.500915625,0.0
0.18200001,0.500915625,0.0
0.18200001,0.50080575,0.0
0.18200001,0.50065925,0.0
0.18200001,0.5005493750000001,0.0
0.18200001,0.5005493750000001,0.0
0.18200001,0.5004028749999999,0.0
0.18200001,0.5004028749999999,0.0
0.18200001,0.5004028749999999,0.0
0.18200001,0.5004028749999999,0.0
0.18200001,0.5004028749999999,0.0
0.18200001,0.5004028749999999,0.0
0.18200001,0.5004028749999999,0.0
0.18200001,0.5004028749999999,0.0
0.18200001,0.500329625,0.0
0.18200001,0.50021975,0.0
0.18200001,0.50021975,0.0
0.18200001,0.50021975,0.0
0.18200001,0.50021975,0.0
0.179,0.5,0.0
0.17800001000000001,0.49959712500000003,0.0
0.17800001000000001,0.49959712500000003,0.0
0.17800001000000001,0.49959712500000003,0.0
0.17800001000000001,0.49978025000000004,0.0
0.17700001,0.49978025000000004,0.0
0.174,0.49992675000000003,0.0
0.17,0.5,0.0
0.166,0.5011353749999999,0.0
0.16300001000000003,0.5011353749999999,0.0
0.16,0.5011353749999999,0.0
0.158,0.500915625,0.0
0.157,0.50080575,0.0
0.155,0.50065925,0.0
0.15400001,0.50065925,0.0
0.15400001,0.50065925,0.0
0.15400001,0.5007325,0.0
0.15400001,0.500915625,0.0
0.15400001,0.500915625,0.0
0.15400001,0.500915625,0.0
0.15400001,0.50080575,0.0
0.15400001,0.50080575,0.0
0.151,0.500988875,0.0
0.092,0.500988875,0.0
0.092,0.501062125,0.0
0.0,0.501062125,0.0
0.0,0.5019045,0.0
0.0,0.5022341250000001,0.0
0.0,0.5022341250000001,0.0
0.0,0.502160875,0.0
0.0,0.5020509999999999,0.0
0.0,0.50124525,0.0
0.0,0.500915625,0.0
0.0,0.500915625,0.0
0.0,0.5005493750000001,0.0
0.0,0.5005493750000001,0.0
0.0,0.5004028749999999,0.0
0.0,0.5004028749999999,0.0
0.0,0.5001464999999999,0.0
0.0,0.49959712500000003,0.0
0.0,0.49952387499999995,0.0
0.0,0.49952387499999995,0.0
0.0,0.49978025000000004,0.0
0.0,0.49978025000000004,0.0
0.0,0.49978025000000004,0.0
0.0,0.49978025000000004,0.0
0.0,0.49919425,0.0
0.0,0.49868150000000006,0.0
0.0,0.49868150000000006,0.0
0.0,0.49875475,0.0
0.0,0.49875475,0.0
0.0,0.49875475,0.0
0.0,0.49875475,0.0
0.0,0.49893787500000003,0.0
0.0,0.49893787500000003,0.0
0.0,0.49919425,0.0
0.0,0.499450625,0.0
0.0,0.499450625,0.0
0.0,0.500329625,0.0
0.0,0.500329625,0.0
0.0,0.50124525,0.0
0.0,0.50139175,0.0
0.0,0.5013185,0.0
0.0,0.501062125,0.0
0.0,0.500988875,0.0
0.0,0.50080575,0.0
0.0,0.50065925,0.0
0.0,0.50065925,0.0
0.0,0.50065925,0.0
0.0,0.500476125,0.0
0.0,0.500476125,0.0
0.0,0.50007325,0.0
0.0,0.5,0.0
0.0,0.49992675000000003,0.0
0.0,0.49959712500000003,0.0
0.0,0.49967037500000006,0.0
0.0,0.49992675000000003,0.0
0.0,0.50007325,0.0
0.027999999999999997,0.500329625,0.0
0.040999999999999995,0.5004028749999999,0.0
0.044000000000000004,0.5004028749999999,0.0
0.047,0.500476125,0.0
0.05,0.500476125,0.0
0.052000000000000005,0.5004028749999999,0.0
0.053,0.500329625,0.0
0.055,0.50021975,0.0
0.055,0.49992675000000003,0.0
0.055,0.49967037500000006,0.0
0.055,0.49952387499999995,0.0
0.046,0.49959712500000003,0.0
0.039,0.49992675000000003,0.0
0.038,0.49992675000000003,0.0
0.038,0.5,0.0
0.038,0.500476125,0.0
0.038,0.501062125,0.0
0.038,0.5011353749999999,0.0
0.038,0.500988875,0.0
0.038,0.500915625,0.0
0.038,0.500915625,0.0
0.038,0.500915625,0.0
0.038,0.500988875,0.0
0.038,0.500988875,0.0
0.038,0.500915625,0.0
0.038,0.5007325,0.0
0.038,0.5007325,0.0
0.038,0.50065925,0.0
0.038,0.5005493750000001,0.0
0.038,0.500476125,0.0
0.038,0.5004028749999999,0.0
0.045,0.50021975,0.0
0.052000000000000005,0.50007325,0.0
0.06,0.5,0.0
0.078,0.49978025000000004,0.0
0.105,0.49967037500000006,0.0
0.121,0.49959712500000003,0.0
0.128,0.49959712500000003,0.0
0.131,0.49959712500000003,0.0
0.133,0.49967037500000006,0.0
0.133,0.49967037500000006,0.0
0.13400001,0.49967037500000006,0.0
0.13400001,0.49967037500000006,0.0
0.13400001,0.49967037500000006,0.0
0.13400001,0.49967037500000006,0.0
0.13699999999999998,0.49959712500000003,0.0
0.156,0.49959712500000003,0.0
0.16700001,0.49959712500000003,0.0
0.16899999999999998,0.49959712500000003,0.0
0.16899999999999998,0.49959712500000003,0.0
0.16899999999999998,0.49959712500000003,0.0
0.16899999999999998,0.49967037500000006,0.0
0.16899999999999998,0.49959712500000003,0.0
0.16899999999999998,0.49959712500000003,0.0
0.16899999999999998,0.49959712500000003,0.0
0.16899999999999998,0.49967037500000006,0.0
0.16899999999999998,0.49967037500000006,0.0
0.16899999999999998,0.49967037500000006,0.0
0.16899999999999998,0.49967037500000006,0.0
0.16899999999999998,0.49967037500000006,0.0
0.16899999999999998,0.49967037500000006,0.0
0.16899999999999998,0.49967037500000006,0.0
0.16899999999999998,0.49967037500000006,0.0
0.16899999999999998,0.49959712500000003,0.0
0.16899999999999998,0.49967037500000006,0.0
0.16899999999999998,0.49967037500000006,0.0
0.16899999999999998,0.49967037500000006,0.0
0.16899999999999998,0.49967037500000006,0.0
0.16899999999999998,0.49978025000000004,0.0
0.16899999999999998,0.49978025000000004,0.0
0.17,0.49967037500000006,0.0
0.171,0.49978025000000004,0.0
0.17200001,0.4998535,0.0
0.174,0.4998535,0.0
0.179,0.5,0.0
0.18300001000000002,0.5,0.0
0.18300001000000002,0.5,0.0
0.184,0.49992675000000003,0.0
0.184,0.4998535,0.0
0.184,0.49992675000000003,0.0
0.184,0.49992675000000003,0.0
0.184,0.49992675000000003,0.0
0.184,0.50007325,0.0
0.184,0.50021975,0.0
0.184,0.500476125,0.0
0.184,0.50080575,0.0
0.184,0.501062125,0.0
0.184,0.50080575,0.0
0.184,0.50065925,0.0
0.184,0.5004028749999999,0.0
0.184,0.50021975,0.0
0.184,0.50021975,0.0
0.184,0.5001464999999999,0.0
0.184,0.5001464999999999,0.0
0.184,0.49934075,0.0
0.184,0.49893787500000003,0.0
0.184,0.49860825,0.0
0.184,0.498351875,0.0
0.184,0.4980955,0.0
0.184,0.49802225,0.0
0.184,0.49853499999999995,0.0
0.184,0.499084375,0.0
0.184,0.4992675,0.0
0.184,0.4992675,0.0
0.184,0.4992675,0.0
0.184,0.4992675,0.0
0.184,0.4992675,0.0
0.184,0.499450625,0.0
0.184,0.49959712500000003,0.0
0.184,0.49992675000000003,0.0
0.184,0.5,0.0
0.184,0.5001464999999999,0.0
0.184,0.500329625,0.0
0.184,0.5007325,0.0
0.184,0.5011353749999999,0.0
0.184,0.50124525,0.0
0.184,0.501465,0.0
0.184,0.50183125,0.0
0.184,0.502380625,0.0
0.184,0.503332875,0.0
0.184,0.504065375,0.0
0.184,0.5041386250000001,0.0
0.184,0.5041386250000001,0.0
0.184,0.504065375,0.0
0.184,0.50388225,0.0
0.184,0.5036625,0.0
0.184,0.503552625,0.0
0.184,0.503552625,0.0
0.184,0.5036625,0.0
0.184,0.5036625,0.0
0.184,0.503809,0.0
0.184,0.503992125,0.0
0.184,0.503992125,0.0
0.184,0.50388225,0.0
0.184,0.50388225,0.0
0.184,0.50388225,0.0
0.184,0.50388225,0.0
0.184,0.50388225,0.0
0.184,0.503992125,0.0
0.184,0.5041386250000001,0.0
0.18,0.50446825,0.0
0.179,0.5047246249999999,0.0
0.17600000000000002,0.50490775,0.0
0.17300001,0.50490775,0.0
0.17200001,0.50490775,0.0
0.17200001,0.50490775,0.0
0.171,0.50490775,0.0
0.171,0.505237375,0.0
0.17,0.505567,0.0
0.17,0.505567,0.0
0.16899999999999998,0.505567,0.0
0.16800001,0.50549375,0.0
0.16800001,0.505567,0.0
0.16800001,0.505567,0.0
0.16800001,0.505567,0.0
0.16800001,0.505567,0.0
0.16800001,0.50549375,0.0
0.16800001,0.505383875,0.0
0.16800001,0.505164125,0.0
0.16800001,0.504981,0.0
0.16800001,0.50490775,0.0
0.16800001,0.50490775,0.0
0.16800001,0.504797875,0.0
0.16800001,0.5047246249999999,0.0
0.16800001,0.5047246249999999,0.0
0.16800001,0.504651375,0.0
0.16800001,0.504651375,0.0
0.16800001,0.504651375,0.0
0.16800001,0.504651375,0.0
0.16800001,0.504797875,0.0
0.165,0.5047246249999999,0.0
0.147,0.5047246249999999,0.0
0.126,0.50505425,0.0
0.10900001,0.50549375,0.0
0.10300000000000001,0.50549375,0.0
0.064,0.505237375,0.0
0.064,0.505237375,0.0
0.06,0.505237375,0.0
0.059000000000000004,0.505164125,0.0
0.055999999999999994,0.50505425,0.0
0.054000000000000006,0.50490775,0.0
0.052000000000000005,0.504578125,0.0
0.052000000000000005,0.5041386250000001,0.0
0.052000000000000005,0.502966625,0.0
0.052000000000000005,0.5020509999999999,0.0
0.057,0.502160875,0.0
0.061,0.5022341250000001,0.0
0.066,0.50256375,0.0
0.067,0.5032230000000001,0.0
0.067,0.503479375,0.0
0.067,0.503479375,0.0
0.067,0.503479375,0.0
0.068,0.5037357499999999,0.0
0.069,0.503992125,0.0
0.069,0.504578125,0.0
0.069,0.504651375,0.0
0.08,0.504981,0.0
0.083,0.504981,0.0
0.083,0.504981,0.0
0.083,0.504797875,0.0
0.08400001,0.504651375,0.0
0.085,0.504651375,0.0
0.085,0.504578125,0.0
0.087,0.504578125,0.0
0.087,0.504651375,0.0
0.087,0.5047246249999999,0.0
0.087,0.50490775,0.0
0.087,0.505164125,0.0
0.087,0.50505425,0.0
0.087,0.504981,0.0
0.087,0.505164125,0.0
0.087,0.505896625,0.0
0.087,0.50622625,0.0
0.087,0.505896625,0.0
0.087,0.505896625,0.0
0.087,0.50564025,0.0
0.08800000000000001,0.505164125,0.0
0.08900000999999999,0.504797875,0.0
0.08900000999999999,0.505310625,0.0
0.08900000999999999,0.50607975,0.0
0.08900000999999999,0.505896625,0.0
0.08900000999999999,0.505310625,0.0
0.08900000999999999,0.5047246249999999,0.0
0.09,0.50505425,0.0
0.09,0.5073249999999999,0.0
0.09,0.506995375,0.0
0.09,0.50490775,0.0
0.09,0.50432175,0.0
0.09,0.50446825,0.0
0.091,0.503552625,0.0
0.09300000000000001,0.501721375,0.0
0.09400001,0.5022341250000001,0.0
0.095,0.502966625,0.0
0.095,0.502966625,0.0
0.095,0.5032230000000001,0.0
0.095,0.504395,0.0
0.095,0.505237375,0.0
0.095,0.504797875,0.0
0.095,0.5041386250000001,0.0
0.095,0.503809,0.0
0.095,0.5036625,0.0
0.095,0.502966625,0.0
0.091,0.502307375,0.0
0.09,0.501648125,0.0
0.09,0.501574875,0.0
0.09,0.5013185,0.0
0.09,0.500915625,0.0
0.09,0.50080575,0.0
0.09,0.50080575,0.0
0.08900000999999999,0.50065925,0.0
0.08900000999999999,0.50065925,0.0
0.08900000999999999,0.50065925,0.0
0.08900000999999999,0.50065925,0.0
0.08900000999999999,0.50065925,0.0
0.073,0.5005493750000001,0.0
0.049,0.500329625,0.0
0.040999999999999995,0.49967037500000006,0.0
0.040999999999999995,0.49893787500000003,0.0
0.040999999999999995,0.49919425,0.0
0.040999999999999995,0.49992675000000003,0.0
0.040999999999999995,0.49992675000000003,0.0
0.040999999999999995,0.49978025000000004,0.0
0.04,0.5,0.0
0.04,0.4998535,0.0
0.04,0.49967037500000006,0.0
0.04,0.49967037500000006,0.0
0.04,0.49967037500000006,0.0
0.04,0.49952387499999995,0.0
0.04,0.49978025000000004,0.0
0.04,0.49992675000000003,0.0
0.036000000000000004,0.49978025000000004,0.0
0.033,0.49959712500000003,0.0
0.0,0.49967037500000006,0.0
0.0,0.49967037500000006,0.0
0.0,0.49967037500000006,0.0
0.0,0.49967037500000006,0.0
0.0,0.49967037500000006,0.0
0.0,0.49959712500000003,0.0
0.0,0.49959712500000003,0.0
0.0,0.49952387499999995,0.0
0.0,0.49952387499999995,0.0
0.0,0.49952387499999995,0.0
0.0,0.49959712500000003,0.0
0.0,0.49978025000000004,0.0
0.0,0.5001464999999999,0.0
0.0,0.5,0.0
0.0,0.5,0.0
0.0,0.50021975,0.0
0.0,0.50021975,0.0
0.0,0.50021975,0.0
0.0,0.500476125,0.0
0.0,0.5007325,0.0
0.0,0.501062125,0.0
0.0,0.501062125,0.0
0.0,0.5011353749999999,0.0
0.0,0.50139175,0.0
0.0,0.502307375,0.0
0.0,0.502820125,0.0
0.0,0.50197775,0.0
0.0,0.5011353749999999,0.0
0.0,0.5011353749999999,0.0
0.0,0.500988875,0.0
0.0,0.500988875,0.0
0.0,0.500988875,0.0
0.0,0.50080575,0.0
0.0,0.5005493750000001,0.0
0.0,0.5004028749999999,0.0
0.04,0.500476125,0.0
0.04,0.5004028749999999,0.0
0.046,0.500476125,0.0
0.047,0.5004028749999999,0.0
0.048,0.50021975,0.0
0.048,0.5001464999999999,0.0
0.048,0.5001464999999999,0.0
0.048,0.50007325,0.0
0.048,0.50007325,0.0
0.048,0.49992675000000003,0.0
0.048,0.4998535,0.0
0.048,0.49978025000000004,0.0
0.048,0.49959712500000003,0.0
0.048,0.49919425,0.0
0.048,0.49919425,0.0
0.048,0.499450625,0.0
0.048,0.49934075,0.0
0.048,0.49934075,0.0
0.048,0.49952387499999995,0.0
0.048,0.49952387499999995,0.0
0.048,0.49967037500000006,0.0
0.048,0.49992675000000003,0.0
0.048,0.50021975,0.0
0.048,0.5001464999999999,0.0
0.048,0.50007325,0.0
0.048,0.50007325,0.0
0.048,0.50007325,0.0
0.048,0.50021975,0.0
0.048,0.500476125,0.0
0.048,0.5005493750000001,0.0
0.048,0.5005493750000001,0.0
0.048,0.5005493750000001,0.0
0.048,0.5005493750000001,0.0
0.048,0.5005493750000001,0.0
0.048,0.5007325,0.0
0.048,0.50080575,0.0
0.048,0.50080575,0.0
0.05,0.50080575,0.0
0.05,0.500915625,0.0
0.055,0.500988875,0.0
0.066,0.5011353749999999,0.0
0.08,0.5011353749999999,0.0
0.08800000000000001,0.5011353749999999,0.0
0.09699999999999999,0.5011353749999999,0.0
0.105,0.5011353749999999,0.0
0.111,0.5011353749999999,0.0
0.11599999999999999,0.50124525,0.0
0.122,0.50124525,0.0
0.126,0.5013185,0.0
0.128,0.50124525,0.0
0.128,0.5011353749999999,0.0
0.13,0.500988875,0.0
0.13,0.500988875,0.0
0.13,0.500988875,0.0
0.13,0.500915625,0.0
0.13,0.500915625,0.0
0.13,0.50065925,0.0
0.13,0.50080575,0.0
0.13,0.50080575,0.0
0.13,0.500476125,0.0
0.13,0.5004028749999999,0.0
0.13,0.500476125,0.0
0.13,0.500329625,0.0
0.13,0.50007325,0.0
0.13,0.5,0.0
0.13,0.5,0.0
0.13,0.49992675000000003,0.0
0.13,0.49992675000000003,0.0
0.13,0.49992675000000003,0.0
0.13,0.49978025000000004,0.0
0.13,0.49967037500000006,0.0
0.13,0.49967037500000006,0.0
0.13,0.49967037500000006,0.0
0.13,0.49959712500000003,0.0
0.125,0.49959712500000003,0.0
0.11699999999999999,0.49959712500000003,0.0
0.107,0.49967037500000006,0.0
0.107,0.49978025000000004,0.0
0.092,0.4998535,0.0
0.092,0.5001464999999999,0.0
0.08400001,0.5005493750000001,0.0
0.081,0.5011353749999999,0.0
0.081,0.5011353749999999,0.0
0.08,0.500988875,0.0
0.08,0.501062125,0.0
0.08,0.500915625,0.0
0.08,0.50065925,0.0
0.08,0.5005493750000001,0.0
0.08,0.5004028749999999,0.0
0.08,0.50065925,0.0
0.08,0.5004028749999999,0.0
0.08,0.49992675000000003,0.0
0.079,0.4998535,0.0
0.079,0.49992675000000003,0.0
0.079,0.49992675000000003,0.0
0.079,0.50007325,0.0
0.075,0.500329625,0.0
0.063,0.500476125,0.0
0.059000000000000004,0.5005493750000001,0.0
0.059000000000000004,0.5005493750000001,0.0
0.048,0.500476125,0.0
0.036000000000000004,0.500476125,0.0
0.031,0.5004028749999999,0.0
0.027999999999999997,0.5004028749999999,0.0
0.024,0.5004028749999999,0.0
0.022000000000000002,0.5005493750000001,0.0
0.0,0.50080575,0.0
0.0,0.5007325,0.0
0.0,0.50065925,0.0
0.0,0.50065925,0.0
0.0,0.5005493750000001,0.0
0.0,0.500476125,0.0
0.0,0.500476125,0.0
0.0,0.500476125,0.0
0.0,0.5005493750000001,0.0
0.0,0.500915625,0.0
0.0,0.500915625,0.0
0.0,0.50080575,0.0
0.0,0.50080575,0.0
0.0,0.50080575,0.0
0.0,0.500915625,0.0
0.0,0.50080575,0.0
0.0,0.50080575,0.0
0.0,0.5007325,0.0
0.0,0.50065925,0.0
0.0,0.50065925,0.0
0.0,0.50065925,0.0
0.0,0.500329625,0.0
0.035,0.50007325,0.0
0.035,0.5,0.0
0.042,0.5,0.0
0.05,0.5,0.0
0.057999999999999996,0.5,0.0
0.065,0.5,0.0
0.065,0.5,0.0
0.066,0.5,0.0
0.067,0.49992675000000003,0.0
0.068,0.49992675000000003,0.0
0.07,0.49992675000000003,0.0
0.07,0.5,0.0
0.071,0.50007325,0.0
0.07200000000000001,0.50007325,0.0
0.073,0.50007325,0.0
0.073,0.50007325,0.0
0.073,0.50007325,0.0
0.07400000000000001,0.5001464999999999,0.0
0.07400000000000001,0.50080575,0.0
0.075,0.501574875,0.0
0.075,0.501574875,0.0
0.075,0.5013185,0.0
0.075,0.50124525,0.0
0.075,0.501062125,0.0
0.075,0.50080575,0.0
0.075,0.5005493750000001,0.0
0.075,0.5004028749999999,0.0
0.075,0.5001464999999999,0.0
0.075,0.50007325,0.0
0.075,0.50007325,0.0
0.075,0.50007325,0.0
0.075,0.5,0.0
0.075,0.50007325,0.0
0.075,0.5,0.0
0.075,0.49978025000000004,0.0
0.075,0.49967037500000006,0.0
0.075,0.49959712500000003,0.0
0.075,0.49967037500000006,0.0
0.075,0.49967037500000006,0.0
0.075,0.49967037500000006,0.0
0.075,0.49978025000000004,0.0
0.075,0.49978025000000004,0.0
0.075,0.49967037500000006,0.0
0.075,0.49978025000000004,0.0
0.075,0.49978025000000004,0.0
0.075,0.49959712500000003,0.0
0.075,0.49978025000000004,0.0
0.075,0.49992675000000003,0.0
0.075,0.49992675000000003,0.0
0.075,0.500329625,0.0
0.075,0.500915625,0.0
0.079,0.5007325,0.0
0.08900000999999999,0.500476125,0.0
0.09699999999999999,0.50080575,0.0
0.10300000000000001,0.50139175,0.0
0.106,0.50183125,0.0
0.107,0.501721375,0.0
0.107,0.501648125,0.0
0.107,0.501648125,0.0
0.107,0.501465,0.0
0.107,0.5011353749999999,0.0
0.107,0.501062125,0.0
0.107,0.500915625,0.0
0.107,0.500915625,0.0
0.107,0.5011353749999999,0.0
0.107,0.5011353749999999,0.0
0.107,0.500476125,0.0
0.107,0.49992675000000003,0.0
0.107,0.50021975,0.0
0.107,0.50021975,0.0
0.107,0.499450625,0.0
0.107,0.49919425,0.0
0.107,0.49952387499999995,0.0
0.107,0.49919425,0.0
0.11,0.499011125,0.0
0.11800000000000001,0.4992675,0.0
0.125,0.49952387499999995,0.0
0.125,0.49959712500000003,0.0
0.14400000999999998,0.49959712500000003,0.0
0.147,0.49967037500000006,0.0
0.14800000000000002,0.49978025000000004,0.0
0.14800000000000002,0.49978025000000004,0.0
0.14900001,0.5,0.0
0.14900001,0.5,0.0
0.14900001,0.50007325,0.0
0.14900001,0.5001464999999999,0.0
0.14900001,0.500329625,0.0
0.14900001,0.5004028749999999,0.0
0.14900001,0.5004028749999999,0.0
0.14900001,0.50065925,0.0
0.14900001,0.5007325,0.0
0.14900001,0.5007325,0.0
0.14900001,0.5007325,0.0
0.14900001,0.50080575,0.0
0.14900001,0.50080575,0.0
0.14900001,0.50080575,0.0
0.14900001,0.50080575,0.0
0.14900001,0.5007325,0.0
0.14900001,0.5005493750000001,0.0
0.14900001,0.500476125,0.0
0.14900001,0.500476125,0.0
0.14900001,0.500476125,0.0
0.14900001,0.50065925,0.0
0.14900001,0.500988875,0.0
0.14900001,0.501062125,0.0
0.14900001,0.500988875,0.0
0.14900001,0.5007325,0.0
0.14900001,0.50065925,0.0
0.14900001,0.50065925,0.0
0.14900001,0.5005493750000001,0.0
0.14900001,0.5005493750000001,0.0
0.14900001,0.5005493750000001,0.0
0.14900001,0.5005493750000001,0.0
0.14900001,0.500476125,0.0
0.14900001,0.50021975,0.0
0.14900001,0.49992675000000003,0.0
0.14900001,0.4998535,0.0
0.14900001,0.49992675000000003,0.0
0.136,0.49992675000000003,0.0
0.136,0.5,0.0
0.12400001,0.5,0.0
0.11800000000000001,0.5,0.0
0.107,0.5,0.0
0.096,0.49992675000000003,0.0
0.096,0.5,0.0
0.095,0.49992675000000003,0.0
0.09400001,0.500329625,0.0
0.09400001,0.5004028749999999,0.0
0.09400001,0.5005493750000001,0.0
0.09400001,0.5005493750000001,0.0
0.09400001,0.5005493750000001,0.0
0.09400001,0.5005493750000001,0.0
0.09400001,0.5005493750000001,0.0
0.09400001,0.5005493750000001,0.0
0.09400001,0.500988875,0.0
0.09400001,0.5013185,0.0
0.09400001,0.5011353749999999,0.0
0.09400001,0.500988875,0.0
0.09400001,0.500915625,0.0
0.09400001,0.50080575,0.0
0.09400001,0.5007325,0.0
0.09400001,0.5007325,0.0
0.09400001,0.5007325,0.0
0.09400001,0.5007325,0.0
0.09400001,0.5007325,0.0
0.09400001,0.5007325,0.0
0.09400001,0.5007325,0.0
0.09400001,0.50065925,0.0
0.09400001,0.50065925,0.0
0.09400001,0.5005493750000001,0.0
0.09400001,0.500476125,0.0
0.09400001,0.5001464999999999,0.0
0.09400001,0.4998535,0.0
0.09400001,0.4998535,0.0
0.09400001,0.4998535,0.0
0.09400001,0.4998535,0.0
0.09400001,0.49992675000000003,0.0
0.08900000999999999,0.500476125,0.0
0.08400001,0.5005493750000001,0.0
0.081,0.500329625,0.0
0.081,0.500329625,0.0
0.081,0.50021975,0.0
0.081,0.5001464999999999,0.0
0.08,0.50007325,0.0
0.079,0.50007325,0.0
0.079,0.5001464999999999,0.0
0.079,0.5001464999999999,0.0
0.078,0.500329625,0.0
0.076,0.500329625,0.0
0.075,0.500476125,0.0
0.075,0.500476125,0.0
0.07400000000000001,0.50065925,0.0
0.07400000000000001,0.5007325,0.0
0.07400000000000001,0.500915625,0.0
0.07400000000000001,0.501062125,0.0
0.07400000000000001,0.501062125,0.0
0.07400000000000001,0.501062125,0.0
0.07400000000000001,0.501062125,0.0
0.07400000000000001,0.501062125,0.0
0.07400000000000001,0.500988875,0.0
0.07400000000000001,0.5024905000000001,0.0
0.07400000000000001,0.504981,0.0
0.07200000000000001,0.50432175,0.0
0.07200000000000001,0.504065375,0.0
0.066,0.503479375,0.0
0.055,0.503406125,0.0
0.040999999999999995,0.503552625,0.0
0.0,0.503406125,0.0
0.0,0.5031497500000001,0.0
0.0,0.502820125,0.0
0.0,0.502893375,0.0
0.0,0.5030764999999999,0.0
0.0,0.5032230000000001,0.0
0.0,0.502637,0.0
0.0,0.50256375,0.0
0.0,0.50256375,0.0
0.0,0.50256375,0.0
0.0,0.50256375,0.0
0.0,0.502637,0.0
0.0,0.502746875,0.0
0.0,0.502746875,0.0
0.0,0.502966625,0.0
0.0,0.504065375,0.0
0.0,0.504797875,0.0
0.0,0.5047246249999999,0.0
0.0,0.5042485,0.0
0.0,0.504065375,0.0
0.0,0.504065375,0.0
0.0,0.5037357499999999,0.0
0.0,0.5032230000000001,0.0
0.0,0.50256375,0.0
0.0,0.5011353749999999,0.0
0.0,0.50021975,0.0
0.0,0.5007325,0.0
0.0,0.5007325,0.0
0.0,0.5007325,0.0
0.0,0.50124525,0.0
0.0,0.501465,0.0
0.0,0.501574875,0.0
0.0,0.501648125,0.0
0.0,0.5019045,0.0
0.0,0.50197775,0.0
0.0,0.50256375,0.0
0.0,0.502893375,0.0
0.0,0.5030764999999999,0.0
0.0,0.5030764999999999,0.0
0.0,0.5031497500000001,0.0
0.0,0.503332875,0.0
0.0,0.503332875,1.0
0.0,0.5032230000000001,1.0
0.0,0.5032230000000001,1.0
0.0,0.5031497500000001,1.0
0.0,0.502380625,1.0
0.0,0.5020509999999999,1.0
0.0,0.501721375,1.0
0.0,0.501574875,1.0
0.0,0.501574875,1.0
0.0,0.5024905000000001,1.0
0.0,0.50256375,1.0
0.0,0.501648125,1.0
0.0,0.50183125,1.0
0.0,0.50197775,1.0
0.0,0.5022341250000001,1.0
0.0,0.502637,1.0
0.0,0.50183125,1.0
0.0,0.50139175,1.0
0.0,0.501574875,1.0
0.0,0.501465,1.0
0.0,0.50124525,1.0
0.0,0.5011353749999999,1.0
0.0,0.5011353749999999,1.0
0.0,0.5011353749999999,1.0
0.0,0.50124525,1.0
0.0,0.50124525,1.0
0.0,0.5019045,1.0
0.0,0.502820125,1.0
0.0,0.503406125,1.0
0.0,0.5031497500000001,1.0
0.0,0.502637,1.0
0.0,0.502746875,1.0
0.0,0.502637,1.0
0.0,0.50256375,1.0
0.0,0.5024905000000001,1.0
0.0,0.5022341250000001,1.0
0.0,0.502160875,1.0
0.0,0.50197775,1.0
0.0,0.5013185,1.0
0.0,0.50065925,1.0
0.0,0.50021975,1.0
0.0,0.50021975,1.0
0.0,0.50007325,1.0
0.0,0.5,1.0
0.0,0.49992675000000003,1.0
0.0,0.4998535,1.0
0.0,0.4998535,1.0
0.0,0.5,1.0
0.0,0.50021975,1.0
0.0,0.50021975,1.0
0.0,0.500476125,1.0
0.0,0.500988875,1.0
0.0,0.5013185,1.0
0.0,0.501648125,1.0
0.0,0.501721375,1.0
0.0,0.5024905000000001,1.0
0.0,0.5041386250000001,1.0
0.0,0.505896625,1.0
0.0,0.5068122500000001,1.0
0.0,0.5070686241666666,1.0
0.0,0.5079109991666667,1.0
0.0,0.5086435,1.0
0.0,0.50974225,1.0
0.0,0.5116467499999999,1.0
0.0,0.5136611241666666,1.0
0.0,0.5154923741666667,1.0
0.0,0.516078375,1.0
0.0,0.5159684991666666,1.0
0.0,0.5158952491666666,1.0
0.0,0.516884125,1.0
0.0,0.5191548741666667,1.0
0.0,0.5205832499999999,1.0
0.0,0.5201437491666667,1.0
0.0,0.519301375,1.0
0.0,0.5190816241666667,1.0
0.0,0.5191548741666667,1.0
0.0,0.5190816241666667,1.0
0.0,0.5190816241666667,1.0
0.0,0.5189717500000001,1.0
0.0,0.51882525,1.0
0.0,0.518568875,1.0
0.0,0.51823925,1.0
0.0,0.51823925,1.0
0.0,0.518568875,1.0
0.0,0.5197408741666666,1.0
0.0,0.5206565,1.0
0.0,0.5204733733333333,1.0
0.0,0.520400125,1.0
0.0,0.520400125,1.0
0.0,0.520400125,1.0
0.0,0.5204733733333333,1.0
0.0,0.5204733733333333,1.0
0.0,0.5205832499999999,1.0
0.0,0.5209128741666667,1.0
0.0,0.52248775,1.0
0.0,0.5243922491666667,1.0
0.0,0.524905,1.0
0.0,0.5243922491666667,1.0
0.0,0.5239161233333334,1.0
0.0,0.5236597491666667,1.0
0.0,0.5236597491666667,1.0
0.0,0.5236597491666667,1.0
0.0,0.5237329991666667,1.0
0.0,0.5239893741666667,1.0
0.0,0.5241358741666666,1.0
0.0,0.5241358741666666,1.0
0.0,0.5239161233333334,1.0
0.0,0.5238062491666666,1.0
0.0,0.5238062491666666,1.0
0.0,0.5238062491666666,1.0
0.0,0.523549875,1.0
0.0,0.5233301241666666,1.0
0.0,0.5230737491666666,1.0
0.0,0.5222313741666667,1.0
0.0,0.521059375,1.0
0.0,0.5198873741666667,1.0
0.0,0.5197408741666666,1.0
0.0,0.5196309991666667,1.0
0.0,0.5195577491666666,1.0
0.0,0.51882525,1.0
0.0,0.5177997491666666,1.0
0.0,0.5169939991666667,1.0
0.0,0.5155656241666667,1.0
0.0,0.5138076241666667,1.0
0.0,0.512306,1.0
0.0,0.5117199991666667,1.0
0.0,0.510731125,1.0
0.0,0.5088266241666667,1.0
0.0,0.5068855,1.0
0.0,0.50505425,1.0
0.0,0.50446825,1.0
0.0,0.504651375,1.0
0.0,0.504797875,1.0
0.0,0.504651375,1.0
0.0,0.504578125,1.0
0.0,0.504578125,1.0
0.0,0.5037357499999999,1.0
0.0,0.502893375,1.0
0.0,0.502380625,1.0
0.0,0.501574875,1.0
0.0,0.500329625,1.0
0.0,0.499011125,1.0
0.0,0.49816875,1.0
0.0,0.49794900000000003,1.0
0.0,0.49794900000000003,1.0
0.0,0.4975095,1.0
0.0,0.49743624999999997,1.0
0.0,0.4975095,1.0
0.0,0.4975095,1.0
0.0,0.4975095,1.0
0.0,0.497363,1.0
0.0,0.49703337500000005,1.0
0.0,0.49677699999999997,1.0
0.0,0.49677699999999997,1.0
0.0,0.494835875,1.0
0.0,0.49509224999999996,1.0
0.0,0.495275375,1.0
0.0,0.495421875,1.0
0.0,0.495421875,1.0
0.0,0.49534862500000004,1.0
0.0,0.49534862500000004,1.0
0.0,0.49534862500000004,1.0
0.0,0.49534862500000004,1.0
0.0,0.495421875,1.0
0.0,0.495421875,1.0
0.0,0.495421875,1.0
0.0,0.495421875,1.0
0.0,0.495421875,1.0
0.0,0.4969235000000001,1.0
0.0,0.498864625,1.0
0.0,0.49934075,1.0
0.0,0.499084375,1.0
0.0,0.499450625,1.0
0.0,0.50007325,1.0
0.0,0.500329625,1.0
0.0,0.500329625,1.0
0.0,0.500329625,1.0
0.0,0.5004028749999999,1.0
0.0,0.50021975,1.0
0.0,0.50007325,1.0
0.0,0.50007325,1.0
0.0,0.49952387499999995,1.0
0.0,0.49919425,1.0
0.0,0.499084375,1.0
0.0,0.499084375,1.0
0.0,0.499011125,1.0
0.0,0.499011125,1.0
0.0,0.49893787500000003,1.0
0.0,0.49893787500000003,1.0
0.0,0.49875475,1.0
0.0,0.49875475,1.0
0.0,0.498864625,1.0
0.0,0.498864625,1.0
0.0,0.498864625,1.0
0.0,0.498864625,1.0
0.0,0.498864625,1.0
0.0,0.49893787500000003,1.0
0.0,0.49893787500000003,1.0
0.0,0.498864625,1.0
0.0,0.49868150000000006,1.0
0.0,0.498351875,1.0
0.0,0.498351875,1.0
0.0,0.49794900000000003,1.0
0.0,0.49783912500000005,1.0
0.0,0.49802225,1.0
0.0,0.49802225,1.0
0.0,0.49802225,1.0
0.0,0.4980955,1.0
0.0,0.4980955,1.0
0.0,0.4980955,1.0
0.0,0.4980955,1.0
0.0,0.49816875,1.0
0.0,0.49816875,1.0
0.0,0.498351875,1.0
0.0,0.49860825,1.0
0.0,0.49868150000000006,1.0
0.0,0.49868150000000006,1.0
0.0,0.49868150000000006,1.0
0.0,0.49868150000000006,1.0
0.0,0.49875475,1.0
0.0,0.49875475,1.0
0.0,0.49875475,1.0
0.0,0.49875475,1.0
0.0,0.49875475,1.0
0.0,0.498864625,1.0
0.0,0.498864625,1.0
0.0,0.499084375,1.0
0.0,0.499084375,1.0
0.0,0.4992675,1.0
0.0,0.4992675,1.0
0.0,0.49934075,1.0
0.0,0.501062125,1.0
0.0,0.5013185,1.0
0.0,0.5013185,1.0
0.0,0.5013185,1.0
0.0,0.501648125,1.0
0.0,0.502160875,1.0
0.0,0.5022341250000001,1.0
0.0,0.5022341250000001,1.0
0.0,0.502307375,1.0
0.0,0.502637,1.0
0.0,0.502637,1.0
0.0,0.502637,1.0
0.0,0.502820125,1.0
0.0,0.502966625,1.0
0.0,0.5041386250000001,1.0
0.0,0.5041386250000001,1.0
0.0,0.504578125,1.0
0.0,0.504578125,1.0
0.0,0.5042485,1.0
0.0,0.5042485,1.0
0.0,0.5042485,1.0
0.0,0.5041386250000001,1.0
0.0,0.503992125,1.0
0.0,0.50388225,1.0
0.0,0.50388225,1.0
0.0,0.503552625,1.0
0.0,0.502820125,1.0
0.0,0.502160875,1.0
0.0,0.5020509999999999,1.0
0.0,0.50197775,1.0
0.0,0.501648125,1.0
0.0,0.5013185,1.0
0.0,0.5005493750000001,1.0
0.0,0.5005493750000001,1.0
0.0,0.500476125,1.0
0.0,0.5005493750000001,1.0
0.0,0.5005493750000001,1.0
0.0,0.50065925,1.0
0.0,0.500476125,1.0
0.0,0.500329625,1.0
0.0,0.500329625,1.0
0.0,0.500329625,1.0
0.0,0.5004028749999999,1.0
0.0,0.5005493750000001,1.0
0.0,0.500476125,1.0
0.0,0.500476125,1.0
0.0,0.5005493750000001,1.0
0.0,0.50065925,1.0
0.0,0.5005493750000001,1.0
0.0,0.5005493750000001,1.0
0.0,0.5005493750000001,1.0
0.0,0.5005493750000001,1.0
0.0,0.5005493750000001,1.0
0.0,0.5005493750000001,1.0
0.0,0.5005493750000001,1.0
0.0,0.5005493750000001,1.0
0.0,0.50065925,1.0
0.0,0.50065925,1.0
0.0,0.50065925,1.0
0.0,0.5007325,1.0
0.0,0.500915625,1.0
0.0,0.500915625,1.0
0.0,0.500915625,1.0
0.0,0.500915625,1.0
0.0,0.500915625,1.0
0.0,0.500915625,1.0
0.0,0.500915625,1.0
0.0,0.500915625,1.0
0.0,0.500915625,1.0
0.0,0.50080575,1.0
0.0,0.50080575,1.0
0.0,0.50080575,1.0
0.0,0.50080575,1.0
0.0,0.50080575,1.0
0.0,0.50080575,1.0
0.0,0.50080575,1.0
0.0,0.50080575,1.0
0.0,0.50080575,1.0
0.0,0.50080575,1.0
0.0,0.50080575,1.0
0.0,0.50080575,1.0
0.0,0.50080575,1.0
0.0,0.50080575,1.0
0.0,0.50080575,1.0
0.0,0.50080575,1.0
0.0,0.50080575,1.0
0.0,0.50080575,1.0
0.0,0.50080575,1.0
0.0,0.50080575,1.0
0.0,0.50080575,1.0
0.0,0.50080575,1.0
0.0,0.500915625,1.0
0.0,0.500915625,1.0
0.0,0.500915625,1.0
0.0,0.500915625,1.0
0.0,0.500915625,1.0
0.0,0.500915625,1.0
0.0,0.500915625,1.0
0.0,0.500915625,1.0
0.0,0.500988875,1.0
0.0,0.500915625,1.0
0.0,0.500988875,1.0
0.0,0.500988875,1.0
0.0,0.500988875,1.0
0.0,0.500988875,1.0
0.0,0.501062125,1.0
0.0,0.501062125,1.0
0.0,0.501062125,1.0
0.0,0.5011353749999999,1.0
0.0,0.5011353749999999,1.0
0.038,0.5011353749999999,1.0
0.038,0.5011353749999999,1.0
0.051,0.5011353749999999,1.0
0.054000000000000006,0.5011353749999999,1.0
0.055999999999999994,0.5011353749999999,1.0
0.06,0.5011353749999999,1.0
0.067,0.5011353749999999,1.0
0.067,0.5011353749999999,1.0
0.095,0.5011353749999999,1.0
0.095,0.5011353749999999,1.0
0.10900001,0.5011353749999999,1.0
0.113,0.5011353749999999,1.0
0.11400001,0.50124525,1.0
0.11400001,0.501465,1.0
0.11400001,0.501465,1.0
0.11400001,0.501574875,1.0
0.11400001,0.501574875,1.0
0.11400001,0.501574875,1.0
0.11400001,0.501574875,1.0
0.11400001,0.501574875,1.0
0.09900001,0.501574875,1.0
0.0,0.501574875,1.0
0.0,0.501648125,1.0
0.0,0.5019045,1.0
0.0,0.502746875,1.0
0.0,0.5031497500000001,1.0
0.0,0.5032230000000001,1.0
0.0,0.503809,1.0
0.0,0.503992125,1.0
0.0,0.5041386250000001,1.0
0.0,0.50446825,1.0
0.0,0.50505425,1.0
0.0,0.505310625,1.0
0.0,0.505567,1.0
0.0,0.5058233750000001,1.0
0.0,0.5064093749999999,1.0
0.0,0.5070686241666666,1.0
0.0,0.507141875,1.0
0.0,0.507141875,1.0
0.0,0.507141875,1.0
0.0,0.507141875,1.0
0.0,0.507141875,1.0
0.0,0.5070686241666666,1.0
0.0,0.5070686241666666,1.0
0.0,0.5070686241666666,1.0
0.0,0.5070686241666666,1.0
0.0,0.5070686241666666,1.0
0.0,0.5070686241666666,1.0
0.0,0.5070686241666666,1.0
0.0,0.5070686241666666,1.0
0.0,0.5070686241666666,1.0
0.0,0.5070686241666666,1.0
0.0,0.5070686241666666,1.0
0.0,0.5070686241666666,1.0
0.0,0.5070686241666666,1.0
0.0,0.506995375,1.0
0.0,0.506995375,1.0
0.0,0.506995375,1.0
0.0,0.506995375,1.0
0.0,0.506995375,1.0
0.0,0.506995375,1.0
0.0,0.5070686241666666,1.0
0.0,0.506995375,1.0
0.0,0.5070686241666666,1.0
0.0,0.5070686241666666,1.0
0.0,0.5070686241666666,1.0
0.0,0.5070686241666666,1.0
0.0,0.5070686241666666,1.0
0.0,0.5070686241666666,1.0
0.0,0.5070686241666666,1.0
0.0,0.5070686241666666,1.0
0.0,0.5070686241666666,1.0
0.0,0.5070686241666666,1.0
0.0,0.5070686241666666,1.0
0.0,0.5070686241666666,1.0
0.0,0.5070686241666666,1.0
0.0,0.5070686241666666,1.0
0.0,0.5070686241666666,1.0
0.0,0.5070686241666666,1.0
0.0,0.5070686241666666,1.0
0.0,0.5070686241666666,1.0
0.0,0.5070686241666666,1.0
0.0,0.5070686241666666,1.0
0.0,0.5070686241666666,1.0
0.0,0.5070686241666666,1.0
0.0,0.5070686241666666,1.0
0.0,0.5070686241666666,1.0
0.0,0.5070686241666666,1.0
0.0,0.5070686241666666,1.0
0.0,0.5070686241666666,1.0
0.0,0.5070686241666666,1.0
0.0,0.5070686241666666,1.0
0.0,0.5070686241666666,1.0
0.0,0.5070686241666666,1.0
0.0,0.5070686241666666,1.0
0.0,0.5070686241666666,1.0
0.0,0.5070686241666666,1.0
0.0,0.5070686241666666,1.0
0.0,0.5070686241666666,1.0
0.0,0.5070686241666666,1.0
0.0,0.5070686241666666,1.0
0.0,0.5070686241666666,1.0
0.0,0.5070686241666666,1.0
0.0,0.5070686241666666,1.0
0.0,0.5070686241666666,1.0
0.0,0.5070686241666666,1.0
0.0,0.5070686241666666,1.0
0.0,0.5070686241666666,1.0
0.0,0.5070686241666666,1.0
0.0,0.5070686241666666,1.0
0.0,0.5070686241666666,1.0
0.0,0.5070686241666666,1.0
0.0,0.5070686241666666,1.0
0.0,0.5070686241666666,1.0
0.0,0.5070686241666666,1.0
0.0,0.5070686241666666,1.0
0.0,0.5070686241666666,1.0
0.0,0.5070686241666666,1.0
0.0,0.5070686241666666,1.0
0.0,0.5070686241666666,1.0
0.04,0.5070686241666666,1.0
0.04,0.5070686241666666,1.0
0.061,0.5070686241666666,1.0
0.083,0.5070686241666666,1.0
0.11199999999999999,0.5070686241666666,1.0
0.11900000999999999,0.507141875,1.0
0.12,0.507141875,1.0
0.12,0.5073982499999999,1.0
0.12,0.507654625,1.0
0.10099999999999999,0.5079109991666667,1.0
0.087,0.5079109991666667,1.0
0.048,0.50813075,1.0
0.032,0.50857025,1.0
0.032,0.508973125,1.0
0.032,0.5092294991666666,1.0
0.032,0.5092294991666666,1.0
0.032,0.50930275,1.0
0.032,0.509485875,1.0
0.032,0.50988875,1.0
0.028999999999999998,0.5099986249999999,1.0
0.027999999999999997,0.5099986249999999,1.0
0.027999999999999997,0.5099986249999999,1.0
0.027999999999999997,0.5099986249999999,1.0
0.027000000000000003,0.5099986249999999,1.0
0.0,0.5099986249999999,1.0
0.0,0.5099986249999999,1.0
0.0,0.5099986249999999,1.0
0.0,0.5104015000000001,1.0
0.0,0.5113903741666667,1.0
0.0,0.512562375,1.0
0.0,0.5138076241666667,1.0
0.0,0.514979625,1.0
0.0,0.5159684991666666,1.0
0.0,0.51706725,1.0
0.0,0.5176532491666667,1.0
0.0,0.5179096241666666,1.0
0.0,0.518568875,1.0
0.0,0.518642125,1.0
0.0,0.518568875,1.0
0.0,0.518568875,1.0
0.0,0.518715375,1.0
0.0,0.5188984999999999,1.0
0.0,0.5191548741666667,1.0
0.0,0.5194112491666667,1.0
0.0,0.5198873741666667,1.0
0.0,0.520400125,1.0
0.0,0.5205832499999999,1.0
0.0,0.5205832499999999,1.0
0.0,0.5205832499999999,1.0
0.0,0.5206565,1.0
0.0,0.5206565,1.0
0.0,0.52072975,1.0
0.0,0.520803,1.0
0.0,0.5209128741666667,1.0
0.0,0.5209128741666667,1.0
0.0,0.5209128741666667,1.0
0.0,0.520803,1.0
0.0,0.52072975,1.0
0.0,0.5206565,1.0
0.0,0.520326875,1.0
0.0,0.5198873741666667,1.0
0.0,0.5190816241666667,1.0
0.0,0.5179828741666667,1.0
0.0,0.51823925,1.0
0.0,0.5189717500000001,1.0
0.0,0.5190816241666667,1.0
0.0,0.5190816241666667,1.0
0.0,0.5190816241666667,1.0
0.0,0.5191548741666667,1.0
0.0,0.5191548741666667,1.0
0.0,0.5191548741666667,1.0
0.0,0.5191548741666667,1.0
0.0,0.5191548741666667,1.0
0.0,0.5191548741666667,1.0
0.0,0.5191548741666667,1.0
0.0,0.5191548741666667,1.0
0.0,0.519228125,1.0
0.0,0.519228125,1.0
0.0,0.5191548741666667,1.0
0.0,0.519228125,1.0
0.0,0.519228125,1.0
0.0,0.519228125,1.0
0.0,0.519228125,1.0
0.0,0.519228125,1.0
0.0,0.519228125,1.0
0.0,0.519228125,1.0
0.0,0.519228125,1.0
0.0,0.519228125,1.0
0.0,0.519228125,1.0
0.0,0.519228125,1.0
0.0,0.519228125,1.0
0.0,0.519228125,1.0
0.0,0.519228125,1.0
0.0,0.519228125,1.0
0.0,0.519228125,1.0
0.0,0.519228125,1.0
0.0,0.519228125,1.0
0.0,0.519228125,1.0
0.0,0.519228125,1.0
0.0,0.519228125,1.0
0.0,0.519228125,1.0
0.0,0.519228125,1.0
0.0,0.519228125,1.0
0.0,0.519228125,1.0
0.0,0.519228125,1.0
0.0,0.519228125,1.0
0.0,0.519228125,1.0
0.0,0.519228125,1.0
0.0,0.519228125,1.0
0.0,0.519228125,1.0
0.0,0.519228125,1.0
0.0,0.519228125,1.0
0.0,0.519228125,1.0
0.0,0.519228125,1.0
0.0,0.519228125,1.0
0.0,0.519228125,1.0
0.0,0.519228125,1.0
0.0,0.519228125,1.0
0.0,0.519228125,1.0
0.0,0.519228125,1.0
0.0,0.519228125,1.0
0.0,0.519228125,1.0
0.0,0.519301375,1.0
0.0,0.519301375,1.0
0.0,0.519301375,1.0
0.071,0.519301375,1.0
0.10300000000000001,0.519301375,1.0
0.10300000000000001,0.519301375,1.0
0.132,0.519301375,1.0
0.16,0.519301375,1.0
0.16200001,0.5194112491666667,1.0
0.16300001000000003,0.5194112491666667,1.0
0.16300001000000003,0.5194844991666666,1.0
0.16300001000000003,0.5195577491666666,1.0
0.16300001000000003,0.519301375,1.0
0.16399999999999998,0.5194844991666666,1.0
0.16399999999999998,0.5201437491666667,1.0
0.165,0.521132625,1.0
0.166,0.5222313741666667,1.0
0.16700001,0.5238062491666666,1.0
0.16700001,0.526406625,1.0
0.16700001,0.5301423741666667,1.0
0.16700001,0.5343176241666666,1.0
0.16700001,0.5383829975,1.0
0.16700001,0.5401409975,1.0
0.16700001,0.5404706258333334,1.0
0.16700001,0.5439866225,1.0
0.153,0.5522272491666667,1.0
0.11,0.562409,1.0
0.096,0.5720779991666667,1.0
0.096,0.5834683733333333,1.0
0.09300000000000001,0.5938332491666667,1.0
0.09,0.6006454975,1.0
0.09,0.603905125,1.0
0.09,0.6073112491666667,1.0
0.09,0.6141601183333334,1.0
0.11900000999999999,0.6221443683333333,1.0
0.12400001,0.6288833741666666,1.0
0.131,0.6350730008333333,1.0
0.131,0.6412259925,1.0
0.133,0.64704937,1.0
0.14,0.654154625,1.0
0.14,0.6639701208333333,1.0
0.14,0.6745547483333333,1.0
0.14,0.6831616208333333,1.0
0.14,0.6859817508333333,1.0
0.105,0.6863113658333333,1.0
0.105,0.6879961141666666,1.0
0.08,0.6911458716666666,1.0
0.078,0.6938927458333333,1.0
0.078,0.69323349,1.0
0.078,0.6921347425,1.0
0.078,0.6920615008333333,1.0
0.078,0.6915487416666667,1.0
0.078,0.6881426241666667,1.0
0.047,0.6833081183333334,1.0
0.025,0.6759831241666667,1.0
0.025,0.6660577516666667,1.0
0.0,0.6548138683333333,1.0
0.0,0.6450716275,1.0
0.0,0.6373071158333333,1.0
0.0,0.62881012,1.0
0.0,0.6182254916666666,1.0
0.0,0.606468875,1.0
0.0,0.5950785,1.0
0.06,0.5833218699999999,1.0
0.06,0.5720779991666667,1.0
0.076,0.5656319999999999,1.0
0.079,0.56306825,1.0
0.079,0.5538021216666666,1.0
0.079,0.5410566233333334,1.0
0.079,0.5356361233333333,1.0
0.079,0.5339147508333334,1.0
0.055999999999999994,0.5298127491666667,1.0
0.047,0.5273222475,1.0
0.047,0.5273222475,1.0
0.037000000000000005,0.5264798733333333,1.0
0.035,0.5258206241666666,1.0
0.035,0.52497825,1.0
0.035,0.5214988741666666,1.0
0.035,0.5183857491666667,1.0
0.035,0.5154923741666667,1.0
0.040999999999999995,0.51296525,1.0
0.05,0.5118298741666666,1.0
0.05,0.5099986249999999,1.0
0.053,0.507215125,1.0
0.068,0.504981,1.0
0.07200000000000001,0.5041386250000001,1.0
0.07200000000000001,0.503992125,1.0
0.073,0.503479375,1.0
0.073,0.502637,1.0
0.073,0.50197775,1.0
0.073,0.5013185,1.0
0.073,0.50080575,1.0
0.073,0.50007325,1.0
0.067,0.5,1.0
0.057,0.4998535,1.0
0.040999999999999995,0.49893787500000003,1.0
0.040999999999999995,0.49868150000000006,1.0
0.035,0.49853499999999995,1.0
0.035,0.498351875,1.0
0.035,0.49783912500000005,1.0
0.035,0.49776587499999997,1.0
0.055,0.498278625,1.0
0.076,0.49816875,1.0
0.11800000000000001,0.498278625,1.0
0.12400001,0.4980955,1.0
0.12400001,0.4980955,1.0
0.145,0.4980955,1.0
0.18,0.49783912500000005,1.0
0.18200001,0.497619375,1.0
0.18200001,0.49783912500000005,1.0
0.184,0.49842512499999997,1.0
0.18600000000000003,0.49868150000000006,1.0
0.18700001,0.49860825,1.0
0.18800001000000002,0.49875475,1.0
0.18800001000000002,0.49868150000000006,1.0
0.18800001000000002,0.49868150000000006,1.0
0.18800001000000002,0.49868150000000006,1.0
0.18800001000000002,0.49868150000000006,1.0
0.18800001000000002,0.49868150000000006,1.0
0.18800001000000002,0.498278625,1.0
0.18800001000000002,0.49685024999999994,1.0
0.18800001000000002,0.49520212500000005,1.0
0.18800001000000002,0.495019,1.0
0.18800001000000002,0.495019,1.0
0.18800001000000002,0.495019,1.0
0.18800001000000002,0.495019,1.0
0.18800001000000002,0.495019,1.0
0.17800001000000001,0.495019,1.0
0.17800001000000001,0.495019,1.0
0.175,0.495421875,1.0
0.175,0.49619100000000005,1.0
0.175,0.496447375,1.0
0.175,0.49659387499999996,1.0
0.175,0.4969235000000001,1.0
0.174,0.497363,1.0
0.171,0.49769262499999994,1.0
0.17,0.49776587499999997,1.0
0.17,0.498351875,1.0
0.16800001,0.49893787500000003,1.0
0.16700001,0.499011125,1.0
0.165,0.499084375,1.0
0.165,0.49893787500000003,1.0
0.16399999999999998,0.49893787500000003,1.0
0.16399999999999998,0.49860825,1.0
0.16399999999999998,0.49875475,1.0
0.16399999999999998,0.49893787500000003,1.0
0.16399999999999998,0.499011125,1.0
0.16399999999999998,0.499011125,1.0
0.16399999999999998,0.499450625,1.0
0.16399999999999998,0.49952387499999995,1.0
0.16399999999999998,0.49959712500000003,1.0
0.16399999999999998,0.49959712500000003,1.0
0.16800001,0.49959712500000003,1.0
0.17,0.499450625,1.0
0.17600000000000002,0.4992675,1.0
0.17600000000000002,0.499084375,1.0
0.17600000000000002,0.499011125,1.0
0.17600000000000002,0.498864625,1.0
0.17600000000000002,0.49868150000000006,1.0
0.17600000000000002,0.498278625,1.0
0.17600000000000002,0.4980955,1.0
0.17600000000000002,0.4980955,1.0
0.17600000000000002,0.49816875,1.0
0.17600000000000002,0.49816875,1.0
0.17600000000000002,0.498351875,1.0
0.17600000000000002,0.49842512499999997,1.0
0.17600000000000002,0.49816875,1.0
0.17600000000000002,0.498278625,1.0
0.17600000000000002,0.49816875,1.0
0.17600000000000002,0.49875475,1.0
0.17600000000000002,0.49978025000000004,1.0
0.17600000000000002,0.50007325,1.0
0.17600000000000002,0.5001464999999999,1.0
0.17600000000000002,0.5,1.0
0.17600000000000002,0.49967037500000006,1.0
0.17600000000000002,0.49952387499999995,1.0
0.17600000000000002,0.4992675,1.0
0.17600000000000002,0.4992675,1.0
0.17600000000000002,0.499011125,1.0
0.17600000000000002,0.49893787500000003,1.0
0.17600000000000002,0.49893787500000003,1.0
0.17600000000000002,0.499084375,1.0
0.17600000000000002,0.499084375,1.0
0.17600000000000002,0.49919425,1.0
0.17600000000000002,0.49919425,1.0
0.17600000000000002,0.49919425,1.0
0.17600000000000002,0.499084375,1.0
0.17600000000000002,0.499084375,1.0
0.17600000000000002,0.49934075,1.0
0.171,0.4998535,1.0
0.171,0.49978025000000004,1.0
0.171,0.49967037500000006,1.0
0.171,0.49959712500000003,1.0
0.17,0.4998535,1.0
0.16899999999999998,0.49978025000000004,1.0
0.16800001,0.49978025000000004,1.0
0.16800001,0.49978025000000004,1.0
0.166,0.49967037500000006,1.0
0.16200001,0.49992675000000003,1.0
0.155,0.5,1.0
0.155,0.5,1.0
0.14900001,0.5,1.0
0.13900001,0.5,1.0
0.128,0.5,1.0
0.127,0.49992675000000003,1.0
0.127,0.49992675000000003,1.0
0.121,0.49992675000000003,1.0
0.11599999999999999,0.49992675000000003,1.0
0.11400001,0.49992675000000003,1.0
0.11400001,0.4998535,1.0
0.11400001,0.49992675000000003,1.0
0.11400001,0.49992675000000003,1.0
0.11400001,0.49978025000000004,1.0
0.11400001,0.49978025000000004,1.0
0.11400001,0.4998535,1.0
0.113,0.4998535,1.0
0.113,0.5001464999999999,1.0
0.111,0.500988875,1.0
0.111,0.501062125,1.0
0.11,0.501465,1.0
0.102,0.5019045,1.0
0.1,0.50139175,1.0
0.09900001,0.50124525,1.0
0.09900001,0.5007325,1.0
0.09900001,0.500476125,1.0
0.09900001,0.5,1.0
0.09900001,0.49893787500000003,1.0
0.09699999999999999,0.498351875,1.0
0.09699999999999999,0.49842512499999997,1.0
0.09300000000000001,0.49802225,1.0
0.085,0.49769262499999994,1.0
0.075,0.497619375,1.0
0.063,0.49776587499999997,1.0
0.063,0.49743624999999997,1.0
0.037000000000000005,0.49743624999999997,1.0
0.023,0.4975095,1.0
0.0,0.49816875,1.0
0.0,0.498864625,1.0
0.0,0.49919425,1.0
0.0,0.49919425,1.0
0.0,0.49919425,1.0
0.0,0.499084375,1.0
0.0,0.499084375,1.0
0.0,0.49934075,1.0
0.0,0.5,1.0
0.0,0.50065925,1.0
0.0,0.500915625,1.0
0.0,0.501648125,1.0
0.0,0.50256375,1.0
0.0,0.502637,1.0
0.0,0.50256375,1.0
0.0,0.5024905000000001,1.0
0.0,0.5022341250000001,1.0
0.067,0.501721375,1.0
0.068,0.5020509999999999,1.0
0.07,0.50139175,1.0
0.07,0.501574875,1.0
0.075,0.501465,1.0
0.078,0.50139175,1.0
0.081,0.5013185,1.0
0.081,0.50139175,1.0
0.085,0.50139175,1.0
0.085,0.501062125,1.0
0.085,0.5007325,1.0
0.085,0.50065925,1.0
0.08,0.50080575,1.0
0.077,0.5011353749999999,1.0
0.07,0.50139175,1.0
0.067,0.5013185,1.0
0.067,0.50124525,1.0
0.061,0.50124525,1.0
0.057,0.50124525,1.0
0.048,0.501721375,1.0
0.0,0.502160875,1.0
0.0,0.50256375,1.0
0.0,0.50256375,1.0
0.0,0.50197775,1.0
0.0,0.501721375,1.0
0.0,0.50139175,1.0
0.0,0.5013185,1.0
0.0,0.501062125,1.0
0.0,0.501062125,1.0
0.0,0.501062125,1.0
0.0,0.500915625,1.0
0.0,0.500988875,1.0
0.0,0.50080575,1.0
0.0,0.5005493750000001,1.0
0.0,0.500476125,1.0
0.0,0.5005493750000001,1.0
0.0,0.5007325,1.0
0.0,0.500988875,1.0
0.0,0.5011353749999999,1.0
0.0,0.5013185,1.0
0.0,0.501648125,1.0
0.0,0.5024905000000001,1.0
0.0,0.504065375,1.0
0.0,0.50505425,1.0
0.0,0.504981,1.0
0.0,0.504797875,1.0
0.0,0.504651375,1.0
0.0,0.504578125,1.0
0.0,0.504578125,1.0
0.0,0.504651375,1.0
0.0,0.504651375,1.0
0.0,0.504651375,1.0
0.0,0.504651375,1.0
0.0,0.504651375,1.0
0.0,0.504651375,1.0
0.0,0.504797875,1.0
0.0,0.5057134999999999,1.0
0.0,0.50871675,1.0
0.0,0.5134779991666666,1.0
0.0,0.5183857491666667,1.0
0.0,0.522963875,1.0
0.0,0.5280547491666667,1.0
0.0,0.5325596233333333,1.0
0.0,0.5379068758333333,1.0
0.0,0.5449755,1.0
0.0,0.5539852458333333,1.0
0.0,0.5643135008333333,1.0
0.0,0.5749713708333334,1.0
0.0,0.5878999966666667,1.0
0.0,0.601634375,1.0
0.0,0.6133909991666667,1.0
0.0,0.6210822425,1.0
0.0,0.6302384950000001,1.0
0.0,0.6436432516666667,1.0
0.0,0.6598314925,1.0
0.0,0.6759831241666667,1.0
0.0,0.6894977441666666,1.0
0.0,0.7010712433333333,1.0
0.0,0.7168932341666667,1.0
0.0,0.7390513608333333,1.0
0.0,0.762051875,1.0
0.0,0.7807306166666667,1.0
0.0,0.7979809825,1.0
0.0,0.8043903608333333,1.0
0.0,0.7976513675,1.0
0.0,0.7892276258333334,1.0
0.0,0.7831478625,1.0
0.0,0.7795586141666666,1.0
0.0,0.7749804941666667,1.0
0.0,0.7698163608333334,1.0
0.0,0.7668131258333333,1.0
0.0,0.7668863675,1.0
0.0,0.76615387,1.0
0.0,0.7640662383333333,1.0
0.0,0.7602206166666667,1.0
0.0,0.7587189991666666,1.0
0.035,0.75765686,1.0
0.069,0.7510643766666667,1.0
0.08199999999999999,0.7416517383333333,1.0
0.08900000999999999,0.7354987333333334,1.0
0.10300000000000001,0.7277342475,1.0
0.113,0.7156479899999999,1.0
0.113,0.7038181175,1.0
0.113,0.6941491191666667,1.0
0.11400001,0.68448012,1.0
0.11400001,0.6742983758333333,1.0
0.11400001,0.66338412,1.0
0.11400001,0.6521402483333334,1.0
0.11400001,0.6407498675000001,1.0
0.11400001,0.6296524941666667,1.0
0.11400001,0.6174929933333333,1.0
0.11400001,0.6087396241666666,1.0
0.10900001,0.6073845033333334,1.0
0.10900001,0.6096552533333334,1.0
0.10900001,0.6174929933333333,1.0
0.10900001,0.6233163708333334,1.0
0.106,0.6248912433333333,1.0
0.102,0.6248912433333333,1.0
0.102,0.627564875,1.0
0.102,0.6329121275,1.0
0.102,0.6370507433333333,1.0
0.10099999999999999,0.6369775008333333,1.0
0.08,0.6323993683333333,1.0
0.08,0.6262463758333333,1.0
0.061,0.6223274991666666,1.0
0.061,0.6223274991666666,1.0
0.061,0.6157350033333334,1.0
0.061,0.6041614974999999,1.0
0.061,0.5941628708333333,1.0
0.061,0.586911125,1.0
0.061,0.575410875,1.0
0.061,0.5648262466666667,1.0
0.061,0.5567321208333333,1.0
0.065,0.5502495,1.0
0.065,0.5449022483333333,1.0
0.065,0.537797,1.0
0.065,0.5279082491666667,1.0
0.066,0.52673625,1.0
0.066,0.5247218733333333,1.0
0.066,0.516078375,1.0
0.066,0.50930275,1.0
0.066,0.5073982499999999,1.0
0.066,0.503479375,1.0
0.066,0.49575149999999996,1.0
0.066,0.4878405008333333,1.0
0.066,0.47934350000000003,1.0
0.066,0.46718400000000004,1.0
0.066,0.45286362666666663,1.0
0.066,0.4405209983333333,1.0
0.061,0.42869112666666664,1.0
0.061,0.41869249999999997,1.0
0.0,0.41653162666666665,1.0
0.0,0.416202005,1.0
0.0,0.41045187666666666,1.0
0.0,0.39986725500000003,1.0
0.0,0.3894291308333333,1.0
0.0,0.3811152525,1.0
0.0,0.37309438083333335,1.0
0.0,0.3653665033333333,1.0
0.0,0.35752875,1.0
0.0,0.35042350749999995,1.0
0.0,0.34635813416666666,1.0
0.0,0.34628487916666667,1.0
0.0,0.34753012333333333,1.0
0.0,0.35210825583333333,1.0
0.0,0.35811475083333333,1.0
0.0,0.36902900666666666,1.0
0.0,0.3857666266666666,1.0
0.0,0.4000870008333333,1.0
0.0,0.4101955033333333,1.0
0.0,0.42026737833333333,1.0
0.0,0.4377741241666666,1.0
0.0,0.461433875,1.0
0.0,0.4869248758333333,1.0
0.0,0.502820125,1.0
0.0,0.50915625,1.0
0.0,0.5104015000000001,1.0
0.0,0.5109874991666666,1.0
0.0,0.514393625,1.0
0.0,0.5209128741666667,1.0
0.0,0.5296662491666667,1.0
0.0,0.5389689983333333,1.0
0.0,0.5507256225,1.0
0.0,0.5622991241666667,1.0
0.047,0.570576375,1.0
0.106,0.5791466208333333,1.0
0.11699999999999999,0.593467,1.0
0.11699999999999999,0.6113033675,1.0
0.11900000999999999,0.6306413775,1.0
0.11900000999999999,0.652250125,1.0
0.11400001,0.6801583733333333,1.0
0.09,0.714549255,1.0
0.087,0.7436661275,1.0
0.087,0.7712447358333333,1.0
0.087,0.8015702308333333,1.0
0.087,0.8264020033333334,1.0
0.087,0.8455568691666667,1.0
0.087,0.8597307333333333,1.0
0.087,0.871157735,1.0
0.087,0.8791419983333333,1.0
0.087,0.8804971058333333,1.0
0.087,0.8808267466666666,1.0
0.087,0.8810831199999999,1.0
0.087,0.8817423758333333,1.0
0.087,0.8817423758333333,1.0
0.087,0.8817423758333333,1.0
0.087,0.8817423758333333,1.0
0.087,0.8817423758333333,1.0
0.087,0.8817423758333333,1.0
0.087,0.8817423758333333,1.0
0.087,0.8817423758333333,1.0
0.087,0.8817423758333333,1.0
0.087,0.8817423758333333,1.0
0.087,0.8817423758333333,1.0
0.087,0.8817423758333333,1.0
0.0,0.5,0.0
0.0,0.5,0.0
0.0,0.5,0.0
0.0,0.5,0.0
0.0,0.5,0.0
0.0,0.5,0.0
0.0,0.5,0.0
0.0,0.5,0.0
0.0,0.5,0.0
0.0,0.5,0.0
0.0,0.5,0.0
0.0,0.5,0.0
0.0,0.5,0.0
0.0,0.5,0.0
0.0,0.5,0.0
0.0,0.5,0.0
0.0,0.5,0.0
0.0,0.5,0.0
0.0,0.5,0.0
0.0,0.5,0.0
0.0,0.5,0.0
0.0,0.5,0.0
0.0,0.5,0.0
0.0,0.5,0.0
0.0,0.5,0.0
0.0,0.5,0.0
0.0,0.5,0.0
0.0,0.5,0.0
0.0,0.5,0.0
0.0,0.5,0.0
0.0,0.5,0.0
0.0,0.5,0.0
0.0,0.5,0.0
0.0,0.5,0.0
0.0,0.5,0.0
0.0,0.5,0.0
0.0,0.5,0.0
0.0,0.5,0.0
0.0,0.5,0.0
0.0,0.5,0.0
0.0,0.5,0.0
0.0,0.5,0.0
0.0,0.5,0.0
0.0,0.5,0.0
0.0,0.5,0.0
0.0,0.5,0.0
0.0,0.5,0.0
0.0,0.5,0.0
0.0,0.5,0.0
0.0,0.5,0.0
0.0,0.5,0.0
0.0,0.5,0.0
0.0,0.5,0.0
0.0,0.5,0.0
0.0,0.5,0.0
0.0,0.5,0.0
0.0,0.5,0.0
0.0,0.5,0.0
0.0,0.5,0.0
0.0,0.5,0.0
0.0,0.5,0.0
0.0,0.5,0.0
0.0,0.5,0.0
0.0,0.5,0.0
0.0,0.5,0.0
0.0,0.5,0.0
0.0,0.5,0.0
0.0,0.5,0.0
0.0,0.5,0.0
0.0,0.5,0.0
0.0,0.5,0.0
0.0,0.5,0.0
0.0,0.5,0.0
0.0,0.5,0.0
0.0,0.5,0.0
0.0,0.5,0.0
0.0,0.5,0.0
0.0,0.5,0.0
0.0,0.5,0.0
0.0,0.5,0.0
0.0,0.5,0.0
0.0,0.5,0.0
0.0,0.5,0.0
0.0,0.5,0.0
0.0,0.5,0.0
0.0,0.5,0.0
0.0,0.5,0.0
0.0,0.5,0.0
0.0,0.5,0.0
0.0,0.5,0.0
0.0,0.5,0.0
0.0,0.5,0.0
0.0,0.5,0.0
0.0,0.5,0.0
0.0,0.5,0.0
0.0,0.5,0.0
0.0,0.5,0.0
0.0,0.5,0.0
0.0,0.5,0.0
0.0,0.5,0.0
0.0,0.5,0.0
0.0,0.5,0.0
0.0,0.5,0.0
0.0,0.5,0.0
0.0,0.5,0.0
0.0,0.5,0.0
0.0,0.5,0.0
0.0,0.5,0.0
0.0,0.5,0.0
0.0,0.5,0.0
0.0,0.5,0.0
0.0,0.5,0.0
0.0,0.5,0.0
0.0,0.5,0.0
0.0,0.5,0.0
0.0,0.5,0.0
0.0,0.5,0.0
0.0,0.5,0.0
0.0,0.5,0.0
0.0,0.5,0.0
0.0,0.5,0.0
0.0,0.5,0.0
0.0,0.5,0.0
0.0,0.5,0.0
0.0,0.5,0.0
0.0,0.5,0.0
0.0,0.5,0.0
0.0,0.5,0.0
0.0,0.5,0.0
0.0,0.5,0.0
0.0,0.5,0.0
0.0,0.5,0.0
0.0,0.5,0.0
0.0,0.5,0.0
0.0,0.5,0.0
0.0,0.5,0.0
0.0,0.5,0.0
0.0,0.5,0.0
0.0,0.5,0.0
0.0,0.5,0.0
0.0,0.5,0.0
0.0,0.5,0.0
0.0,0.5,0.0
0.0,0.5,0.0
0.0,0.5,0.0
0.0,0.5,0.0
0.0,0.5,0.0
0.0,0.5,0.0
0.0,0.5,0.0
0.0,0.5,0.0
0.0,0.5,0.0
0.0,0.5,0.0
0.0,0.5,0.0
0.0,0.5,0.0
0.0,0.5,0.0
0.0,0.5,0.0
0.0,0.5,0.0
0.0,0.5,0.0
0.0,0.5,0.0
0.0,0.5,0.0
0.0,0.5,0.0
0.0,0.5,0.0
0.0,0.5,0.0
0.0,0.5,0.0
0.0,0.5,0.0
0.0,0.5,0.0
0.0,0.5,0.0
0.0,0.5,0.0
0.0,0.5,0.0
0.0,0.5,0.0
0.0,0.5,0.0
0.0,0.5,0.0
0.0,0.5,0.0
0.0,0.5,0.0
0.0,0.5,0.0
0.0,0.5,0.0
0.0,0.5,0.0
0.0,0.5,0.0
0.0,0.5,0.0
0.0,0.5,0.0
0.0,0.5,0.0
0.0,0.5,0.0
0.0,0.5,0.0
0.0,0.5,0.0
0.0,0.5,0.0
0.0,0.5,0.0
0.0,0.5,0.0
0.0,0.5,0.0
0.0,0.5,0.0
0.0,0.5,0.0
0.0,0.5,0.0
0.0,0.5,0.0
0.0,0.5,0.0
0.0,0.5,0.0
0.0,0.5,0.0
0.0,0.5,0.0
0.0,0.5,0.0
0.0,0.5,0.0
0.0,0.5,0.0
0.0,0.5,0.0
0.0,0.5,0.0
0.0,0.5,0.0
0.0,0.5,0.0
0.0,0.5,0.0
0.0,0.5,0.0
0.0,0.5,0.0
0.0,0.5,0.0
0.0,0.5,0.0
0.0,0.5,0.0
0.0,0.5,0.0
0.0,0.5,0.0
0.0,0.5,0.0
0.0,0.5,0.0
0.0,0.5,0.0
0.0,0.5,0.0
0.0,0.5,0.0
0.0,0.5,0.0
0.0,0.5,0.0
0.0,0.5,0.0
0.0,0.5,0.0
0.0,0.5,0.0
0.0,0.5,0.0
0.0,0.5,0.0
0.0,0.5,0.0
0.0,0.5,0.0
0.0,0.5,0.0
0.0,0.5,0.0
0.0,0.5,0.0
0.0,0.5,0.0
0.0,0.5,0.0
0.0,0.5,0.0
0.0,0.5,0.0
0.0,0.5,0.0
0.0,0.5,0.0
0.0,0.5,0.0
0.0,0.5,0.0
0.0,0.5,0.0
0.0,0.5,0.0
0.0,0.5,0.0
0.0,0.5,0.0
0.0,0.5,0.0
0.0,0.5,0.0
0.0,0.5,0.0
0.0,0.5,0.0
0.0,0.5,0.0
0.0,0.5,0.0
0.0,0.5,0.0
0.0,0.5,0.0
0.0,0.5,0.0
0.0,0.5,0.0
0.0,0.5,0.0
0.0,0.5,0.0
0.0,0.5,0.0
0.0,0.5,0.0
0.0,0.5,0.0
0.0,0.5,0.0
0.0,0.5,0.0
0.0,0.5,0.0
0.0,0.5,0.0
0.0,0.5,0.0
0.0,0.5,0.0
0.0,0.5,0.0
0.0,0.5,0.0
0.0,0.5,0.0
0.0,0.5,0.0
0.0,0.5,0.0
0.0,0.5,0.0
0.0,0.5,0.0
0.0,0.5,0.0
0.0,0.5,0.0
0.0,0.5,0.0
0.0,0.5,0.0
0.0,0.5,0.0
0.0,0.5,0.0
0.0,0.5,0.0
0.0,0.5,0.0
0.0,0.5,0.0
0.0,0.5,0.0
0.0,0.5,0.0
0.0,0.5,0.0
0.0,0.5,0.0
0.0,0.5,0.0
0.0,0.5,0.0
0.0,0.5,0.0
0.0,0.5,0.0
0.0,0.5,0.0
0.0,0.5,0.0
0.0,0.5,0.0
0.0,0.5,0.0
0.0,0.5,0.0
0.0,0.5,0.0
0.0,0.5,0.0
0.0,0.5,0.0
0.0,0.5,0.0
0.0,0.5,0.0
0.0,0.5,0.0
0.0,0.5,0.0
0.0,0.5,0.0
0.0,0.5,0.0
0.0,0.5,0.0
0.0,0.5,0.0
0.0,0.5,0.0
0.0,0.5,0.0
0.0,0.5,0.0
0.0,0.5,0.0
0.0,0.5,0.0
0.0,0.5,0.0
0.0,0.5,0.0
0.0,0.5,0.0
0.0,0.5,0.0
0.0,0.5,0.0
0.0,0.5,0.0
0.0,0.5,0.0
0.0,0.5,0.0
0.0,0.5,0.0
0.0,0.5,0.0
0.0,0.5,0.0
0.0,0.5,0.0
0.0,0.5,0.0
0.0,0.5,0.0
0.0,0.5,0.0
0.0,0.5,0.0
0.0,0.5,0.0
0.0,0.5,0.0
0.0,0.5,0.0
0.0,0.5,0.0
0.0,0.5,0.0
0.0,0.5,0.0
0.0,0.5,0.0
0.0,0.5,0.0
0.0,0.5,0.0
0.0,0.5,0.0
0.0,0.5,0.0
0.0,0.5,0.0
0.0,0.5,0.0
0.0,0.5,0.0
0.0,0.5,0.0
0.0,0.5,0.0
0.0,0.5,0.0
0.0,0.5,0.0
0.0,0.5,0.0
0.0,0.5,0.0
0.0,0.5,0.0
0.0,0.5,0.0
0.0,0.5,0.0
0.0,0.5,0.0
0.0,0.5,0.0
0.0,0.5,0.0
0.0,0.5,0.0
0.0,0.5,0.0
0.0,0.5,0.0
0.0,0.5,0.0
0.0,0.5,0.0
0.0,0.5,0.0
0.0,0.5,0.0
0.0,0.5,0.0
0.0,0.5,0.0
0.0,0.5,0.0
0.0,0.5,0.0
0.0,0.5,0.0
0.0,0.5,0.0
0.0,0.5,0.0
0.0,0.5,0.0
0.0,0.5,0.0
0.0,0.5,0.0
0.0,0.5,0.0
0.0,0.5,0.0
0.0,0.5,0.0
0.0,0.5,0.0
0.0,0.5,0.0
0.0,0.5,0.0
0.0,0.5,0.0
0.0,0.5,0.0
0.0,0.5,0.0
0.0,0.5,0.0
0.0,0.5,0.0
0.0,0.5,0.0
0.0,0.5,0.0
0.0,0.5,0.0
0.0,0.5,0.0
0.0,0.5,0.0
0.0,0.5,0.0
0.0,0.5,0.0
0.0,0.5,0.0
0.0,0.5,0.0
0.0,0.5,0.0
0.0,0.5,0.0
0.0,0.5,0.0
0.0,0.5,0.0
0.0,0.5,0.0
0.0,0.5,0.0
0.0,0.5,0.0
0.0,0.5,0.0
0.0,0.5,0.0
0.0,0.5,0.0
0.0,0.5,0.0
0.0,0.5,0.0
0.0,0.5,0.0
0.0,0.5,0.0
0.0,0.5,0.0
0.0,0.5,0.0
0.0,0.5,0.0
0.0,0.5,0.0
0.0,0.5,0.0
0.0,0.5,0.0
0.0,0.5,0.0
0.0,0.5,0.0
0.0,0.5,0.0
0.0,0.5,0.0
0.0,0.5,0.0
0.0,0.5,0.0
0.0,0.5,0.0
0.0,0.5,0.0
0.0,0.5,0.0
0.0,0.5,0.0
0.0,0.5,0.0
0.0,0.5,0.0
0.0,0.5,0.0
0.0,0.5,0.0
0.0,0.5,0.0
0.0,0.5,0.0
0.0,0.5,0.0
0.0,0.5,0.0
0.0,0.5,0.0
0.0,0.5,0.0
0.0,0.5,0.0
0.0,0.5,0.0
0.0,0.5,0.0
0.0,0.5,0.0
0.0,0.5,0.0
0.0,0.5,0.0
0.0,0.5,0.0
0.0,0.5,0.0
0.0,0.5,0.0
0.0,0.5,0.0
0.0,0.5,0.0
0.0,0.5,0.0
0.0,0.5,0.0
0.0,0.5,0.0
0.0,0.5,0.0
0.0,0.5,0.0
0.0,0.5,0.0
0.0,0.5,0.0
0.0,0.5,0.0
0.0,0.5,0.0
0.0,0.5,0.0
0.0,0.5,0.0
0.0,0.5,0.0
0.0,0.5,0.0
0.0,0.5,0.0
0.0,0.5,0.0
0.0,0.5,0.0
0.0,0.5,0.0
0.0,0.5,0.0
0.0,0.5,0.0
0.0,0.5,0.0
0.0,0.5,0.0
0.0,0.5,0.0
0.0,0.5,0.0
0.0,0.5,0.0
0.0,0.5,0.0
0.0,0.5,0.0
0.0,0.5,0.0
0.0,0.5,0.0
0.0,0.5,0.0
0.0,0.5,0.0
0.0,0.5,0.0
0.0,0.5,0.0
0.0,0.5,0.0
0.0,0.5,0.0
0.0,0.5,0.0
0.0,0.5,0.0
0.0,0.5,0.0
0.0,0.5,0.0
0.0,0.5,0.0
0.0,0.5,0.0
0.0,0.5,0.0
0.0,0.5,0.0
0.0,0.5,0.0
0.0,0.5,0.0
0.0,0.5,0.0
0.0,0.5,0.0
0.0,0.5,0.0
0.0,0.5,0.0
0.0,0.5,0.0
0.0,0.5,0.0
0.0,0.5,0.0
0.0,0.5,0.0
0.0,0.5,0.0
0.0,0.5,0.0
0.0,0.5,0.0
0.0,0.5,0.0
0.0,0.5,0.0
0.0,0.5,0.0
0.0,0.5,0.0
0.0,0.5,0.0
0.0,0.5,0.0
0.0,0.5,0.0
0.0,0.5,0.0
0.0,0.5,0.0
0.0,0.5,0.0
0.0,0.5,0.0
0.0,0.5,0.0
0.0,0.5,0.0
0.0,0.5,0.0
0.0,0.5,0.0
0.0,0.5,0.0
0.0,0.5,0.0
0.0,0.5,0.0
0.0,0.5,0.0
0.0,0.5,0.0
0.0,0.5,0.0
0.0,0.5,0.0
0.0,0.5,0.0
0.0,0.5,0.0
0.0,0.5,0.0
0.0,0.5,0.0
0.0,0.5,0.0
0.0,0.5,0.0
0.0,0.5,0.0
0.0,0.5,0.0
0.0,0.5,0.0
0.0,0.5,0.0
0.0,0.5,0.0
0.0,0.5,0.0
0.0,0.5,0.0
0.0,0.5,0.0
0.0,0.5,0.0
0.0,0.5,0.0
0.0,0.5,0.0
0.0,0.5,0.0
0.0,0.5,0.0
0.0,0.5,0.0
0.0,0.5,0.0
0.0,0.5,0.0
0.0,0.5,0.0
0.0,0.5,0.0
0.0,0.5,0.0
0.0,0.5,0.0
0.0,0.5,0.0
0.0,0.5,0.0
0.0,0.5,0.0
0.0,0.5,0.0
0.0,0.5,0.0
0.0,0.5,0.0
0.0,0.5,0.0
0.0,0.5,0.0
0.0,0.5,0.0
0.0,0.5,0.0
0.0,0.5,0.0
0.0,0.5,0.0
0.0,0.5,0.0
0.0,0.5,0.0
0.0,0.5,0.0
0.0,0.5,0.0
0.0,0.5,0.0
0.0,0.5,0.0
0.0,0.5,0.0
0.0,0.5,0.0
0.0,0.5,0.0
0.0,0.5,0.0
0.0,0.5,0.0
0.0,0.5,0.0
0.0,0.5,0.0
0.0,0.5,0.0
0.0,0.5,0.0
0.0,0.5,0.0
0.0,0.5,0.0
0.0,0.5,0.0
0.0,0.5,0.0
0.0,0.5,0.0
0.0,0.5,0.0
0.0,0.5,0.0
0.0,0.5,0.0
0.0,0.5,0.0
0.0,0.5,0.0
0.0,0.5,0.0
0.0,0.5,0.0
0.0,0.5,0.0
0.0,0.5,0.0
0.0,0.5,0.0
0.0,0.5,0.0
0.0,0.5,0.0
0.0,0.5,0.0
0.0,0.5,0.0
0.0,0.5,0.0
0.0,0.5,0.0
0.0,0.5,0.0
0.0,0.5,0.0
0.0,0.5,0.0
0.0,0.5,0.0
0.0,0.5,0.0
0.0,0.5,0.0
0.0,0.5,0.0
0.0,0.5,0.0
0.0,0.5,0.0
0.0,0.5,0.0
0.0,0.5,0.0
0.0,0.5,0.0
0.0,0.5,0.0
0.0,0.5,0.0
0.0,0.5,0.0
0.0,0.5,0.0
0.0,0.5,0.0
0.0,0.5,0.0
0.0,0.5,0.0
0.0,0.5,0.0
0.0,0.5,0.0
0.0,0.5,0.0
0.0,0.5,0.0
0.0,0.5,0.0
0.0,0.5,0.0
0.0,0.5,0.0
0.0,0.5,0.0
0.0,0.5,0.0
0.0,0.5,0.0
0.0,0.5,0.0
0.0,0.5,0.0
0.0,0.5,0.0
0.0,0.5,0.0
0.0,0.5,0.0
0.0,0.5,0.0
0.0,0.5,0.0
0.0,0.5,0.0
0.0,0.5,0.0
0.0,0.5,0.0
0.0,0.5,0.0
0.0,0.5,0.0
0.0,0.5,0.0
0.0,0.5,0.0
0.0,0.5,0.0
0.0,0.5,0.0
0.0,0.5,0.0
0.0,0.5,0.0
0.0,0.5,0.0
0.0,0.5,0.0
0.0,0.5,0.0
0.0,0.5,0.0
0.0,0.5,0.0
0.0,0.5,0.0
0.0,0.5,0.0
0.0,0.5,0.0
0.0,0.5,0.0
0.0,0.5,0.0
0.0,0.5,0.0
0.0,0.5,0.0
0.0,0.5,0.0
0.0,0.5,0.0
0.0,0.5,0.0
0.0,0.5,0.0
0.0,0.5,0.0
0.0,0.5,0.0
0.0,0.5,0.0
0.0,0.5,0.0
0.0,0.5,0.0
0.0,0.5,0.0
0.0,0.5,0.0
0.0,0.5,0.0
0.0,0.5,0.0
0.0,0.5,0.0
0.0,0.5,0.0
0.0,0.5,0.0
0.0,0.5,0.0
0.0,0.5,0.0
0.0,0.5,0.0
0.0,0.5,0.0
0.0,0.5,0.0
0.0,0.5,0.0
0.0,0.5,0.0
0.0,0.5,0.0
0.0,0.5,0.0
0.0,0.5,0.0
0.0,0.5,0.0
0.0,0.5,0.0
0.0,0.5,0.0
0.0,0.5,0.0
0.0,0.5,0.0
0.0,0.5,0.0
0.0,0.5,0.0
0.0,0.5,0.0
0.0,0.5,0.0
0.0,0.5,0.0
0.0,0.5,0.0
0.0,0.5,0.0
0.0,0.5,0.0
0.0,0.5,0.0
0.0,0.5,0.0
0.0,0.5,0.0
0.0,0.5,0.0
0.0,0.5,0.0
0.0,0.5,0.0
0.0,0.5,0.0
0.0,0.5,0.0
0.0,0.5,0.0
0.0,0.5,0.0
0.0,0.5,0.0
0.0,0.5,0.0
0.0,0.5,0.0
0.0,0.5,0.0
0.0,0.5,0.0
0.0,0.5,0.0
0.0,0.5,0.0
0.0,0.5,0.0
0.0,0.5,0.0
0.0,0.5,0.0
0.0,0.5,0.0
0.0,0.5,0.0
0.0,0.5,0.0
0.0,0.5,0.0
0.0,0.5,0.0
0.0,0.5,0.0
0.0,0.5,0.0
0.0,0.5,0.0
0.0,0.5,0.0
0.0,0.5,0.0
0.0,0.5,0.0
0.0,0.5,0.0
0.0,0.5,0.0
0.0,0.5,0.0
0.0,0.5,0.0
0.0,0.5,0.0
0.0,0.5,0.0
0.0,0.5,0.0
0.0,0.5,0.0
0.0,0.5,0.0
0.0,0.5,0.0
0.0,0.5,0.0
0.0,0.5,0.0
0.0,0.5,0.0
0.0,0.5,0.0
0.0,0.5,0.0
0.0,0.5,0.0
0.0,0.5,0.0
0.0,0.5,0.0
0.0,0.5,0.0
0.0,0.5,0.0
0.0,0.5,0.0
0.0,0.5,0.0
0.0,0.5,0.0
0.0,0.5,0.0
0.0,0.5,0.0
0.0,0.5,0.0
0.0,0.5,0.0
0.0,0.5,0.0
0.0,0.5,0.0
0.0,0.5,0.0
0.0,0.5,0.0
0.0,0.5,0.0
0.0,0.5,0.0
0.0,0.5,0.0
0.0,0.5,0.0
0.0,0.5,0.0
0.0,0.5,0.0
0.0,0.5,0.0
0.0,0.5,0.0
0.0,0.5,0.0
0.0,0.5,0.0
0.0,0.5,0.0
0.0,0.5,0.0
0.0,0.5,0.0
0.0,0.5,0.0
0.0,0.5,0.0
0.0,0.5,0.0
0.0,0.5,0.0
0.0,0.5,0.0
0.0,0.5,0.0
0.0,0.5,0.0
0.0,0.5,0.0
0.0,0.5,0.0
0.0,0.5,0.0
0.0,0.5,0.0
0.0,0.5,0.0
0.0,0.5,0.0
0.0,0.5,0.0
0.0,0.5,0.0
0.0,0.5,0.0
0.0,0.5,0.0
0.0,0.5,0.0
0.0,0.5,0.0
0.0,0.5,0.0
0.0,0.5,0.0
0.0,0.5,0.0
0.0,0.5,0.0
0.0,0.5,0.0
0.0,0.5,0.0
0.0,0.5,0.0
0.0,0.5,0.0
0.0,0.5,0.0
0.0,0.5,0.0
0.0,0.5,0.0
0.0,0.5,0.0
0.0,0.5,0.0
0.0,0.5,0.0
0.0,0.5,0.0
0.0,0.5,0.0
0.0,0.5,0.0
0.0,0.5,0.0
0.0,0.5,0.0
0.0,0.5,0.0
0.0,0.5,0.0
0.0,0.5,0.0
0.0,0.5,0.0
0.0,0.5,0.0
0.0,0.5,0.0
0.0,0.5,0.0
0.0,0.5,0.0
0.0,0.5,0.0
0.0,0.5,0.0
0.0,0.5,0.0
0.0,0.5,0.0
0.0,0.5,0.0
0.0,0.5,0.0
0.0,0.5,0.0
0.0,0.5,0.0
0.0,0.5,0.0
0.0,0.5,0.0
0.0,0.5,0.0
0.0,0.5,0.0
0.0,0.5,0.0
0.0,0.5,0.0
0.0,0.5,0.0
0.0,0.5,0.0
0.0,0.5,0.0
0.0,0.5,0.0
0.0,0.5,0.0
0.0,0.5,0.0
0.0,0.5,0.0
0.0,0.5,0.0
0.0,0.5,0.0
0.0,0.5,0.0
0.0,0.5,0.0
0.0,0.5,0.0
0.0,0.5,0.0
0.0,0.5,0.0
0.0,0.5,0.0
0.0,0.5,0.0
0.0,0.5,0.0
0.0,0.5,0.0
0.0,0.5,0.0
0.0,0.5,0.0
0.0,0.5,0.0
0.0,0.5,0.0
0.0,0.5,0.0
0.0,0.5,0.0
0.0,0.5,0.0
0.0,0.5,0.0
0.0,0.5,0.0
0.0,0.5,0.0
0.0,0.5,0.0
0.0,0.5,0.0
0.0,0.5,0.0
0.0,0.5,0.0
0.0,0.5,0.0
0.0,0.5,0.0
0.0,0.5,0.0
0.0,0.5,0.0
0.0,0.5,0.0
0.0,0.5,0.0
0.0,0.5,0.0
0.0,0.5,0.0
0.0,0.5,0.0
0.0,0.5,0.0
0.0,0.5,0.0
0.0,0.5,0.0
0.0,0.5,0.0
0.0,0.5,0.0
0.0,0.5,0.0
0.0,0.5,0.0
0.0,0.5,0.0
0.0,0.5,0.0
0.0,0.5,0.0
0.0,0.5,0.0
0.0,0.5,0.0
0.0,0.5,0.0
0.0,0.5,0.0
0.0,0.5,0.0
0.0,0.5,0.0
0.0,0.5,0.0
0.0,0.5,0.0
0.0,0.5,0.0
0.0,0.5,0.0
0.0,0.5,0.0
0.0,0.5,0.0
0.0,0.5,0.0
0.0,0.5,0.0
0.0,0.5,0.0
0.0,0.5,0.0
0.0,0.5,0.0
0.0,0.5,0.0
0.0,0.5,0.0
0.0,0.5,0.0
0.0,0.5,0.0
0.0,0.5,0.0
0.0,0.5,0.0
0.0,0.5,0.0
0.0,0.5,0.0
0.0,0.5,0.0
0.0,0.5,0.0
0.0,0.5,0.0
0.0,0.5,0.0
0.0,0.5,0.0
0.0,0.5,0.0
0.0,0.5,0.0
0.0,0.5,0.0
0.0,0.5,0.0
0.0,0.5,0.0
0.0,0.5,0.0
0.0,0.5,0.0
0.0,0.5,0.0
0.0,0.5,0.0
0.0,0.5,0.0
0.0,0.5,0.0
0.0,0.5,0.0
0.0,0.5,0.0
0.0,0.5,0.0
0.0,0.5,0.0
0.0,0.5,0.0
0.0,0.5,0.0
0.0,0.5,0.0
0.0,0.5,0.0
0.0,0.5,0.0
0.0,0.5,0.0
0.0,0.5,0.0
0.0,0.5,0.0
0.0,0.5,0.0
0.0,0.5,0.0
0.0,0.5,0.0
0.0,0.5,0.0
0.0,0.5,0.0
0.0,0.5,0.0
0.0,0.5,0.0
0.0,0.5,0.0
0.0,0.5,0.0
0.0,0.5,0.0
0.0,0.5,0.0
0.0,0.5,0.0
0.0,0.5,0.0
0.0,0.5,0.0
0.0,0.5,0.0
0.0,0.5,0.0
0.0,0.5,0.0
0.0,0.5,0.0
0.0,0.5,0.0
0.0,0.5,0.0
0.0,0.5,0.0
0.0,0.5,0.0
0.0,0.5,0.0
0.0,0.5,0.0
0.0,0.5,0.0
0.0,0.5,0.0
0.0,0.5,0.0
0.0,0.5,0.0
0.0,0.5,0.0
0.0,0.5,0.0
0.0,0.5,0.0
0.0,0.5,0.0
0.0,0.5,0.0
0.0,0.5,0.0
0.0,0.5,0.0
0.0,0.5,0.0
0.0,0.5,0.0
0.0,0.5,0.0
0.0,0.5,0.0
0.0,0.5,0.0
0.0,0.5,0.0
0.0,0.5,0.0
0.0,0.5,0.0
0.0,0.5,0.0
0.0,0.5,0.0
0.0,0.5,0.0
0.0,0.5,0.0
0.0,0.5,0.0
0.0,0.5,0.0
0.0,0.5,0.0
0.0,0.5,0.0
0.0,0.5,0.0
0.0,0.5,0.0
0.0,0.5,0.0
0.0,0.5,0.0
0.0,0.5,0.0
0.0,0.5,0.0
0.0,0.5,0.0
0.0,0.5,0.0
0.0,0.5,0.0
0.0,0.5,0.0
0.0,0.5,0.0
0.0,0.5,0.0
0.0,0.5,0.0
0.0,0.5,0.0
0.0,0.5,0.0
0.0,0.5,0.0
0.0,0.5,0.0
0.0,0.5,0.0
0.0,0.5,0.0
0.0,0.5,0.0
0.0,0.5,0.0
0.0,0.5,0.0
0.0,0.5,0.0
0.0,0.5,0.0
0.0,0.5,0.0
0.0,0.5,0.0
0.0,0.5,0.0
0.0,0.5,0.0
0.0,0.5,0.0
0.0,0.5,0.0
0.0,0.5,0.0
0.0,0.5,0.0
0.0,0.5,0.0
0.0,0.5,0.0
0.0,0.5,0.0
0.0,0.5,0.0
0.0,0.5,0.0
0.0,0.5,0.0
0.0,0.5,0.0
0.0,0.5,0.0
0.0,0.5,0.0
0.0,0.5,0.0
0.0,0.5,0.0
0.0,0.5,0.0
0.0,0.5,0.0
0.0,0.5,0.0
0.0,0.5,0.0
0.0,0.5,0.0
0.0,0.5,0.0
0.0,0.5,0.0
0.0,0.5,0.0
0.0,0.5,0.0
0.0,0.5,0.0
0.0,0.5,0.0
0.0,0.5,0.0
0.0,0.5,0.0
0.0,0.5,0.0
0.0,0.5,0.0
0.0,0.5,0.0
0.0,0.5,0.0
0.0,0.5,0.0
0.0,0.5,0.0
0.0,0.5,0.0
0.0,0.5,0.0
0.0,0.5,0.0
0.0,0.5,0.0
0.0,0.5,0.0
0.0,0.5,0.0
0.0,0.5,0.0
0.0,0.5,0.0
0.0,0.5,0.0
0.0,0.5,0.0
0.0,0.5,0.0
0.0,0.5,0.0
0.0,0.5,0.0
0.0,0.5,0.0
0.0,0.5,0.0
0.0,0.5,0.0
0.0,0.5,0.0
0.0,0.5,0.0
0.0,0.5,0.0
0.0,0.5,0.0
0.0,0.5,0.0
0.0,0.5,0.0
0.0,0.5,0.0
0.0,0.5,0.0
0.0,0.5,0.0
0.0,0.5,0.0
0.0,0.5,0.0
0.0,0.5,0.0
0.0,0.5,0.0
0.0,0.5,0.0
0.0,0.5,0.0
0.0,0.5,0.0
0.0,0.5,0.0
0.0,0.5,0.0
0.0,0.5,0.0
0.0,0.5,0.0
0.0,0.5,0.0
0.0,0.5,0.0
0.0,0.5,0.0
0.0,0.5,0.0
0.0,0.5,0.0
0.0,0.5,0.0
0.0,0.5,0.0
0.0,0.5,0.0
0.0,0.5,0.0
0.0,0.5,0.0
0.0,0.5,0.0
0.0,0.5,0.0
0.0,0.5,0.0
0.0,0.5,0.0
0.0,0.5,0.0
0.0,0.5,0.0
0.0,0.5,0.0
0.0,0.5,0.0
0.0,0.5,0.0
0.0,0.5,0.0
0.0,0.5,0.0
0.0,0.5,0.0
0.0,0.5,0.0
0.0,0.5,0.0
0.0,0.5,0.0
0.0,0.5,0.0
0.0,0.5,0.0
0.0,0.5,0.0
0.0,0.5,0.0
0.0,0.5,0.0
0.0,0.5,0.0
0.0,0.5,0.0
0.0,0.5,0.0
0.0,0.5,0.0
0.0,0.5,0.0
0.0,0.5,0.0
0.0,0.5,0.0
0.0,0.5,0.0
0.0,0.5,0.0
0.0,0.5,0.0
0.0,0.5,0.0
0.0,0.5,0.0
0.0,0.5,0.0
0.0,0.5,0.0
0.0,0.5,0.0
0.0,0.5,0.0
0.0,0.5,0.0
0.0,0.5,0.0
0.0,0.5,0.0
0.0,0.5,0.0
0.0,0.5,0.0
0.0,0.5,0.0
0.0,0.5,0.0
0.0,0.5,0.0
0.0,0.5,0.0
